[18May2025 00:28:30.560] [main/INFO] [cpw.mods.modlauncher.Launcher/MODLAUNCHER]: ModLauncher running: args [--launchTarget, forgeserver, --fml.forgeVersion, 47.3.7, --fml.mcVersion, 1.20.1, --fml.forgeGroup, net.minecraftforge, --fml.mcpVersion, 20230612.114412, nogui]
[18May2025 00:28:30.571] [main/INFO] [cpw.mods.modlauncher.Launcher/MODLAUNCHER]: ModLauncher 10.0.9+10.0.9+main.dcd20f30 starting: java version 17.0.15 by Ubuntu; OS Linux arch amd64 version 6.8.0-1027-azure
[18May2025 00:28:30.606] [main/DEBUG] [cpw.mods.modlauncher.LaunchServiceHandler/MODLAUNCHER]: Found launch services [fmlclientdev,forgeclient,minecraft,forgegametestserverdev,fmlserveruserdev,fmlclient,fmldatauserdev,forgeserverdev,forgeserveruserdev,forgeclientdev,forgeclientuserdev,forgeserver,forgedatadev,fmlserver,fmlclientuserdev,fmlserverdev,forgedatauserdev,testharness,forgegametestserveruserdev]
[18May2025 00:28:30.620] [main/DEBUG] [cpw.mods.modlauncher.NameMappingServiceHandler/MODLAUNCHER]: Found naming services : [srgtomcp]
[18May2025 00:28:30.636] [main/DEBUG] [cpw.mods.modlauncher.LaunchPluginHandler/MODLAUNCHER]: Found launch plugins: [mixin,eventbus,slf4jfixer,object_holder_definalize,runtime_enum_extender,capability_token_subclass,accesstransformer,runtimedistcleaner]
[18May2025 00:28:30.648] [main/DEBUG] [cpw.mods.modlauncher.TransformationServicesHandler/MODLAUNCHER]: Discovering transformation services
[18May2025 00:28:30.661] [main/DEBUG] [net.minecraftforge.fml.loading.FMLPaths/CORE]: Path GAMEDIR is /workspaces/mineserver/servidor_minecraft
[18May2025 00:28:30.665] [main/DEBUG] [net.minecraftforge.fml.loading.FMLPaths/CORE]: Path MODSDIR is /workspaces/mineserver/servidor_minecraft/mods
[18May2025 00:28:30.665] [main/DEBUG] [net.minecraftforge.fml.loading.FMLPaths/CORE]: Path CONFIGDIR is /workspaces/mineserver/servidor_minecraft/config
[18May2025 00:28:30.666] [main/DEBUG] [net.minecraftforge.fml.loading.FMLPaths/CORE]: Path FMLCONFIG is /workspaces/mineserver/servidor_minecraft/config/fml.toml
[18May2025 00:28:30.725] [main/WARN] [net.minecraftforge.fml.loading.FMLConfig/CORE]: Configuration file /workspaces/mineserver/servidor_minecraft/config/fml.toml is not correct. Correcting
[18May2025 00:28:30.727] [main/INFO] [net.minecraftforge.fml.loading.FMLConfig/CORE]: Incorrect key [earlyWindowSkipGLVersions] was corrected from null to []
[18May2025 00:28:30.729] [main/INFO] [net.minecraftforge.fml.loading.FMLConfig/CORE]: Incorrect key [earlyWindowLogHelpMessage] was corrected from null to true
[18May2025 00:28:30.730] [main/INFO] [net.minecraftforge.fml.loading.FMLConfig/CORE]: Incorrect key [earlyWindowSquir] was corrected from null to false
[18May2025 00:28:30.730] [main/INFO] [net.minecraftforge.fml.loading.FMLConfig/CORE]: Incorrect key [earlyWindowShowCPU] was corrected from null to false
[18May2025 00:28:30.975] [main/DEBUG] [cpw.mods.modlauncher.TransformationServicesHandler/MODLAUNCHER]: Found additional transformation services from discovery services: 
[18May2025 00:28:30.982] [main/INFO] [net.minecraftforge.fml.loading.ImmediateWindowHandler/]: ImmediateWindowProvider not loading because launch target is forgeserver
[18May2025 00:28:30.996] [main/DEBUG] [cpw.mods.modlauncher.TransformationServicesHandler/MODLAUNCHER]: Found transformer services : [mixin,fml]
[18May2025 00:28:30.997] [main/DEBUG] [cpw.mods.modlauncher.TransformationServicesHandler/MODLAUNCHER]: Transformation services loading
[18May2025 00:28:30.997] [main/DEBUG] [cpw.mods.modlauncher.TransformationServiceDecorator/MODLAUNCHER]: Loading service mixin
[18May2025 00:28:30.998] [main/DEBUG] [cpw.mods.modlauncher.TransformationServiceDecorator/MODLAUNCHER]: Loaded service mixin
[18May2025 00:28:30.998] [main/DEBUG] [cpw.mods.modlauncher.TransformationServiceDecorator/MODLAUNCHER]: Loading service fml
[18May2025 00:28:30.999] [main/DEBUG] [net.minecraftforge.fml.loading.LauncherVersion/CORE]: Found FMLLauncher version 1.0
[18May2025 00:28:31.000] [main/DEBUG] [net.minecraftforge.fml.loading.FMLLoader/CORE]: FML 1.0 loading
[18May2025 00:28:31.000] [main/DEBUG] [net.minecraftforge.fml.loading.FMLLoader/CORE]: FML found ModLauncher version : 10.0.9+10.0.9+main.dcd20f30
[18May2025 00:28:31.001] [main/DEBUG] [net.minecraftforge.fml.loading.FMLLoader/CORE]: FML found AccessTransformer version : 8.0.4+66+master.c09db6d7
[18May2025 00:28:31.001] [main/DEBUG] [net.minecraftforge.fml.loading.FMLLoader/CORE]: FML found EventBus version : 6.0.5+6.0.5+master.eb8e549b
[18May2025 00:28:31.001] [main/DEBUG] [net.minecraftforge.fml.loading.FMLLoader/CORE]: Found Runtime Dist Cleaner
[18May2025 00:28:31.003] [main/DEBUG] [net.minecraftforge.fml.loading.FMLLoader/CORE]: FML found CoreMod version : 5.1.6
[18May2025 00:28:31.003] [main/DEBUG] [net.minecraftforge.fml.loading.FMLLoader/CORE]: Found ForgeSPI package implementation version 7.0.1+7.0.1+master.d2b38bf6
[18May2025 00:28:31.004] [main/DEBUG] [net.minecraftforge.fml.loading.FMLLoader/CORE]: Found ForgeSPI package specification 5
[18May2025 00:28:31.004] [main/DEBUG] [cpw.mods.modlauncher.TransformationServiceDecorator/MODLAUNCHER]: Loaded service fml
[18May2025 00:28:31.005] [main/DEBUG] [cpw.mods.modlauncher.TransformationServicesHandler/MODLAUNCHER]: Configuring option handling for services
[18May2025 00:28:31.014] [main/DEBUG] [cpw.mods.modlauncher.TransformationServicesHandler/MODLAUNCHER]: Transformation services initializing
[18May2025 00:28:31.015] [main/DEBUG] [cpw.mods.modlauncher.TransformationServiceDecorator/MODLAUNCHER]: Initializing transformation service mixin
[18May2025 00:28:31.028] [main/DEBUG] [mixin/]: MixinService [ModLauncher] was successfully booted in cpw.mods.cl.ModuleClassLoader@1e7c7811
[18May2025 00:28:31.042] [main/INFO] [mixin/]: SpongePowered MIXIN Subsystem Version=0.8.5 Source=union:/workspaces/mineserver/servidor_minecraft/libraries/org/spongepowered/mixin/0.8.5/mixin-0.8.5.jar%2365!/ Service=ModLauncher Env=SERVER
[18May2025 00:28:31.046] [main/DEBUG] [mixin/]: Initialising Mixin Platform Manager
[18May2025 00:28:31.046] [main/DEBUG] [mixin/]: Adding mixin platform agents for container ModLauncher Root Container(ModLauncher:4f56a0a2)
[18May2025 00:28:31.047] [main/DEBUG] [mixin/]: Instancing new MixinPlatformAgentMinecraftForge for ModLauncher Root Container(ModLauncher:4f56a0a2)
[18May2025 00:28:31.047] [main/DEBUG] [mixin/]: MixinPlatformAgentMinecraftForge rejected container ModLauncher Root Container(ModLauncher:4f56a0a2)
[18May2025 00:28:31.048] [main/DEBUG] [mixin/]: Instancing new MixinPlatformAgentDefault for ModLauncher Root Container(ModLauncher:4f56a0a2)
[18May2025 00:28:31.048] [main/DEBUG] [mixin/]: MixinPlatformAgentDefault accepted container ModLauncher Root Container(ModLauncher:4f56a0a2)
[18May2025 00:28:31.052] [main/DEBUG] [cpw.mods.modlauncher.TransformationServiceDecorator/MODLAUNCHER]: Initialized transformation service mixin
[18May2025 00:28:31.053] [main/DEBUG] [cpw.mods.modlauncher.TransformationServiceDecorator/MODLAUNCHER]: Initializing transformation service fml
[18May2025 00:28:31.054] [main/DEBUG] [net.minecraftforge.fml.loading.FMLServiceProvider/CORE]: Setting up basic FML game directories
[18May2025 00:28:31.054] [main/DEBUG] [net.minecraftforge.fml.loading.FMLPaths/CORE]: Path GAMEDIR is /workspaces/mineserver/servidor_minecraft
[18May2025 00:28:31.055] [main/DEBUG] [net.minecraftforge.fml.loading.FMLPaths/CORE]: Path MODSDIR is /workspaces/mineserver/servidor_minecraft/mods
[18May2025 00:28:31.055] [main/DEBUG] [net.minecraftforge.fml.loading.FMLPaths/CORE]: Path CONFIGDIR is /workspaces/mineserver/servidor_minecraft/config
[18May2025 00:28:31.056] [main/DEBUG] [net.minecraftforge.fml.loading.FMLPaths/CORE]: Path FMLCONFIG is /workspaces/mineserver/servidor_minecraft/config/fml.toml
[18May2025 00:28:31.057] [main/DEBUG] [net.minecraftforge.fml.loading.FMLServiceProvider/CORE]: Loading configuration
[18May2025 00:28:31.060] [main/DEBUG] [net.minecraftforge.fml.loading.FMLServiceProvider/CORE]: Preparing ModFile
[18May2025 00:28:31.063] [main/DEBUG] [net.minecraftforge.fml.loading.FMLServiceProvider/CORE]: Preparing launch handler
[18May2025 00:28:31.064] [main/DEBUG] [net.minecraftforge.fml.loading.FMLLoader/CORE]: Using forgeserver as launch service
[18May2025 00:28:31.083] [main/DEBUG] [net.minecraftforge.fml.loading.FMLLoader/CORE]: Received command line version data  : VersionInfo[forgeVersion=47.3.7, mcVersion=1.20.1, mcpVersion=20230612.114412, forgeGroup=net.minecraftforge]
[18May2025 00:28:31.085] [main/DEBUG] [cpw.mods.modlauncher.TransformationServiceDecorator/MODLAUNCHER]: Initialized transformation service fml
[18May2025 00:28:31.085] [main/DEBUG] [cpw.mods.modlauncher.NameMappingServiceHandler/MODLAUNCHER]: Current naming domain is 'srg'
[18May2025 00:28:31.086] [main/DEBUG] [cpw.mods.modlauncher.NameMappingServiceHandler/MODLAUNCHER]: Identified name mapping providers {}
[18May2025 00:28:31.087] [main/DEBUG] [cpw.mods.modlauncher.TransformationServicesHandler/MODLAUNCHER]: Transformation services begin scanning
[18May2025 00:28:31.088] [main/DEBUG] [cpw.mods.modlauncher.TransformationServiceDecorator/MODLAUNCHER]: Beginning scan trigger - transformation service mixin
[18May2025 00:28:31.088] [main/DEBUG] [cpw.mods.modlauncher.TransformationServiceDecorator/MODLAUNCHER]: End scan trigger - transformation service mixin
[18May2025 00:28:31.088] [main/DEBUG] [cpw.mods.modlauncher.TransformationServiceDecorator/MODLAUNCHER]: Beginning scan trigger - transformation service fml
[18May2025 00:28:31.089] [main/DEBUG] [net.minecraftforge.fml.loading.FMLServiceProvider/CORE]: Initiating mod scan
[18May2025 00:28:31.103] [main/DEBUG] [net.minecraftforge.fml.loading.moddiscovery.ModListHandler/CORE]: Found mod coordinates from lists: []
[18May2025 00:28:31.108] [main/DEBUG] [net.minecraftforge.fml.loading.moddiscovery.ModDiscoverer/CORE]: Found Mod Locators : (mods folder:null),(maven libs:null),(exploded directory:null),(minecraft:null),(userdev classpath:null)
[18May2025 00:28:31.109] [main/DEBUG] [net.minecraftforge.fml.loading.moddiscovery.ModDiscoverer/CORE]: Found Dependency Locators : (JarInJar:null)
[18May2025 00:28:31.123] [main/DEBUG] [net.minecraftforge.fml.loading.moddiscovery.ModFileParser/LOADING]: Considering mod file candidate /workspaces/mineserver/servidor_minecraft/mods/alexscaves-2.0.2.jar
[18May2025 00:28:31.176] [main/DEBUG] [net.minecraftforge.fml.loading.moddiscovery.ModFileInfo/LOADING]: Found valid mod file alexscaves-2.0.2.jar with {alexscaves} mods - versions {2.0.2}
[18May2025 00:28:31.178] [main/DEBUG] [net.minecraftforge.fml.loading.moddiscovery.ModFileParser/LOADING]: Considering mod file candidate /workspaces/mineserver/servidor_minecraft/mods/Anomaly-1.1.5-FullShaderSupport.jar
[18May2025 00:28:31.180] [main/DEBUG] [net.minecraftforge.fml.loading.moddiscovery.ModFileInfo/LOADING]: Found valid mod file Anomaly-1.1.5-FullShaderSupport.jar with {the_anomaly} mods - versions {1.1.5}
[18May2025 00:28:31.182] [main/DEBUG] [net.minecraftforge.fml.loading.moddiscovery.ModFileParser/LOADING]: Considering mod file candidate /workspaces/mineserver/servidor_minecraft/mods/befall-1.6.0-forge-1.20.1.jar
[18May2025 00:28:31.184] [main/DEBUG] [net.minecraftforge.fml.loading.moddiscovery.ModFileInfo/LOADING]: Found valid mod file befall-1.6.0-forge-1.20.1.jar with {befalltwo} mods - versions {1.0.0}
[18May2025 00:28:31.185] [main/DEBUG] [net.minecraftforge.fml.loading.moddiscovery.ModFileParser/LOADING]: Considering mod file candidate /workspaces/mineserver/servidor_minecraft/mods/cave_dweller-1.20.1-1.6.4.jar
[18May2025 00:28:31.186] [main/DEBUG] [net.minecraftforge.fml.loading.moddiscovery.ModFileInfo/LOADING]: Found valid mod file cave_dweller-1.20.1-1.6.4.jar with {cave_dweller} mods - versions {1.6.4}
[18May2025 00:28:31.189] [main/DEBUG] [net.minecraftforge.fml.loading.moddiscovery.ModFileParser/LOADING]: Considering mod file candidate /workspaces/mineserver/servidor_minecraft/mods/citadel-2.6.1-1.20.1.jar
[18May2025 00:28:31.190] [main/DEBUG] [net.minecraftforge.fml.loading.moddiscovery.ModFileInfo/LOADING]: Found valid mod file citadel-2.6.1-1.20.1.jar with {citadel} mods - versions {2.6.1}
[18May2025 00:28:31.191] [main/DEBUG] [net.minecraftforge.fml.loading.moddiscovery.ModFileParser/LOADING]: Considering mod file candidate /workspaces/mineserver/servidor_minecraft/mods/doctor_nowhere-2.4.0-forge-1.20.1.jar
[18May2025 00:28:31.193] [main/DEBUG] [net.minecraftforge.fml.loading.moddiscovery.ModFileInfo/LOADING]: Found valid mod file doctor_nowhere-2.4.0-forge-1.20.1.jar with {doctor_nowhere} mods - versions {2.4.0}
[18May2025 00:28:31.196] [main/DEBUG] [net.minecraftforge.fml.loading.moddiscovery.ModFileParser/LOADING]: Considering mod file candidate /workspaces/mineserver/servidor_minecraft/mods/Doppelganger_V7_forge_1.20.1.jar
[18May2025 00:28:31.197] [main/DEBUG] [net.minecraftforge.fml.loading.moddiscovery.ModFileInfo/LOADING]: Found valid mod file Doppelganger_V7_forge_1.20.1.jar with {doppelgangermod} mods - versions {7.0}
[18May2025 00:28:31.199] [main/DEBUG] [net.minecraftforge.fml.loading.moddiscovery.ModFileParser/LOADING]: Considering mod file candidate /workspaces/mineserver/servidor_minecraft/mods/From-The-Fog-1.20-v1.9.2-Forge-Fabric.jar
[18May2025 00:28:31.201] [main/DEBUG] [net.minecraftforge.fml.loading.moddiscovery.ModFileInfo/LOADING]: Found valid mod file From-The-Fog-1.20-v1.9.2-Forge-Fabric.jar with {watching} mods - versions {1.9.2}
[18May2025 00:28:31.203] [main/DEBUG] [net.minecraftforge.fml.loading.moddiscovery.ModFileParser/LOADING]: Considering mod file candidate /workspaces/mineserver/servidor_minecraft/mods/geckolib-forge-1.20.1-4.7.1.2.jar
[18May2025 00:28:31.204] [main/DEBUG] [net.minecraftforge.fml.loading.moddiscovery.ModFileInfo/LOADING]: Found valid mod file geckolib-forge-1.20.1-4.7.1.2.jar with {geckolib} mods - versions {4.7.1.2}
[18May2025 00:28:31.206] [main/DEBUG] [net.minecraftforge.fml.loading.moddiscovery.ModFileParser/LOADING]: Considering mod file candidate /workspaces/mineserver/servidor_minecraft/mods/goat_man-1.20.1-2.8.jar
[18May2025 00:28:31.207] [main/DEBUG] [net.minecraftforge.fml.loading.moddiscovery.ModFileInfo/LOADING]: Found valid mod file goat_man-1.20.1-2.8.jar with {goat_man} mods - versions {2.8}
[18May2025 00:28:31.209] [main/DEBUG] [net.minecraftforge.fml.loading.moddiscovery.ModFileParser/LOADING]: Considering mod file candidate /workspaces/mineserver/servidor_minecraft/mods/MineZero-1.0.7.jar
[18May2025 00:28:31.211] [main/DEBUG] [net.minecraftforge.fml.loading.moddiscovery.ModFileInfo/LOADING]: Found valid mod file MineZero-1.0.7.jar with {minezero} mods - versions {1.0.7}
[18May2025 00:28:31.217] [main/DEBUG] [net.minecraftforge.fml.loading.moddiscovery.ModFileParser/LOADING]: Considering mod file candidate /workspaces/mineserver/servidor_minecraft/mods/tacz-1.20.1-1.1.5-all.jar
[18May2025 00:28:31.220] [main/DEBUG] [net.minecraftforge.fml.loading.moddiscovery.ModFileInfo/LOADING]: Found valid mod file tacz-1.20.1-1.1.5-all.jar with {tacz} mods - versions {1.1.5}
[18May2025 00:28:31.222] [main/DEBUG] [net.minecraftforge.fml.loading.moddiscovery.ModFileParser/LOADING]: Considering mod file candidate /workspaces/mineserver/servidor_minecraft/mods/the_aberration-1.2.0-forge-1.20.1.jar
[18May2025 00:28:31.224] [main/DEBUG] [net.minecraftforge.fml.loading.moddiscovery.ModFileInfo/LOADING]: Found valid mod file the_aberration-1.2.0-forge-1.20.1.jar with {the_aberration} mods - versions {1.2.0}
[18May2025 00:28:31.225] [main/DEBUG] [net.minecraftforge.fml.loading.moddiscovery.ModFileParser/LOADING]: Considering mod file candidate /workspaces/mineserver/servidor_minecraft/mods/the_boiled_one-2.1.0-forge-1.20.1.jar
[18May2025 00:28:31.227] [main/DEBUG] [net.minecraftforge.fml.loading.moddiscovery.ModFileInfo/LOADING]: Found valid mod file the_boiled_one-2.1.0-forge-1.20.1.jar with {the_boiled_one} mods - versions {1.0.0}
[18May2025 00:28:31.392] [main/DEBUG] [net.minecraftforge.fml.loading.moddiscovery.ModFileInfo/LOADING]: Found valid mod file server-1.20.1-20230612.114412-srg.jar with {minecraft} mods - versions {1.20.1}
[18May2025 00:28:31.396] [main/DEBUG] [net.minecraftforge.fml.loading.moddiscovery.ModFileParser/LOADING]: Considering mod file candidate /workspaces/mineserver/servidor_minecraft/libraries/net/minecraftforge/fmlcore/1.20.1-47.3.7/fmlcore-1.20.1-47.3.7.jar
[18May2025 00:28:31.396] [main/WARN] [net.minecraftforge.fml.loading.moddiscovery.ModFileParser/LOADING]: Mod file /workspaces/mineserver/servidor_minecraft/libraries/net/minecraftforge/fmlcore/1.20.1-47.3.7/fmlcore-1.20.1-47.3.7.jar is missing mods.toml file
[18May2025 00:28:31.399] [main/DEBUG] [net.minecraftforge.fml.loading.moddiscovery.ModFileParser/LOADING]: Considering mod file candidate /workspaces/mineserver/servidor_minecraft/libraries/net/minecraftforge/javafmllanguage/1.20.1-47.3.7/javafmllanguage-1.20.1-47.3.7.jar
[18May2025 00:28:31.399] [main/WARN] [net.minecraftforge.fml.loading.moddiscovery.ModFileParser/LOADING]: Mod file /workspaces/mineserver/servidor_minecraft/libraries/net/minecraftforge/javafmllanguage/1.20.1-47.3.7/javafmllanguage-1.20.1-47.3.7.jar is missing mods.toml file
[18May2025 00:28:31.403] [main/DEBUG] [net.minecraftforge.fml.loading.moddiscovery.ModFileParser/LOADING]: Considering mod file candidate /workspaces/mineserver/servidor_minecraft/libraries/net/minecraftforge/lowcodelanguage/1.20.1-47.3.7/lowcodelanguage-1.20.1-47.3.7.jar
[18May2025 00:28:31.403] [main/WARN] [net.minecraftforge.fml.loading.moddiscovery.ModFileParser/LOADING]: Mod file /workspaces/mineserver/servidor_minecraft/libraries/net/minecraftforge/lowcodelanguage/1.20.1-47.3.7/lowcodelanguage-1.20.1-47.3.7.jar is missing mods.toml file
[18May2025 00:28:31.405] [main/DEBUG] [net.minecraftforge.fml.loading.moddiscovery.ModFileParser/LOADING]: Considering mod file candidate /workspaces/mineserver/servidor_minecraft/libraries/net/minecraftforge/mclanguage/1.20.1-47.3.7/mclanguage-1.20.1-47.3.7.jar
[18May2025 00:28:31.407] [main/WARN] [net.minecraftforge.fml.loading.moddiscovery.ModFileParser/LOADING]: Mod file /workspaces/mineserver/servidor_minecraft/libraries/net/minecraftforge/mclanguage/1.20.1-47.3.7/mclanguage-1.20.1-47.3.7.jar is missing mods.toml file
[18May2025 00:28:31.500] [main/DEBUG] [net.minecraftforge.fml.loading.moddiscovery.ModFileParser/LOADING]: Considering mod file candidate /workspaces/mineserver/servidor_minecraft/libraries/net/minecraftforge/forge/1.20.1-47.3.7/forge-1.20.1-47.3.7-universal.jar
[18May2025 00:28:31.501] [main/DEBUG] [net.minecraftforge.fml.loading.moddiscovery.ModFileInfo/LOADING]: Found valid mod file forge-1.20.1-47.3.7-universal.jar with {forge} mods - versions {47.3.7}
[18May2025 00:28:31.515] [main/DEBUG] [net.minecraftforge.fml.loading.moddiscovery.AbstractJarFileDependencyLocator/]: Failed to load resource META-INF/jarjar/metadata.json from server-1.20.1-20230612.114412-srg.jar, it does not contain dependency information.
[18May2025 00:28:31.516] [main/DEBUG] [net.minecraftforge.fml.loading.moddiscovery.AbstractJarFileDependencyLocator/]: Failed to load resource META-INF/jarjar/metadata.json from Doppelganger_V7_forge_1.20.1.jar, it does not contain dependency information.
[18May2025 00:28:31.516] [main/DEBUG] [net.minecraftforge.fml.loading.moddiscovery.AbstractJarFileDependencyLocator/]: Failed to load resource META-INF/jarjar/metadata.json from befall-1.6.0-forge-1.20.1.jar, it does not contain dependency information.
[18May2025 00:28:31.517] [main/DEBUG] [net.minecraftforge.fml.loading.moddiscovery.AbstractJarFileDependencyLocator/]: Failed to load resource META-INF/jarjar/metadata.json from alexscaves-2.0.2.jar, it does not contain dependency information.
[18May2025 00:28:31.517] [main/DEBUG] [net.minecraftforge.fml.loading.moddiscovery.AbstractJarFileDependencyLocator/]: Failed to load resource META-INF/jarjar/metadata.json from cave_dweller-1.20.1-1.6.4.jar, it does not contain dependency information.
[18May2025 00:28:31.518] [main/DEBUG] [net.minecraftforge.fml.loading.moddiscovery.AbstractJarFileDependencyLocator/]: Failed to load resource META-INF/jarjar/metadata.json from From-The-Fog-1.20-v1.9.2-Forge-Fabric.jar, it does not contain dependency information.
[18May2025 00:28:31.518] [main/DEBUG] [net.minecraftforge.fml.loading.moddiscovery.AbstractJarFileDependencyLocator/]: Failed to load resource META-INF/jarjar/metadata.json from MineZero-1.0.7.jar, it does not contain dependency information.
[18May2025 00:28:31.518] [main/DEBUG] [net.minecraftforge.fml.loading.moddiscovery.AbstractJarFileDependencyLocator/]: Failed to load resource META-INF/jarjar/metadata.json from Anomaly-1.1.5-FullShaderSupport.jar, it does not contain dependency information.
[18May2025 00:28:31.518] [main/DEBUG] [net.minecraftforge.fml.loading.moddiscovery.AbstractJarFileDependencyLocator/]: Failed to load resource META-INF/jarjar/metadata.json from goat_man-1.20.1-2.8.jar, it does not contain dependency information.
[18May2025 00:28:31.519] [main/DEBUG] [net.minecraftforge.fml.loading.moddiscovery.AbstractJarFileDependencyLocator/]: Failed to load resource META-INF/jarjar/metadata.json from forge-1.20.1-47.3.7-universal.jar, it does not contain dependency information.
[18May2025 00:28:31.519] [main/DEBUG] [net.minecraftforge.fml.loading.moddiscovery.AbstractJarFileDependencyLocator/]: Failed to load resource META-INF/jarjar/metadata.json from the_aberration-1.2.0-forge-1.20.1.jar, it does not contain dependency information.
[18May2025 00:28:31.519] [main/DEBUG] [net.minecraftforge.fml.loading.moddiscovery.AbstractJarFileDependencyLocator/]: Failed to load resource META-INF/jarjar/metadata.json from doctor_nowhere-2.4.0-forge-1.20.1.jar, it does not contain dependency information.
[18May2025 00:28:31.520] [main/DEBUG] [net.minecraftforge.fml.loading.moddiscovery.AbstractJarFileDependencyLocator/]: Failed to load resource META-INF/jarjar/metadata.json from citadel-2.6.1-1.20.1.jar, it does not contain dependency information.
[18May2025 00:28:31.520] [main/DEBUG] [net.minecraftforge.fml.loading.moddiscovery.AbstractJarFileDependencyLocator/]: Failed to load resource META-INF/jarjar/metadata.json from the_boiled_one-2.1.0-forge-1.20.1.jar, it does not contain dependency information.
[18May2025 00:28:31.520] [main/DEBUG] [net.minecraftforge.fml.loading.moddiscovery.AbstractJarFileDependencyLocator/]: Failed to load resource META-INF/jarjar/metadata.json from mclanguage-1.20.1-47.3.7.jar, it does not contain dependency information.
[18May2025 00:28:31.521] [main/DEBUG] [net.minecraftforge.fml.loading.moddiscovery.AbstractJarFileDependencyLocator/]: Failed to load resource META-INF/jarjar/metadata.json from javafmllanguage-1.20.1-47.3.7.jar, it does not contain dependency information.
[18May2025 00:28:31.521] [main/DEBUG] [net.minecraftforge.fml.loading.moddiscovery.AbstractJarFileDependencyLocator/]: Failed to load resource META-INF/jarjar/metadata.json from fmlcore-1.20.1-47.3.7.jar, it does not contain dependency information.
[18May2025 00:28:31.521] [main/DEBUG] [net.minecraftforge.fml.loading.moddiscovery.AbstractJarFileDependencyLocator/]: Failed to load resource META-INF/jarjar/metadata.json from lowcodelanguage-1.20.1-47.3.7.jar, it does not contain dependency information.
[18May2025 00:28:31.705] [main/DEBUG] [net.minecraftforge.fml.loading.moddiscovery.ModFileParser/LOADING]: Considering mod file candidate 
[18May2025 00:28:31.706] [main/DEBUG] [net.minecraftforge.fml.loading.moddiscovery.ModFileInfo/LOADING]: Found valid mod file mixinextras-forge-0.3.6.jar with {mixinextras} mods - versions {0.3.6}
[18May2025 00:28:31.707] [main/DEBUG] [net.minecraftforge.fml.loading.moddiscovery.AbstractJarFileDependencyLocator/]: Failed to load resource META-INF/jarjar/metadata.json from mclib-20.jar, it does not contain dependency information.
[18May2025 00:28:31.707] [main/DEBUG] [net.minecraftforge.fml.loading.moddiscovery.AbstractJarFileDependencyLocator/]: Failed to load resource META-INF/jarjar/metadata.json from commons-math3-3.6.1.jar, it does not contain dependency information.
[18May2025 00:28:31.707] [main/DEBUG] [net.minecraftforge.fml.loading.moddiscovery.AbstractJarFileDependencyLocator/]: Failed to load resource META-INF/jarjar/metadata.json from luaj-core-3.0.8-figura.jar, it does not contain dependency information.
[18May2025 00:28:31.708] [main/DEBUG] [net.minecraftforge.fml.loading.moddiscovery.AbstractJarFileDependencyLocator/]: Failed to load resource META-INF/jarjar/metadata.json from luaj-jse-3.0.8-figura.jar, it does not contain dependency information.
[18May2025 00:28:31.708] [main/DEBUG] [net.minecraftforge.fml.loading.moddiscovery.AbstractJarFileDependencyLocator/]: Failed to load resource META-INF/jarjar/metadata.json from bcel-6.6.1.jar, it does not contain dependency information.
[18May2025 00:28:31.715] [main/DEBUG] [net.minecraftforge.fml.loading.moddiscovery.AbstractJarFileDependencyLocator/]: Failed to load resource META-INF/jarjar/metadata.json from MixinExtras-0.3.6.jar, it does not contain dependency information.
[18May2025 00:28:31.746] [main/DEBUG] [net.minecraftforge.fml.loading.moddiscovery.ModFileParser/LOADING]: Considering mod file candidate 
[18May2025 00:28:31.747] [main/DEBUG] [net.minecraftforge.fml.loading.moddiscovery.ModFileInfo/LOADING]: Found valid mod file mixinextras-forge-0.3.6.jar with {mixinextras} mods - versions {0.3.6}
[18May2025 00:28:31.827] [main/INFO] [net.minecraftforge.fml.loading.moddiscovery.JarInJarDependencyLocator/]: Found 7 dependencies adding them to mods collection
[18May2025 00:28:31.831] [main/DEBUG] [net.minecraftforge.fml.loading.moddiscovery.ModFileInfo/LOADING]: Found valid mod file server-1.20.1-20230612.114412-srg.jar with {minecraft} mods - versions {1.20.1}
[18May2025 00:28:31.838] [main/DEBUG] [net.minecraftforge.fml.loading.moddiscovery.ModFile/LOADING]: Loading mod file /workspaces/mineserver/servidor_minecraft/libraries/net/minecraft/server/1.20.1-20230612.114412/server-1.20.1-20230612.114412-srg.jar with languages [LanguageSpec[languageName=minecraft, acceptedVersions=1]]
[18May2025 00:28:31.839] [main/DEBUG] [net.minecraftforge.fml.loading.moddiscovery.ModFileParser/LOADING]: Considering mod file candidate /workspaces/mineserver/servidor_minecraft/mods/befall-1.6.0-forge-1.20.1.jar
[18May2025 00:28:31.841] [main/DEBUG] [net.minecraftforge.fml.loading.moddiscovery.ModFileInfo/LOADING]: Found valid mod file befall-1.6.0-forge-1.20.1.jar with {befalltwo} mods - versions {1.0.0}
[18May2025 00:28:31.841] [main/DEBUG] [net.minecraftforge.fml.loading.moddiscovery.ModFile/LOADING]: Loading mod file /workspaces/mineserver/servidor_minecraft/mods/befall-1.6.0-forge-1.20.1.jar with languages [LanguageSpec[languageName=javafml, acceptedVersions=[47,)]]
[18May2025 00:28:31.842] [main/DEBUG] [net.minecraftforge.fml.loading.moddiscovery.ModFileParser/LOADING]: Considering mod file candidate /workspaces/mineserver/servidor_minecraft/mods/Doppelganger_V7_forge_1.20.1.jar
[18May2025 00:28:31.843] [main/DEBUG] [net.minecraftforge.fml.loading.moddiscovery.ModFileInfo/LOADING]: Found valid mod file Doppelganger_V7_forge_1.20.1.jar with {doppelgangermod} mods - versions {7.0}
[18May2025 00:28:31.843] [main/DEBUG] [net.minecraftforge.fml.loading.moddiscovery.ModFile/LOADING]: Loading mod file /workspaces/mineserver/servidor_minecraft/mods/Doppelganger_V7_forge_1.20.1.jar with languages [LanguageSpec[languageName=javafml, acceptedVersions=[47,)]]
[18May2025 00:28:31.844] [main/DEBUG] [net.minecraftforge.fml.loading.moddiscovery.ModFileParser/LOADING]: Considering mod file candidate /workspaces/mineserver/servidor_minecraft/mods/alexscaves-2.0.2.jar
[18May2025 00:28:31.844] [main/DEBUG] [net.minecraftforge.fml.loading.moddiscovery.ModFileInfo/LOADING]: Found valid mod file alexscaves-2.0.2.jar with {alexscaves} mods - versions {2.0.2}
[18May2025 00:28:31.847] [main/DEBUG] [net.minecraftforge.fml.loading.moddiscovery.ModFile/LOADING]: Loading mod file /workspaces/mineserver/servidor_minecraft/mods/alexscaves-2.0.2.jar with languages [LanguageSpec[languageName=javafml, acceptedVersions=[46,)]]
[18May2025 00:28:31.847] [main/DEBUG] [net.minecraftforge.fml.loading.moddiscovery.ModFileParser/LOADING]: Considering mod file candidate /workspaces/mineserver/servidor_minecraft/mods/geckolib-forge-1.20.1-4.7.1.2.jar
[18May2025 00:28:31.848] [main/DEBUG] [net.minecraftforge.fml.loading.moddiscovery.ModFileInfo/LOADING]: Found valid mod file geckolib-forge-1.20.1-4.7.1.2.jar with {geckolib} mods - versions {4.7.1.2}
[18May2025 00:28:31.848] [main/DEBUG] [net.minecraftforge.fml.loading.moddiscovery.ModFile/LOADING]: Loading mod file /workspaces/mineserver/servidor_minecraft/mods/geckolib-forge-1.20.1-4.7.1.2.jar with languages [LanguageSpec[languageName=javafml, acceptedVersions=[47,)]]
[18May2025 00:28:31.848] [main/DEBUG] [net.minecraftforge.fml.loading.moddiscovery.ModFileParser/LOADING]: Considering mod file candidate /workspaces/mineserver/servidor_minecraft/mods/cave_dweller-1.20.1-1.6.4.jar
[18May2025 00:28:31.849] [main/DEBUG] [net.minecraftforge.fml.loading.moddiscovery.ModFileInfo/LOADING]: Found valid mod file cave_dweller-1.20.1-1.6.4.jar with {cave_dweller} mods - versions {1.6.4}
[18May2025 00:28:31.850] [main/DEBUG] [net.minecraftforge.fml.loading.moddiscovery.ModFile/LOADING]: Loading mod file /workspaces/mineserver/servidor_minecraft/mods/cave_dweller-1.20.1-1.6.4.jar with languages [LanguageSpec[languageName=javafml, acceptedVersions=[46,)]]
[18May2025 00:28:31.850] [main/DEBUG] [net.minecraftforge.fml.loading.moddiscovery.ModFileParser/LOADING]: Considering mod file candidate /workspaces/mineserver/servidor_minecraft/mods/From-The-Fog-1.20-v1.9.2-Forge-Fabric.jar
[18May2025 00:28:31.851] [main/DEBUG] [net.minecraftforge.fml.loading.moddiscovery.ModFileInfo/LOADING]: Found valid mod file From-The-Fog-1.20-v1.9.2-Forge-Fabric.jar with {watching} mods - versions {1.9.2}
[18May2025 00:28:31.853] [main/DEBUG] [net.minecraftforge.fml.loading.moddiscovery.ModFile/LOADING]: Loading mod file /workspaces/mineserver/servidor_minecraft/mods/From-The-Fog-1.20-v1.9.2-Forge-Fabric.jar with languages [LanguageSpec[languageName=javafml, acceptedVersions=[40,)]]
[18May2025 00:28:31.853] [main/DEBUG] [net.minecraftforge.fml.loading.moddiscovery.ModFileParser/LOADING]: Considering mod file candidate /workspaces/mineserver/servidor_minecraft/mods/MineZero-1.0.7.jar
[18May2025 00:28:31.854] [main/DEBUG] [net.minecraftforge.fml.loading.moddiscovery.ModFileInfo/LOADING]: Found valid mod file MineZero-1.0.7.jar with {minezero} mods - versions {1.0.7}
[18May2025 00:28:31.854] [main/DEBUG] [net.minecraftforge.fml.loading.moddiscovery.ModFile/LOADING]: Loading mod file /workspaces/mineserver/servidor_minecraft/mods/MineZero-1.0.7.jar with languages [LanguageSpec[languageName=javafml, acceptedVersions=[47,)]]
[18May2025 00:28:31.854] [main/DEBUG] [net.minecraftforge.fml.loading.moddiscovery.ModFileParser/LOADING]: Considering mod file candidate /workspaces/mineserver/servidor_minecraft/mods/Anomaly-1.1.5-FullShaderSupport.jar
[18May2025 00:28:31.855] [main/DEBUG] [net.minecraftforge.fml.loading.moddiscovery.ModFileInfo/LOADING]: Found valid mod file Anomaly-1.1.5-FullShaderSupport.jar with {the_anomaly} mods - versions {1.1.5}
[18May2025 00:28:31.856] [main/DEBUG] [net.minecraftforge.fml.loading.moddiscovery.ModFile/LOADING]: Loading mod file /workspaces/mineserver/servidor_minecraft/mods/Anomaly-1.1.5-FullShaderSupport.jar with languages [LanguageSpec[languageName=javafml, acceptedVersions=[47,)]]
[18May2025 00:28:31.856] [main/DEBUG] [net.minecraftforge.fml.loading.moddiscovery.ModFileParser/LOADING]: Considering mod file candidate /workspaces/mineserver/servidor_minecraft/mods/tacz-1.20.1-1.1.5-all.jar
[18May2025 00:28:31.857] [main/DEBUG] [net.minecraftforge.fml.loading.moddiscovery.ModFileInfo/LOADING]: Found valid mod file tacz-1.20.1-1.1.5-all.jar with {tacz} mods - versions {1.1.5}
[18May2025 00:28:31.858] [main/DEBUG] [net.minecraftforge.fml.loading.moddiscovery.ModFile/LOADING]: Loading mod file /workspaces/mineserver/servidor_minecraft/mods/tacz-1.20.1-1.1.5-all.jar with languages [LanguageSpec[languageName=javafml, acceptedVersions=[46,)]]
[18May2025 00:28:31.858] [main/DEBUG] [net.minecraftforge.fml.loading.moddiscovery.ModFileParser/LOADING]: Considering mod file candidate /workspaces/mineserver/servidor_minecraft/mods/goat_man-1.20.1-2.8.jar
[18May2025 00:28:31.858] [main/DEBUG] [net.minecraftforge.fml.loading.moddiscovery.ModFileInfo/LOADING]: Found valid mod file goat_man-1.20.1-2.8.jar with {goat_man} mods - versions {2.8}
[18May2025 00:28:31.859] [main/DEBUG] [net.minecraftforge.fml.loading.moddiscovery.ModFile/LOADING]: Loading mod file /workspaces/mineserver/servidor_minecraft/mods/goat_man-1.20.1-2.8.jar with languages [LanguageSpec[languageName=javafml, acceptedVersions=[46,)]]
[18May2025 00:28:31.859] [main/DEBUG] [net.minecraftforge.fml.loading.moddiscovery.ModFileParser/LOADING]: Considering mod file candidate /workspaces/mineserver/servidor_minecraft/libraries/net/minecraftforge/forge/1.20.1-47.3.7/forge-1.20.1-47.3.7-universal.jar
[18May2025 00:28:31.860] [main/DEBUG] [net.minecraftforge.fml.loading.moddiscovery.ModFileInfo/LOADING]: Found valid mod file forge-1.20.1-47.3.7-universal.jar with {forge} mods - versions {47.3.7}
[18May2025 00:28:31.861] [main/DEBUG] [net.minecraftforge.fml.loading.moddiscovery.ModFile/LOADING]: Loading mod file /workspaces/mineserver/servidor_minecraft/libraries/net/minecraftforge/forge/1.20.1-47.3.7/forge-1.20.1-47.3.7-universal.jar with languages [LanguageSpec[languageName=javafml, acceptedVersions=[24,]]]
[18May2025 00:28:31.864] [main/DEBUG] [net.minecraftforge.fml.loading.moddiscovery.ModFileParser/LOADING]: Found coremod field_to_method with Javascript path coremods/field_to_method.js
[18May2025 00:28:31.865] [main/DEBUG] [net.minecraftforge.fml.loading.moddiscovery.ModFileParser/LOADING]: Found coremod field_to_instanceof with Javascript path coremods/field_to_instanceof.js
[18May2025 00:28:31.865] [main/DEBUG] [net.minecraftforge.fml.loading.moddiscovery.ModFileParser/LOADING]: Found coremod add_bouncer_method with Javascript path coremods/add_bouncer_method.js
[18May2025 00:28:31.865] [main/DEBUG] [net.minecraftforge.fml.loading.moddiscovery.ModFileParser/LOADING]: Found coremod method_redirector with Javascript path coremods/method_redirector.js
[18May2025 00:28:31.866] [main/DEBUG] [net.minecraftforge.fml.loading.moddiscovery.ModFile/LOADING]: Found coremod coremods/field_to_method.js
[18May2025 00:28:31.866] [main/DEBUG] [net.minecraftforge.fml.loading.moddiscovery.ModFile/LOADING]: Found coremod coremods/field_to_instanceof.js
[18May2025 00:28:31.866] [main/DEBUG] [net.minecraftforge.fml.loading.moddiscovery.ModFile/LOADING]: Found coremod coremods/add_bouncer_method.js
[18May2025 00:28:31.866] [main/DEBUG] [net.minecraftforge.fml.loading.moddiscovery.ModFile/LOADING]: Found coremod coremods/method_redirector.js
[18May2025 00:28:31.866] [main/DEBUG] [net.minecraftforge.fml.loading.moddiscovery.ModFileParser/LOADING]: Considering mod file candidate /workspaces/mineserver/servidor_minecraft/mods/the_aberration-1.2.0-forge-1.20.1.jar
[18May2025 00:28:31.868] [main/DEBUG] [net.minecraftforge.fml.loading.moddiscovery.ModFileInfo/LOADING]: Found valid mod file the_aberration-1.2.0-forge-1.20.1.jar with {the_aberration} mods - versions {1.2.0}
[18May2025 00:28:31.868] [main/DEBUG] [net.minecraftforge.fml.loading.moddiscovery.ModFile/LOADING]: Loading mod file /workspaces/mineserver/servidor_minecraft/mods/the_aberration-1.2.0-forge-1.20.1.jar with languages [LanguageSpec[languageName=javafml, acceptedVersions=[47,)]]
[18May2025 00:28:31.868] [main/DEBUG] [net.minecraftforge.fml.loading.moddiscovery.ModFileParser/LOADING]: Considering mod file candidate /workspaces/mineserver/servidor_minecraft/mods/doctor_nowhere-2.4.0-forge-1.20.1.jar
[18May2025 00:28:31.869] [main/DEBUG] [net.minecraftforge.fml.loading.moddiscovery.ModFileInfo/LOADING]: Found valid mod file doctor_nowhere-2.4.0-forge-1.20.1.jar with {doctor_nowhere} mods - versions {2.4.0}
[18May2025 00:28:31.871] [main/DEBUG] [net.minecraftforge.fml.loading.moddiscovery.ModFile/LOADING]: Loading mod file /workspaces/mineserver/servidor_minecraft/mods/doctor_nowhere-2.4.0-forge-1.20.1.jar with languages [LanguageSpec[languageName=javafml, acceptedVersions=[47,)]]
[18May2025 00:28:31.871] [main/DEBUG] [net.minecraftforge.fml.loading.moddiscovery.ModFileParser/LOADING]: Considering mod file candidate /workspaces/mineserver/servidor_minecraft/mods/citadel-2.6.1-1.20.1.jar
[18May2025 00:28:31.872] [main/DEBUG] [net.minecraftforge.fml.loading.moddiscovery.ModFileInfo/LOADING]: Found valid mod file citadel-2.6.1-1.20.1.jar with {citadel} mods - versions {2.6.1}
[18May2025 00:28:31.872] [main/DEBUG] [net.minecraftforge.fml.loading.moddiscovery.ModFile/LOADING]: Loading mod file /workspaces/mineserver/servidor_minecraft/mods/citadel-2.6.1-1.20.1.jar with languages [LanguageSpec[languageName=javafml, acceptedVersions=[47,)]]
[18May2025 00:28:31.872] [main/DEBUG] [net.minecraftforge.fml.loading.moddiscovery.ModFileParser/LOADING]: Considering mod file candidate /workspaces/mineserver/servidor_minecraft/mods/the_boiled_one-2.1.0-forge-1.20.1.jar
[18May2025 00:28:31.872] [main/DEBUG] [net.minecraftforge.fml.loading.moddiscovery.ModFileInfo/LOADING]: Found valid mod file the_boiled_one-2.1.0-forge-1.20.1.jar with {the_boiled_one} mods - versions {1.0.0}
[18May2025 00:28:31.873] [main/DEBUG] [net.minecraftforge.fml.loading.moddiscovery.ModFile/LOADING]: Loading mod file /workspaces/mineserver/servidor_minecraft/mods/the_boiled_one-2.1.0-forge-1.20.1.jar with languages [LanguageSpec[languageName=javafml, acceptedVersions=[47,)]]
[18May2025 00:28:31.874] [main/DEBUG] [net.minecraftforge.fml.loading.moddiscovery.ModFile/LOADING]: Loading mod file  with languages []
[18May2025 00:28:31.874] [main/DEBUG] [net.minecraftforge.fml.loading.moddiscovery.ModFileParser/LOADING]: Considering mod file candidate 
[18May2025 00:28:31.877] [main/DEBUG] [net.minecraftforge.fml.loading.moddiscovery.ModFileInfo/LOADING]: Found valid mod file mixinextras-forge-0.3.6.jar with {mixinextras} mods - versions {0.3.6}
[18May2025 00:28:31.877] [main/DEBUG] [net.minecraftforge.fml.loading.moddiscovery.ModFile/LOADING]: Loading mod file  with languages [LanguageSpec[languageName=javafml, acceptedVersions=*]]
[18May2025 00:28:31.877] [main/DEBUG] [net.minecraftforge.fml.loading.moddiscovery.ModFile/LOADING]: Loading mod file  with languages []
[18May2025 00:28:31.877] [main/DEBUG] [net.minecraftforge.fml.loading.moddiscovery.ModFile/LOADING]: Loading mod file  with languages []
[18May2025 00:28:31.877] [main/DEBUG] [net.minecraftforge.fml.loading.moddiscovery.ModFile/LOADING]: Loading mod file  with languages []
[18May2025 00:28:31.878] [main/DEBUG] [net.minecraftforge.fml.loading.moddiscovery.ModFile/LOADING]: Loading mod file  with languages []
[18May2025 00:28:31.878] [main/DEBUG] [net.minecraftforge.fml.loading.moddiscovery.ModFile/LOADING]: Loading mod file  with languages []
[18May2025 00:28:31.879] [main/DEBUG] [net.minecraftforge.fml.loading.moddiscovery.ModFile/LOADING]: Loading mod file  with languages []
[18May2025 00:28:31.879] [main/DEBUG] [net.minecraftforge.fml.loading.moddiscovery.ModFileParser/LOADING]: Considering mod file candidate 
[18May2025 00:28:31.880] [main/DEBUG] [net.minecraftforge.fml.loading.moddiscovery.ModFileInfo/LOADING]: Found valid mod file mixinextras-forge-0.3.6.jar with {mixinextras} mods - versions {0.3.6}
[18May2025 00:28:31.880] [main/DEBUG] [net.minecraftforge.fml.loading.moddiscovery.ModFile/LOADING]: Loading mod file  with languages [LanguageSpec[languageName=javafml, acceptedVersions=*]]
[18May2025 00:28:31.881] [main/DEBUG] [net.minecraftforge.fml.loading.moddiscovery.ModFile/LOADING]: Loading mod file  with languages []
[18May2025 00:28:31.881] [main/DEBUG] [net.minecraftforge.fml.loading.moddiscovery.ModFile/LOADING]: Loading mod file  with languages []
[18May2025 00:28:31.881] [main/DEBUG] [net.minecraftforge.fml.loading.moddiscovery.ModFile/LOADING]: Loading mod file  with languages []
[18May2025 00:28:31.881] [main/DEBUG] [net.minecraftforge.fml.loading.moddiscovery.ModFile/LOADING]: Loading mod file  with languages []
[18May2025 00:28:31.882] [main/DEBUG] [net.minecraftforge.fml.loading.moddiscovery.ModFile/LOADING]: Loading mod file  with languages []
[18May2025 00:28:31.883] [main/DEBUG] [cpw.mods.modlauncher.TransformationServiceDecorator/MODLAUNCHER]: End scan trigger - transformation service fml
[18May2025 00:28:31.900] [main/DEBUG] [net.minecraftforge.fml.loading.LanguageLoadingProvider/CORE]: Found 3 language providers
[18May2025 00:28:31.901] [main/DEBUG] [net.minecraftforge.fml.loading.LanguageLoadingProvider/CORE]: Found language provider minecraft, version 1.0
[18May2025 00:28:31.902] [main/DEBUG] [net.minecraftforge.fml.loading.LanguageLoadingProvider/CORE]: Found language provider lowcodefml, version 47
[18May2025 00:28:31.902] [main/DEBUG] [net.minecraftforge.fml.loading.LanguageLoadingProvider/CORE]: Found language provider javafml, version 47
[18May2025 00:28:31.906] [main/DEBUG] [net.minecraftforge.fml.loading.UniqueModListBuilder/]: Found 2 mods for first modid mclib, selecting most recent based on version data
[18May2025 00:28:31.909] [main/DEBUG] [net.minecraftforge.fml.loading.UniqueModListBuilder/]: Selected file mclib-20.jar for modid mclib with version 0.0NONE
[18May2025 00:28:31.910] [main/DEBUG] [net.minecraftforge.fml.loading.UniqueModListBuilder/]: Found 2 mods for first modid mixinextras, selecting most recent based on version data
[18May2025 00:28:31.910] [main/DEBUG] [net.minecraftforge.fml.loading.UniqueModListBuilder/]: Selected file mixinextras-forge-0.3.6.jar for modid mixinextras with version 0.3.6
[18May2025 00:28:31.910] [main/DEBUG] [net.minecraftforge.fml.loading.UniqueModListBuilder/]: Found 2 mods for first modid MixinExtras, selecting most recent based on version data
[18May2025 00:28:31.910] [main/DEBUG] [net.minecraftforge.fml.loading.UniqueModListBuilder/]: Selected file MixinExtras-0.3.6.jar for modid MixinExtras with version 0.0NONE
[18May2025 00:28:31.911] [main/DEBUG] [net.minecraftforge.fml.loading.UniqueModListBuilder/]: Found 2 mods for first modid luaj.jse.figura, selecting most recent based on version data
[18May2025 00:28:31.912] [main/DEBUG] [net.minecraftforge.fml.loading.UniqueModListBuilder/]: Selected file luaj-jse-3.0.8-figura.jar for modid luaj.jse.figura with version 0.0NONE
[18May2025 00:28:31.912] [main/DEBUG] [net.minecraftforge.fml.loading.UniqueModListBuilder/]: Found 2 mods for first modid org.apache.bcel, selecting most recent based on version data
[18May2025 00:28:31.913] [main/DEBUG] [net.minecraftforge.fml.loading.UniqueModListBuilder/]: Selected file bcel-6.6.1.jar for modid org.apache.bcel with version 6.6.1
[18May2025 00:28:31.914] [main/DEBUG] [net.minecraftforge.fml.loading.UniqueModListBuilder/]: Found 2 mods for first modid luaj.core.figura, selecting most recent based on version data
[18May2025 00:28:31.914] [main/DEBUG] [net.minecraftforge.fml.loading.UniqueModListBuilder/]: Selected file luaj-core-3.0.8-figura.jar for modid luaj.core.figura with version 0.0NONE
[18May2025 00:28:31.914] [main/DEBUG] [net.minecraftforge.fml.loading.UniqueModListBuilder/]: Found 2 mods for first modid commons.math3, selecting most recent based on version data
[18May2025 00:28:31.915] [main/DEBUG] [net.minecraftforge.fml.loading.UniqueModListBuilder/]: Selected file commons-math3-3.6.1.jar for modid commons.math3 with version 3.6.1
[18May2025 00:28:31.918] [main/DEBUG] [net.minecraftforge.fml.loading.ModSorter/]: Configured system mods: [minecraft, forge]
[18May2025 00:28:31.920] [main/DEBUG] [net.minecraftforge.fml.loading.ModSorter/]: Found system mod: minecraft
[18May2025 00:28:31.920] [main/DEBUG] [net.minecraftforge.fml.loading.ModSorter/]: Found system mod: forge
[18May2025 00:28:31.925] [main/DEBUG] [net.minecraftforge.fml.loading.ModSorter/LOADING]: Found 28 mod requirements (22 mandatory, 6 optional)
[18May2025 00:28:31.927] [main/DEBUG] [net.minecraftforge.fml.loading.ModSorter/LOADING]: Found 0 mod requirements missing (0 mandatory, 0 optional)
[18May2025 00:28:32.713] [main/DEBUG] [cpw.mods.modlauncher.TransformationServicesHandler/MODLAUNCHER]: Transformation services loading transformers
[18May2025 00:28:32.714] [main/DEBUG] [cpw.mods.modlauncher.TransformationServiceDecorator/MODLAUNCHER]: Initializing transformers for transformation service mixin
[18May2025 00:28:32.715] [main/DEBUG] [cpw.mods.modlauncher.TransformationServiceDecorator/MODLAUNCHER]: Initialized transformers for transformation service mixin
[18May2025 00:28:32.715] [main/DEBUG] [cpw.mods.modlauncher.TransformationServiceDecorator/MODLAUNCHER]: Initializing transformers for transformation service fml
[18May2025 00:28:32.715] [main/DEBUG] [net.minecraftforge.fml.loading.FMLServiceProvider/CORE]: Loading coremod transformers
[18May2025 00:28:32.716] [main/DEBUG] [net.minecraftforge.coremod.CoreModEngine/COREMOD]: Loading CoreMod from coremods/field_to_method.js
[18May2025 00:28:33.072] [main/DEBUG] [net.minecraftforge.coremod.CoreModEngine/COREMOD]: CoreMod loaded successfully
[18May2025 00:28:33.075] [main/DEBUG] [net.minecraftforge.coremod.CoreModEngine/COREMOD]: Loading CoreMod from coremods/field_to_instanceof.js
[18May2025 00:28:33.213] [main/DEBUG] [net.minecraftforge.coremod.CoreModEngine/COREMOD]: CoreMod loaded successfully
[18May2025 00:28:33.213] [main/DEBUG] [net.minecraftforge.coremod.CoreModEngine/COREMOD]: Loading CoreMod from coremods/add_bouncer_method.js
[18May2025 00:28:33.308] [main/DEBUG] [net.minecraftforge.coremod.CoreModEngine/COREMOD]: CoreMod loaded successfully
[18May2025 00:28:33.308] [main/DEBUG] [net.minecraftforge.coremod.CoreModEngine/COREMOD]: Loading CoreMod from coremods/method_redirector.js
[18May2025 00:28:33.484] [main/DEBUG] [net.minecraftforge.coremod.CoreModEngine/COREMOD]: CoreMod loaded successfully
[18May2025 00:28:33.507] [main/DEBUG] [cpw.mods.modlauncher.TransformStore/MODLAUNCHER]: Adding transformer net.minecraftforge.coremod.transformer.CoreModClassTransformer@6f9c5048 to Target : CLASS {Lnet/minecraft/world/level/biome/Biome;} {} {V}
[18May2025 00:28:33.508] [main/DEBUG] [cpw.mods.modlauncher.TransformStore/MODLAUNCHER]: Adding transformer net.minecraftforge.coremod.transformer.CoreModClassTransformer@3a894088 to Target : CLASS {Lnet/minecraft/world/level/levelgen/structure/Structure;} {} {V}
[18May2025 00:28:33.509] [main/DEBUG] [cpw.mods.modlauncher.TransformStore/MODLAUNCHER]: Adding transformer net.minecraftforge.coremod.transformer.CoreModClassTransformer@370c1968 to Target : CLASS {Lnet/minecraft/world/effect/MobEffectInstance;} {} {V}
[18May2025 00:28:33.509] [main/DEBUG] [cpw.mods.modlauncher.TransformStore/MODLAUNCHER]: Adding transformer net.minecraftforge.coremod.transformer.CoreModClassTransformer@2f0bfe17 to Target : CLASS {Lnet/minecraft/world/level/block/LiquidBlock;} {} {V}
[18May2025 00:28:33.509] [main/DEBUG] [cpw.mods.modlauncher.TransformStore/MODLAUNCHER]: Adding transformer net.minecraftforge.coremod.transformer.CoreModClassTransformer@3206174f to Target : CLASS {Lnet/minecraft/world/item/BucketItem;} {} {V}
[18May2025 00:28:33.509] [main/DEBUG] [cpw.mods.modlauncher.TransformStore/MODLAUNCHER]: Adding transformer net.minecraftforge.coremod.transformer.CoreModClassTransformer@42fb8c87 to Target : CLASS {Lnet/minecraft/world/level/block/StairBlock;} {} {V}
[18May2025 00:28:33.511] [main/DEBUG] [cpw.mods.modlauncher.TransformStore/MODLAUNCHER]: Adding transformer net.minecraftforge.coremod.transformer.CoreModClassTransformer@15eb0ae9 to Target : CLASS {Lnet/minecraft/world/level/block/FlowerPotBlock;} {} {V}
[18May2025 00:28:33.511] [main/DEBUG] [cpw.mods.modlauncher.TransformStore/MODLAUNCHER]: Adding transformer net.minecraftforge.coremod.transformer.CoreModClassTransformer@65e0b505 to Target : CLASS {Lnet/minecraft/world/item/ItemStack;} {} {V}
[18May2025 00:28:33.511] [main/DEBUG] [cpw.mods.modlauncher.TransformStore/MODLAUNCHER]: Adding transformer net.minecraftforge.coremod.transformer.CoreModClassTransformer@67de7a99 to Target : CLASS {Lnet/minecraft/network/play/client/CClientSettingsPacket;} {} {V}
[18May2025 00:28:33.511] [main/DEBUG] [cpw.mods.modlauncher.TransformStore/MODLAUNCHER]: Adding transformer net.minecraftforge.coremod.transformer.CoreModClassTransformer@795f5d51 to Target : CLASS {Lnet/minecraft/world/entity/monster/Evoker$EvokerSummonSpellGoal;} {} {V}
[18May2025 00:28:33.511] [main/DEBUG] [cpw.mods.modlauncher.TransformStore/MODLAUNCHER]: Adding transformer net.minecraftforge.coremod.transformer.CoreModClassTransformer@795f5d51 to Target : CLASS {Lnet/minecraft/world/level/levelgen/PatrolSpawner;} {} {V}
[18May2025 00:28:33.511] [main/DEBUG] [cpw.mods.modlauncher.TransformStore/MODLAUNCHER]: Adding transformer net.minecraftforge.coremod.transformer.CoreModClassTransformer@795f5d51 to Target : CLASS {Lnet/minecraft/world/entity/npc/CatSpawner;} {} {V}
[18May2025 00:28:33.512] [main/DEBUG] [cpw.mods.modlauncher.TransformStore/MODLAUNCHER]: Adding transformer net.minecraftforge.coremod.transformer.CoreModClassTransformer@795f5d51 to Target : CLASS {Lnet/minecraft/world/level/NaturalSpawner;} {} {V}
[18May2025 00:28:33.512] [main/DEBUG] [cpw.mods.modlauncher.TransformStore/MODLAUNCHER]: Adding transformer net.minecraftforge.coremod.transformer.CoreModClassTransformer@795f5d51 to Target : CLASS {Lnet/minecraft/world/level/levelgen/PhantomSpawner;} {} {V}
[18May2025 00:28:33.514] [main/DEBUG] [cpw.mods.modlauncher.TransformStore/MODLAUNCHER]: Adding transformer net.minecraftforge.coremod.transformer.CoreModClassTransformer@795f5d51 to Target : CLASS {Lnet/minecraft/server/commands/RaidCommand;} {} {V}
[18May2025 00:28:33.514] [main/DEBUG] [cpw.mods.modlauncher.TransformStore/MODLAUNCHER]: Adding transformer net.minecraftforge.coremod.transformer.CoreModClassTransformer@795f5d51 to Target : CLASS {Lnet/minecraft/world/level/levelgen/structure/structures/SwampHutPiece;} {} {V}
[18May2025 00:28:33.514] [main/DEBUG] [cpw.mods.modlauncher.TransformStore/MODLAUNCHER]: Adding transformer net.minecraftforge.coremod.transformer.CoreModClassTransformer@795f5d51 to Target : CLASS {Lnet/minecraft/world/entity/animal/frog/Tadpole;} {} {V}
[18May2025 00:28:33.514] [main/DEBUG] [cpw.mods.modlauncher.TransformStore/MODLAUNCHER]: Adding transformer net.minecraftforge.coremod.transformer.CoreModClassTransformer@795f5d51 to Target : CLASS {Lnet/minecraft/world/entity/monster/Zombie;} {} {V}
[18May2025 00:28:33.514] [main/DEBUG] [cpw.mods.modlauncher.TransformStore/MODLAUNCHER]: Adding transformer net.minecraftforge.coremod.transformer.CoreModClassTransformer@795f5d51 to Target : CLASS {Lnet/minecraft/world/entity/EntityType;} {} {V}
[18May2025 00:28:33.515] [main/DEBUG] [cpw.mods.modlauncher.TransformStore/MODLAUNCHER]: Adding transformer net.minecraftforge.coremod.transformer.CoreModClassTransformer@795f5d51 to Target : CLASS {Lnet/minecraft/world/level/levelgen/structure/structures/WoodlandMansionPieces$WoodlandMansionPiece;} {} {V}
[18May2025 00:28:33.515] [main/DEBUG] [cpw.mods.modlauncher.TransformStore/MODLAUNCHER]: Adding transformer net.minecraftforge.coremod.transformer.CoreModClassTransformer@795f5d51 to Target : CLASS {Lnet/minecraft/world/entity/monster/ZombieVillager;} {} {V}
[18May2025 00:28:33.515] [main/DEBUG] [cpw.mods.modlauncher.TransformStore/MODLAUNCHER]: Adding transformer net.minecraftforge.coremod.transformer.CoreModClassTransformer@795f5d51 to Target : CLASS {Lnet/minecraft/world/level/levelgen/structure/structures/OceanMonumentPieces$OceanMonumentPiece;} {} {V}
[18May2025 00:28:33.515] [main/DEBUG] [cpw.mods.modlauncher.TransformStore/MODLAUNCHER]: Adding transformer net.minecraftforge.coremod.transformer.CoreModClassTransformer@795f5d51 to Target : CLASS {Lnet/minecraft/world/entity/monster/Strider;} {} {V}
[18May2025 00:28:33.515] [main/DEBUG] [cpw.mods.modlauncher.TransformStore/MODLAUNCHER]: Adding transformer net.minecraftforge.coremod.transformer.CoreModClassTransformer@795f5d51 to Target : CLASS {Lnet/minecraft/world/entity/npc/Villager;} {} {V}
[18May2025 00:28:33.515] [main/DEBUG] [cpw.mods.modlauncher.TransformStore/MODLAUNCHER]: Adding transformer net.minecraftforge.coremod.transformer.CoreModClassTransformer@795f5d51 to Target : CLASS {Lnet/minecraft/world/level/levelgen/structure/templatesystem/StructureTemplate;} {} {V}
[18May2025 00:28:33.515] [main/DEBUG] [cpw.mods.modlauncher.TransformStore/MODLAUNCHER]: Adding transformer net.minecraftforge.coremod.transformer.CoreModClassTransformer@795f5d51 to Target : CLASS {Lnet/minecraft/world/entity/monster/Spider;} {} {V}
[18May2025 00:28:33.515] [main/DEBUG] [cpw.mods.modlauncher.TransformStore/MODLAUNCHER]: Adding transformer net.minecraftforge.coremod.transformer.CoreModClassTransformer@795f5d51 to Target : CLASS {Lnet/minecraft/world/entity/ai/village/VillageSiege;} {} {V}
[18May2025 00:28:33.516] [main/DEBUG] [cpw.mods.modlauncher.TransformStore/MODLAUNCHER]: Adding transformer net.minecraftforge.coremod.transformer.CoreModClassTransformer@795f5d51 to Target : CLASS {Lnet/minecraft/world/entity/animal/horse/SkeletonTrapGoal;} {} {V}
[18May2025 00:28:33.516] [main/DEBUG] [cpw.mods.modlauncher.TransformStore/MODLAUNCHER]: Adding transformer net.minecraftforge.coremod.transformer.CoreModClassTransformer@795f5d51 to Target : CLASS {Lnet/minecraft/world/entity/raid/Raid;} {} {V}
[18May2025 00:28:33.517] [main/DEBUG] [cpw.mods.modlauncher.TransformStore/MODLAUNCHER]: Adding transformer net.minecraftforge.coremod.transformer.CoreModClassTransformer@795f5d51 to Target : CLASS {Lnet/minecraft/server/commands/SummonCommand;} {} {V}
[18May2025 00:28:33.517] [main/DEBUG] [cpw.mods.modlauncher.TransformStore/MODLAUNCHER]: Adding transformer net.minecraftforge.coremod.transformer.CoreModClassTransformer@795f5d51 to Target : CLASS {Lnet/minecraft/world/level/levelgen/structure/structures/OceanRuinPieces$OceanRuinPiece;} {} {V}
[18May2025 00:28:33.517] [main/DEBUG] [cpw.mods.modlauncher.TransformationServiceDecorator/MODLAUNCHER]: Initialized transformers for transformation service fml
[18May2025 00:28:34.917] [main/DEBUG] [mixin/]: Processing prepare() for PlatformAgent[MixinPlatformAgentDefault:ModLauncher Root Container(ModLauncher:4f56a0a2)]
[18May2025 00:28:34.919] [main/DEBUG] [mixin/]: Processing launch tasks for PlatformAgent[MixinPlatformAgentDefault:ModLauncher Root Container(ModLauncher:4f56a0a2)]
[18May2025 00:28:34.919] [main/DEBUG] [mixin/]: Adding mixin platform agents for container SecureJarResource(minecraft)
[18May2025 00:28:34.919] [main/DEBUG] [mixin/]: Instancing new MixinPlatformAgentMinecraftForge for SecureJarResource(minecraft)
[18May2025 00:28:34.919] [main/DEBUG] [mixin/]: MixinPlatformAgentMinecraftForge rejected container SecureJarResource(minecraft)
[18May2025 00:28:34.920] [main/DEBUG] [mixin/]: Instancing new MixinPlatformAgentDefault for SecureJarResource(minecraft)
[18May2025 00:28:34.920] [main/DEBUG] [mixin/]: MixinPlatformAgentDefault accepted container SecureJarResource(minecraft)
[18May2025 00:28:34.920] [main/DEBUG] [mixin/]: Processing prepare() for PlatformAgent[MixinPlatformAgentDefault:SecureJarResource(minecraft)]
[18May2025 00:28:34.922] [main/DEBUG] [mixin/]: Adding mixin platform agents for container SecureJarResource(doppelgangermod)
[18May2025 00:28:34.922] [main/DEBUG] [mixin/]: Instancing new MixinPlatformAgentMinecraftForge for SecureJarResource(doppelgangermod)
[18May2025 00:28:34.922] [main/DEBUG] [mixin/]: MixinPlatformAgentMinecraftForge rejected container SecureJarResource(doppelgangermod)
[18May2025 00:28:34.922] [main/DEBUG] [mixin/]: Instancing new MixinPlatformAgentDefault for SecureJarResource(doppelgangermod)
[18May2025 00:28:34.922] [main/DEBUG] [mixin/]: MixinPlatformAgentDefault accepted container SecureJarResource(doppelgangermod)
[18May2025 00:28:34.925] [main/DEBUG] [mixin/]: Processing prepare() for PlatformAgent[MixinPlatformAgentDefault:SecureJarResource(doppelgangermod)]
[18May2025 00:28:34.925] [main/DEBUG] [mixin/]: Adding mixin platform agents for container SecureJarResource(befalltwo)
[18May2025 00:28:34.925] [main/DEBUG] [mixin/]: Instancing new MixinPlatformAgentMinecraftForge for SecureJarResource(befalltwo)
[18May2025 00:28:34.925] [main/DEBUG] [mixin/]: MixinPlatformAgentMinecraftForge rejected container SecureJarResource(befalltwo)
[18May2025 00:28:34.925] [main/DEBUG] [mixin/]: Instancing new MixinPlatformAgentDefault for SecureJarResource(befalltwo)
[18May2025 00:28:34.925] [main/DEBUG] [mixin/]: MixinPlatformAgentDefault accepted container SecureJarResource(befalltwo)
[18May2025 00:28:34.926] [main/DEBUG] [mixin/]: Processing prepare() for PlatformAgent[MixinPlatformAgentDefault:SecureJarResource(befalltwo)]
[18May2025 00:28:34.926] [main/DEBUG] [mixin/]: Adding mixin platform agents for container SecureJarResource(mixinextras)
[18May2025 00:28:34.928] [main/DEBUG] [mixin/]: Instancing new MixinPlatformAgentMinecraftForge for SecureJarResource(mixinextras)
[18May2025 00:28:34.928] [main/DEBUG] [mixin/]: MixinPlatformAgentMinecraftForge rejected container SecureJarResource(mixinextras)
[18May2025 00:28:34.928] [main/DEBUG] [mixin/]: Instancing new MixinPlatformAgentDefault for SecureJarResource(mixinextras)
[18May2025 00:28:34.929] [main/DEBUG] [mixin/]: MixinPlatformAgentDefault accepted container SecureJarResource(mixinextras)
[18May2025 00:28:34.929] [main/DEBUG] [mixin/]: Processing prepare() for PlatformAgent[MixinPlatformAgentDefault:SecureJarResource(mixinextras)]
[18May2025 00:28:34.929] [main/DEBUG] [mixin/]: Registering mixin config: mixinextras.init.mixins.json
[18May2025 00:28:34.978] [main/DEBUG] [mixin/]: Adding mixin platform agents for container SecureJarResource(geckolib)
[18May2025 00:28:34.979] [main/DEBUG] [mixin/]: Instancing new MixinPlatformAgentMinecraftForge for SecureJarResource(geckolib)
[18May2025 00:28:34.979] [main/DEBUG] [mixin/]: MixinPlatformAgentMinecraftForge rejected container SecureJarResource(geckolib)
[18May2025 00:28:34.979] [main/DEBUG] [mixin/]: Instancing new MixinPlatformAgentDefault for SecureJarResource(geckolib)
[18May2025 00:28:34.979] [main/DEBUG] [mixin/]: MixinPlatformAgentDefault accepted container SecureJarResource(geckolib)
[18May2025 00:28:34.979] [main/DEBUG] [mixin/]: Processing prepare() for PlatformAgent[MixinPlatformAgentDefault:SecureJarResource(geckolib)]
[18May2025 00:28:34.979] [main/DEBUG] [mixin/]: Registering mixin config: geckolib.mixins.json
[18May2025 00:28:34.987] [main/DEBUG] [mixin/]: Compatibility level JAVA_17 specified by geckolib.mixins.json is higher than the maximum level supported by this version of mixin (JAVA_13).
[18May2025 00:28:34.997] [main/INFO] [mixin/]: Compatibility level set to JAVA_17
[18May2025 00:28:34.998] [main/DEBUG] [mixin/]: Adding mixin platform agents for container SecureJarResource(cave_dweller)
[18May2025 00:28:34.998] [main/DEBUG] [mixin/]: Instancing new MixinPlatformAgentMinecraftForge for SecureJarResource(cave_dweller)
[18May2025 00:28:34.998] [main/DEBUG] [mixin/]: MixinPlatformAgentMinecraftForge rejected container SecureJarResource(cave_dweller)
[18May2025 00:28:34.998] [main/DEBUG] [mixin/]: Instancing new MixinPlatformAgentDefault for SecureJarResource(cave_dweller)
[18May2025 00:28:34.998] [main/DEBUG] [mixin/]: MixinPlatformAgentDefault accepted container SecureJarResource(cave_dweller)
[18May2025 00:28:34.999] [main/DEBUG] [mixin/]: Processing prepare() for PlatformAgent[MixinPlatformAgentDefault:SecureJarResource(cave_dweller)]
[18May2025 00:28:34.999] [main/DEBUG] [mixin/]: Registering mixin config: cave_dweller.mixins.json
[18May2025 00:28:35.005] [main/DEBUG] [mixin/]: Adding mixin platform agents for container SecureJarResource(watching)
[18May2025 00:28:35.012] [main/DEBUG] [mixin/]: Instancing new MixinPlatformAgentMinecraftForge for SecureJarResource(watching)
[18May2025 00:28:35.012] [main/DEBUG] [mixin/]: MixinPlatformAgentMinecraftForge rejected container SecureJarResource(watching)
[18May2025 00:28:35.012] [main/DEBUG] [mixin/]: Instancing new MixinPlatformAgentDefault for SecureJarResource(watching)
[18May2025 00:28:35.012] [main/DEBUG] [mixin/]: MixinPlatformAgentDefault accepted container SecureJarResource(watching)
[18May2025 00:28:35.012] [main/DEBUG] [mixin/]: Processing prepare() for PlatformAgent[MixinPlatformAgentDefault:SecureJarResource(watching)]
[18May2025 00:28:35.012] [main/DEBUG] [mixin/]: Adding mixin platform agents for container SecureJarResource(minezero)
[18May2025 00:28:35.012] [main/DEBUG] [mixin/]: Instancing new MixinPlatformAgentMinecraftForge for SecureJarResource(minezero)
[18May2025 00:28:35.012] [main/DEBUG] [mixin/]: MixinPlatformAgentMinecraftForge rejected container SecureJarResource(minezero)
[18May2025 00:28:35.013] [main/DEBUG] [mixin/]: Instancing new MixinPlatformAgentDefault for SecureJarResource(minezero)
[18May2025 00:28:35.013] [main/DEBUG] [mixin/]: MixinPlatformAgentDefault accepted container SecureJarResource(minezero)
[18May2025 00:28:35.013] [main/DEBUG] [mixin/]: Processing prepare() for PlatformAgent[MixinPlatformAgentDefault:SecureJarResource(minezero)]
[18May2025 00:28:35.013] [main/DEBUG] [mixin/]: Adding mixin platform agents for container SecureJarResource(tacz)
[18May2025 00:28:35.013] [main/DEBUG] [mixin/]: Instancing new MixinPlatformAgentMinecraftForge for SecureJarResource(tacz)
[18May2025 00:28:35.013] [main/DEBUG] [mixin/]: MixinPlatformAgentMinecraftForge rejected container SecureJarResource(tacz)
[18May2025 00:28:35.013] [main/DEBUG] [mixin/]: Instancing new MixinPlatformAgentDefault for SecureJarResource(tacz)
[18May2025 00:28:35.013] [main/DEBUG] [mixin/]: MixinPlatformAgentDefault accepted container SecureJarResource(tacz)
[18May2025 00:28:35.013] [main/DEBUG] [mixin/]: Processing prepare() for PlatformAgent[MixinPlatformAgentDefault:SecureJarResource(tacz)]
[18May2025 00:28:35.013] [main/DEBUG] [mixin/]: Registering mixin config: tacz.mixins.json
[18May2025 00:28:35.030] [main/DEBUG] [mixin/]: Adding mixin platform agents for container SecureJarResource(the_anomaly)
[18May2025 00:28:35.030] [main/DEBUG] [mixin/]: Instancing new MixinPlatformAgentMinecraftForge for SecureJarResource(the_anomaly)
[18May2025 00:28:35.030] [main/DEBUG] [mixin/]: MixinPlatformAgentMinecraftForge rejected container SecureJarResource(the_anomaly)
[18May2025 00:28:35.030] [main/DEBUG] [mixin/]: Instancing new MixinPlatformAgentDefault for SecureJarResource(the_anomaly)
[18May2025 00:28:35.030] [main/DEBUG] [mixin/]: MixinPlatformAgentDefault accepted container SecureJarResource(the_anomaly)
[18May2025 00:28:35.030] [main/DEBUG] [mixin/]: Processing prepare() for PlatformAgent[MixinPlatformAgentDefault:SecureJarResource(the_anomaly)]
[18May2025 00:28:35.031] [main/DEBUG] [mixin/]: Adding mixin platform agents for container SecureJarResource(goat_man)
[18May2025 00:28:35.031] [main/DEBUG] [mixin/]: Instancing new MixinPlatformAgentMinecraftForge for SecureJarResource(goat_man)
[18May2025 00:28:35.031] [main/DEBUG] [mixin/]: MixinPlatformAgentMinecraftForge rejected container SecureJarResource(goat_man)
[18May2025 00:28:35.031] [main/DEBUG] [mixin/]: Instancing new MixinPlatformAgentDefault for SecureJarResource(goat_man)
[18May2025 00:28:35.031] [main/DEBUG] [mixin/]: MixinPlatformAgentDefault accepted container SecureJarResource(goat_man)
[18May2025 00:28:35.031] [main/DEBUG] [mixin/]: Processing prepare() for PlatformAgent[MixinPlatformAgentDefault:SecureJarResource(goat_man)]
[18May2025 00:28:35.031] [main/DEBUG] [mixin/]: Registering mixin config: goat_man.mixins.json
[18May2025 00:28:35.041] [main/DEBUG] [mixin/]: Adding mixin platform agents for container SecureJarResource(forge)
[18May2025 00:28:35.043] [main/DEBUG] [mixin/]: Instancing new MixinPlatformAgentMinecraftForge for SecureJarResource(forge)
[18May2025 00:28:35.043] [main/DEBUG] [mixin/]: MixinPlatformAgentMinecraftForge rejected container SecureJarResource(forge)
[18May2025 00:28:35.043] [main/DEBUG] [mixin/]: Instancing new MixinPlatformAgentDefault for SecureJarResource(forge)
[18May2025 00:28:35.043] [main/DEBUG] [mixin/]: MixinPlatformAgentDefault accepted container SecureJarResource(forge)
[18May2025 00:28:35.043] [main/DEBUG] [mixin/]: Processing prepare() for PlatformAgent[MixinPlatformAgentDefault:SecureJarResource(forge)]
[18May2025 00:28:35.043] [main/DEBUG] [mixin/]: Adding mixin platform agents for container SecureJarResource(the_aberration)
[18May2025 00:28:35.043] [main/DEBUG] [mixin/]: Instancing new MixinPlatformAgentMinecraftForge for SecureJarResource(the_aberration)
[18May2025 00:28:35.044] [main/DEBUG] [mixin/]: MixinPlatformAgentMinecraftForge rejected container SecureJarResource(the_aberration)
[18May2025 00:28:35.044] [main/DEBUG] [mixin/]: Instancing new MixinPlatformAgentDefault for SecureJarResource(the_aberration)
[18May2025 00:28:35.049] [main/DEBUG] [mixin/]: MixinPlatformAgentDefault accepted container SecureJarResource(the_aberration)
[18May2025 00:28:35.064] [main/DEBUG] [mixin/]: Processing prepare() for PlatformAgent[MixinPlatformAgentDefault:SecureJarResource(the_aberration)]
[18May2025 00:28:35.064] [main/DEBUG] [mixin/]: Adding mixin platform agents for container SecureJarResource(doctor_nowhere)
[18May2025 00:28:35.064] [main/DEBUG] [mixin/]: Instancing new MixinPlatformAgentMinecraftForge for SecureJarResource(doctor_nowhere)
[18May2025 00:28:35.064] [main/DEBUG] [mixin/]: MixinPlatformAgentMinecraftForge rejected container SecureJarResource(doctor_nowhere)
[18May2025 00:28:35.065] [main/DEBUG] [mixin/]: Instancing new MixinPlatformAgentDefault for SecureJarResource(doctor_nowhere)
[18May2025 00:28:35.065] [main/DEBUG] [mixin/]: MixinPlatformAgentDefault accepted container SecureJarResource(doctor_nowhere)
[18May2025 00:28:35.065] [main/DEBUG] [mixin/]: Processing prepare() for PlatformAgent[MixinPlatformAgentDefault:SecureJarResource(doctor_nowhere)]
[18May2025 00:28:35.065] [main/DEBUG] [mixin/]: Adding mixin platform agents for container SecureJarResource(citadel)
[18May2025 00:28:35.065] [main/DEBUG] [mixin/]: Instancing new MixinPlatformAgentMinecraftForge for SecureJarResource(citadel)
[18May2025 00:28:35.065] [main/DEBUG] [mixin/]: MixinPlatformAgentMinecraftForge rejected container SecureJarResource(citadel)
[18May2025 00:28:35.065] [main/DEBUG] [mixin/]: Instancing new MixinPlatformAgentDefault for SecureJarResource(citadel)
[18May2025 00:28:35.065] [main/DEBUG] [mixin/]: MixinPlatformAgentDefault accepted container SecureJarResource(citadel)
[18May2025 00:28:35.066] [main/DEBUG] [mixin/]: Processing prepare() for PlatformAgent[MixinPlatformAgentDefault:SecureJarResource(citadel)]
[18May2025 00:28:35.066] [main/DEBUG] [mixin/]: Registering mixin config: citadel.mixins.json
[18May2025 00:28:35.071] [main/DEBUG] [mixin/]: Adding mixin platform agents for container SecureJarResource(alexscaves)
[18May2025 00:28:35.072] [main/DEBUG] [mixin/]: Instancing new MixinPlatformAgentMinecraftForge for SecureJarResource(alexscaves)
[18May2025 00:28:35.081] [main/DEBUG] [mixin/]: MixinPlatformAgentMinecraftForge rejected container SecureJarResource(alexscaves)
[18May2025 00:28:35.081] [main/DEBUG] [mixin/]: Instancing new MixinPlatformAgentDefault for SecureJarResource(alexscaves)
[18May2025 00:28:35.081] [main/DEBUG] [mixin/]: MixinPlatformAgentDefault accepted container SecureJarResource(alexscaves)
[18May2025 00:28:35.081] [main/DEBUG] [mixin/]: Processing prepare() for PlatformAgent[MixinPlatformAgentDefault:SecureJarResource(alexscaves)]
[18May2025 00:28:35.081] [main/DEBUG] [mixin/]: Registering mixin config: citadel.mixins.json
[18May2025 00:28:35.081] [main/DEBUG] [mixin/]: Registering mixin config: alexscaves.mixins.json
[18May2025 00:28:35.088] [main/DEBUG] [mixin/]: Adding mixin platform agents for container SecureJarResource(the_boiled_one)
[18May2025 00:28:35.088] [main/DEBUG] [mixin/]: Instancing new MixinPlatformAgentMinecraftForge for SecureJarResource(the_boiled_one)
[18May2025 00:28:35.088] [main/DEBUG] [mixin/]: MixinPlatformAgentMinecraftForge rejected container SecureJarResource(the_boiled_one)
[18May2025 00:28:35.088] [main/DEBUG] [mixin/]: Instancing new MixinPlatformAgentDefault for SecureJarResource(the_boiled_one)
[18May2025 00:28:35.088] [main/DEBUG] [mixin/]: MixinPlatformAgentDefault accepted container SecureJarResource(the_boiled_one)
[18May2025 00:28:35.088] [main/DEBUG] [mixin/]: Processing prepare() for PlatformAgent[MixinPlatformAgentDefault:SecureJarResource(the_boiled_one)]
[18May2025 00:28:35.088] [main/DEBUG] [mixin/]: Adding mixin platform agents for container SecureJarResource(mclib)
[18May2025 00:28:35.088] [main/DEBUG] [mixin/]: Instancing new MixinPlatformAgentMinecraftForge for SecureJarResource(mclib)
[18May2025 00:28:35.089] [main/DEBUG] [mixin/]: MixinPlatformAgentMinecraftForge rejected container SecureJarResource(mclib)
[18May2025 00:28:35.089] [main/DEBUG] [mixin/]: Instancing new MixinPlatformAgentDefault for SecureJarResource(mclib)
[18May2025 00:28:35.089] [main/DEBUG] [mixin/]: MixinPlatformAgentDefault accepted container SecureJarResource(mclib)
[18May2025 00:28:35.089] [main/DEBUG] [mixin/]: Processing prepare() for PlatformAgent[MixinPlatformAgentDefault:SecureJarResource(mclib)]
[18May2025 00:28:35.089] [main/DEBUG] [mixin/]: Adding mixin platform agents for container SecureJarResource(MixinExtras)
[18May2025 00:28:35.089] [main/DEBUG] [mixin/]: Instancing new MixinPlatformAgentMinecraftForge for SecureJarResource(MixinExtras)
[18May2025 00:28:35.089] [main/DEBUG] [mixin/]: MixinPlatformAgentMinecraftForge rejected container SecureJarResource(MixinExtras)
[18May2025 00:28:35.089] [main/DEBUG] [mixin/]: Instancing new MixinPlatformAgentDefault for SecureJarResource(MixinExtras)
[18May2025 00:28:35.089] [main/DEBUG] [mixin/]: MixinPlatformAgentDefault accepted container SecureJarResource(MixinExtras)
[18May2025 00:28:35.089] [main/DEBUG] [mixin/]: Processing prepare() for PlatformAgent[MixinPlatformAgentDefault:SecureJarResource(MixinExtras)]
[18May2025 00:28:35.089] [main/DEBUG] [mixin/]: Adding mixin platform agents for container SecureJarResource(luaj.jse.figura)
[18May2025 00:28:35.089] [main/DEBUG] [mixin/]: Instancing new MixinPlatformAgentMinecraftForge for SecureJarResource(luaj.jse.figura)
[18May2025 00:28:35.089] [main/DEBUG] [mixin/]: MixinPlatformAgentMinecraftForge rejected container SecureJarResource(luaj.jse.figura)
[18May2025 00:28:35.090] [main/DEBUG] [mixin/]: Instancing new MixinPlatformAgentDefault for SecureJarResource(luaj.jse.figura)
[18May2025 00:28:35.090] [main/DEBUG] [mixin/]: MixinPlatformAgentDefault accepted container SecureJarResource(luaj.jse.figura)
[18May2025 00:28:35.095] [main/DEBUG] [mixin/]: Processing prepare() for PlatformAgent[MixinPlatformAgentDefault:SecureJarResource(luaj.jse.figura)]
[18May2025 00:28:35.095] [main/DEBUG] [mixin/]: Adding mixin platform agents for container SecureJarResource(org.apache.bcel)
[18May2025 00:28:35.095] [main/DEBUG] [mixin/]: Instancing new MixinPlatformAgentMinecraftForge for SecureJarResource(org.apache.bcel)
[18May2025 00:28:35.095] [main/DEBUG] [mixin/]: MixinPlatformAgentMinecraftForge rejected container SecureJarResource(org.apache.bcel)
[18May2025 00:28:35.095] [main/DEBUG] [mixin/]: Instancing new MixinPlatformAgentDefault for SecureJarResource(org.apache.bcel)
[18May2025 00:28:35.095] [main/DEBUG] [mixin/]: MixinPlatformAgentDefault accepted container SecureJarResource(org.apache.bcel)
[18May2025 00:28:35.095] [main/DEBUG] [mixin/]: Processing prepare() for PlatformAgent[MixinPlatformAgentDefault:SecureJarResource(org.apache.bcel)]
[18May2025 00:28:35.095] [main/DEBUG] [mixin/]: Adding mixin platform agents for container SecureJarResource(luaj.core.figura)
[18May2025 00:28:35.095] [main/DEBUG] [mixin/]: Instancing new MixinPlatformAgentMinecraftForge for SecureJarResource(luaj.core.figura)
[18May2025 00:28:35.096] [main/DEBUG] [mixin/]: MixinPlatformAgentMinecraftForge rejected container SecureJarResource(luaj.core.figura)
[18May2025 00:28:35.096] [main/DEBUG] [mixin/]: Instancing new MixinPlatformAgentDefault for SecureJarResource(luaj.core.figura)
[18May2025 00:28:35.096] [main/DEBUG] [mixin/]: MixinPlatformAgentDefault accepted container SecureJarResource(luaj.core.figura)
[18May2025 00:28:35.096] [main/DEBUG] [mixin/]: Processing prepare() for PlatformAgent[MixinPlatformAgentDefault:SecureJarResource(luaj.core.figura)]
[18May2025 00:28:35.096] [main/DEBUG] [mixin/]: Adding mixin platform agents for container SecureJarResource(commons.math3)
[18May2025 00:28:35.096] [main/DEBUG] [mixin/]: Instancing new MixinPlatformAgentMinecraftForge for SecureJarResource(commons.math3)
[18May2025 00:28:35.096] [main/DEBUG] [mixin/]: MixinPlatformAgentMinecraftForge rejected container SecureJarResource(commons.math3)
[18May2025 00:28:35.096] [main/DEBUG] [mixin/]: Instancing new MixinPlatformAgentDefault for SecureJarResource(commons.math3)
[18May2025 00:28:35.096] [main/DEBUG] [mixin/]: MixinPlatformAgentDefault accepted container SecureJarResource(commons.math3)
[18May2025 00:28:35.096] [main/DEBUG] [mixin/]: Processing prepare() for PlatformAgent[MixinPlatformAgentDefault:SecureJarResource(commons.math3)]
[18May2025 00:28:35.096] [main/DEBUG] [mixin/]: inject() running with 24 agents
[18May2025 00:28:35.097] [main/DEBUG] [mixin/]: Processing inject() for PlatformAgent[MixinPlatformAgentDefault:ModLauncher Root Container(ModLauncher:4f56a0a2)]
[18May2025 00:28:35.097] [main/DEBUG] [mixin/]: Processing inject() for PlatformAgent[MixinPlatformAgentDefault:SecureJarResource(minecraft)]
[18May2025 00:28:35.101] [main/DEBUG] [mixin/]: Processing inject() for PlatformAgent[MixinPlatformAgentDefault:SecureJarResource(doppelgangermod)]
[18May2025 00:28:35.101] [main/DEBUG] [mixin/]: Processing inject() for PlatformAgent[MixinPlatformAgentDefault:SecureJarResource(befalltwo)]
[18May2025 00:28:35.101] [main/DEBUG] [mixin/]: Processing inject() for PlatformAgent[MixinPlatformAgentDefault:SecureJarResource(mixinextras)]
[18May2025 00:28:35.101] [main/DEBUG] [mixin/]: Processing inject() for PlatformAgent[MixinPlatformAgentDefault:SecureJarResource(geckolib)]
[18May2025 00:28:35.101] [main/DEBUG] [mixin/]: Processing inject() for PlatformAgent[MixinPlatformAgentDefault:SecureJarResource(cave_dweller)]
[18May2025 00:28:35.101] [main/DEBUG] [mixin/]: Processing inject() for PlatformAgent[MixinPlatformAgentDefault:SecureJarResource(watching)]
[18May2025 00:28:35.101] [main/DEBUG] [mixin/]: Processing inject() for PlatformAgent[MixinPlatformAgentDefault:SecureJarResource(minezero)]
[18May2025 00:28:35.101] [main/DEBUG] [mixin/]: Processing inject() for PlatformAgent[MixinPlatformAgentDefault:SecureJarResource(tacz)]
[18May2025 00:28:35.102] [main/DEBUG] [mixin/]: Processing inject() for PlatformAgent[MixinPlatformAgentDefault:SecureJarResource(the_anomaly)]
[18May2025 00:28:35.102] [main/DEBUG] [mixin/]: Processing inject() for PlatformAgent[MixinPlatformAgentDefault:SecureJarResource(goat_man)]
[18May2025 00:28:35.102] [main/DEBUG] [mixin/]: Processing inject() for PlatformAgent[MixinPlatformAgentDefault:SecureJarResource(forge)]
[18May2025 00:28:35.102] [main/DEBUG] [mixin/]: Processing inject() for PlatformAgent[MixinPlatformAgentDefault:SecureJarResource(the_aberration)]
[18May2025 00:28:35.102] [main/DEBUG] [mixin/]: Processing inject() for PlatformAgent[MixinPlatformAgentDefault:SecureJarResource(doctor_nowhere)]
[18May2025 00:28:35.102] [main/DEBUG] [mixin/]: Processing inject() for PlatformAgent[MixinPlatformAgentDefault:SecureJarResource(citadel)]
[18May2025 00:28:35.102] [main/DEBUG] [mixin/]: Processing inject() for PlatformAgent[MixinPlatformAgentDefault:SecureJarResource(alexscaves)]
[18May2025 00:28:35.102] [main/DEBUG] [mixin/]: Processing inject() for PlatformAgent[MixinPlatformAgentDefault:SecureJarResource(the_boiled_one)]
[18May2025 00:28:35.102] [main/DEBUG] [mixin/]: Processing inject() for PlatformAgent[MixinPlatformAgentDefault:SecureJarResource(mclib)]
[18May2025 00:28:35.102] [main/DEBUG] [mixin/]: Processing inject() for PlatformAgent[MixinPlatformAgentDefault:SecureJarResource(MixinExtras)]
[18May2025 00:28:35.103] [main/DEBUG] [mixin/]: Processing inject() for PlatformAgent[MixinPlatformAgentDefault:SecureJarResource(luaj.jse.figura)]
[18May2025 00:28:35.103] [main/DEBUG] [mixin/]: Processing inject() for PlatformAgent[MixinPlatformAgentDefault:SecureJarResource(org.apache.bcel)]
[18May2025 00:28:35.103] [main/DEBUG] [mixin/]: Processing inject() for PlatformAgent[MixinPlatformAgentDefault:SecureJarResource(luaj.core.figura)]
[18May2025 00:28:35.110] [main/DEBUG] [mixin/]: Processing inject() for PlatformAgent[MixinPlatformAgentDefault:SecureJarResource(commons.math3)]
[18May2025 00:28:35.110] [main/INFO] [cpw.mods.modlauncher.LaunchServiceHandler/MODLAUNCHER]: Launching target 'forgeserver' with arguments [nogui]
[18May2025 00:28:35.198] [main/DEBUG] [mixin/]: Error cleaning class output directory: .mixin.out
[18May2025 00:28:35.203] [main/DEBUG] [mixin/]: Preparing mixins for MixinEnvironment[DEFAULT]
[18May2025 00:28:35.203] [main/DEBUG] [mixin/]: Selecting config mixinextras.init.mixins.json
[18May2025 00:28:35.288] [main/DEBUG] [MixinExtras|Service/]: com.llamalad7.mixinextras.service.MixinExtrasServiceImpl(version=0.3.6) is taking over from null
[18May2025 00:28:35.410] [main/DEBUG] [mixin/]: Registering new injector for @Inject with org.spongepowered.asm.mixin.injection.struct.CallbackInjectionInfo
[18May2025 00:28:35.412] [main/DEBUG] [mixin/]: Registering new injector for @ModifyArg with org.spongepowered.asm.mixin.injection.struct.ModifyArgInjectionInfo
[18May2025 00:28:35.417] [main/DEBUG] [mixin/]: Registering new injector for @ModifyArgs with org.spongepowered.asm.mixin.injection.struct.ModifyArgsInjectionInfo
[18May2025 00:28:35.421] [main/DEBUG] [mixin/]: Registering new injector for @Redirect with org.spongepowered.asm.mixin.injection.struct.RedirectInjectionInfo
[18May2025 00:28:35.422] [main/DEBUG] [mixin/]: Registering new injector for @ModifyVariable with org.spongepowered.asm.mixin.injection.struct.ModifyVariableInjectionInfo
[18May2025 00:28:35.426] [main/DEBUG] [mixin/]: Registering new injector for @ModifyConstant with org.spongepowered.asm.mixin.injection.struct.ModifyConstantInjectionInfo
[18May2025 00:28:35.452] [main/DEBUG] [mixin/]: Selecting config geckolib.mixins.json
[18May2025 00:28:35.453] [main/DEBUG] [mixin/]: Selecting config cave_dweller.mixins.json
[18May2025 00:28:35.458] [main/DEBUG] [mixin/]: Selecting config tacz.mixins.json
[18May2025 00:28:35.462] [main/DEBUG] [mixin/]: Selecting config goat_man.mixins.json
[18May2025 00:28:35.463] [main/DEBUG] [mixin/]: Selecting config citadel.mixins.json
[18May2025 00:28:35.466] [main/DEBUG] [mixin/]: Selecting config alexscaves.mixins.json
[18May2025 00:28:35.474] [main/DEBUG] [mixin/]: Preparing mixinextras.init.mixins.json (0)
[18May2025 00:28:35.475] [main/DEBUG] [mixin/]: Preparing geckolib.mixins.json (1)
[18May2025 00:28:35.475] [main/DEBUG] [mixin/]: Preparing cave_dweller.mixins.json (3)
[18May2025 00:28:35.614] [main/DEBUG] [mixin/]: Preparing tacz.mixins.json (14)
[18May2025 00:28:35.671] [main/DEBUG] [mixin/]: Preparing goat_man.mixins.json (3)
[18May2025 00:28:35.675] [main/DEBUG] [mixin/]: Preparing citadel.mixins.json (15)
[18May2025 00:28:35.787] [main/DEBUG] [mixin/]: Preparing alexscaves.mixins.json (52)
[18May2025 00:28:36.031] [main/DEBUG] [net.minecraftforge.coremod.transformer.CoreModBaseTransformer/COREMOD]: Transforming net/minecraft/world/level/NaturalSpawner
[18May2025 00:28:36.626] [main/DEBUG] [net.minecraftforge.coremod.transformer.CoreModBaseTransformer/COREMOD]: Transforming net/minecraft/world/level/levelgen/structure/structures/SwampHutPiece
[18May2025 00:28:36.766] [main/DEBUG] [mixin/]: Prepared 44 mixins in 1.560 sec (35.5ms avg) (0ms load, 0ms transform, 0ms plugin)
[18May2025 00:28:36.796] [main/INFO] [MixinExtras|Service/]: Initializing MixinExtras via com.llamalad7.mixinextras.service.MixinExtrasServiceImpl(version=0.3.6).
[18May2025 00:28:36.797] [main/DEBUG] [mixin/]: Registering new injector for @SugarWrapper with com.llamalad7.mixinextras.sugar.impl.SugarWrapperInjectionInfo
[18May2025 00:28:36.798] [main/DEBUG] [mixin/]: Registering new injector for @FactoryRedirectWrapper with com.llamalad7.mixinextras.wrapper.factory.FactoryRedirectWrapperInjectionInfo
[18May2025 00:28:36.805] [main/DEBUG] [mixin/]: Mixing MinecraftServerMixin from citadel.mixins.json into net.minecraft.server.MinecraftServer
[18May2025 00:28:37.001] [main/DEBUG] [io.netty.util.internal.logging.InternalLoggerFactory/]: Using SLF4J as the default logging framework
[18May2025 00:28:37.005] [main/DEBUG] [io.netty.util.ResourceLeakDetector/]: -Dio.netty.leakDetection.level: simple
[18May2025 00:28:37.007] [main/DEBUG] [io.netty.util.ResourceLeakDetector/]: -Dio.netty.leakDetection.targetRecords: 4
[18May2025 00:28:37.233] [main/DEBUG] [oshi.util.FileUtil/]: No oshi.properties file found from ClassLoader cpw.mods.modlauncher.TransformingClassLoader@36c281ed
[18May2025 00:28:37.234] [main/DEBUG] [oshi.util.FileUtil/]: No oshi.properties file found from ClassLoader jdk.internal.loader.ClassLoaders$AppClassLoader@76ed5528
[18May2025 00:28:37.358] [main/DEBUG] [oshi.util.FileUtil/]: Reading file /proc/self/auxv
[18May2025 00:28:37.358] [main/DEBUG] [oshi.util.FileUtil/]: Reading file /proc/self/auxv
[18May2025 00:28:37.375] [main/DEBUG] [oshi.util.FileUtil/]: Reading file /proc/stat
[18May2025 00:28:37.399] [main/DEBUG] [oshi.util.FileUtil/]: Reading file /sys/devices/system/cpu/cpu0/topology/core_id
[18May2025 00:28:37.399] [main/DEBUG] [oshi.util.FileUtil/]: Reading file /sys/devices/system/cpu/cpu0/topology/core_id
[18May2025 00:28:37.400] [main/DEBUG] [oshi.util.FileUtil/]: Reading file /sys/devices/system/cpu/cpu0/topology/physical_package_id
[18May2025 00:28:37.402] [main/DEBUG] [oshi.util.FileUtil/]: Reading file /sys/devices/system/cpu/cpu0/topology/physical_package_id
[18May2025 00:28:37.402] [main/DEBUG] [oshi.util.FileUtil/]: Reading file /sys/devices/system/cpu/cpu0/cpu_capacity
[18May2025 00:28:37.407] [main/DEBUG] [oshi.util.FileUtil/]: Reading file /sys/devices/system/cpu/cpu1/topology/core_id
[18May2025 00:28:37.408] [main/DEBUG] [oshi.util.FileUtil/]: Reading file /sys/devices/system/cpu/cpu1/topology/core_id
[18May2025 00:28:37.408] [main/DEBUG] [oshi.util.FileUtil/]: Reading file /sys/devices/system/cpu/cpu1/topology/physical_package_id
[18May2025 00:28:37.408] [main/DEBUG] [oshi.util.FileUtil/]: Reading file /sys/devices/system/cpu/cpu1/topology/physical_package_id
[18May2025 00:28:37.408] [main/DEBUG] [oshi.util.FileUtil/]: Reading file /sys/devices/system/cpu/cpu1/cpu_capacity
[18May2025 00:28:37.412] [main/DEBUG] [oshi.util.FileUtil/]: Reading file /proc/cpuinfo
[18May2025 00:28:37.429] [main/DEBUG] [oshi.util.FileUtil/]: Reading file /proc/self/auxv
[18May2025 00:28:37.434] [main/DEBUG] [oshi.util.FileUtil/]: No oshi.architecture.properties file found from ClassLoader cpw.mods.modlauncher.TransformingClassLoader@36c281ed
[18May2025 00:28:37.434] [main/DEBUG] [oshi.util.FileUtil/]: No oshi.architecture.properties file found from ClassLoader jdk.internal.loader.ClassLoaders$AppClassLoader@76ed5528
[18May2025 00:28:37.463] [main/DEBUG] [oshi.util.FileUtil/]: Reading file /proc/meminfo
[18May2025 00:28:37.466] [main/DEBUG] [oshi.util.FileUtil/]: Reading file /proc/meminfo
[18May2025 00:28:37.699] [main/DEBUG] [mixin/]: Mixing EntityMixin from alexscaves.mixins.json into net.minecraft.world.entity.Entity
[18May2025 00:28:37.851] [main/DEBUG] [net.minecraftforge.coremod.transformer.CoreModBaseTransformer/COREMOD]: Transforming net/minecraft/world/entity/EntityType
[18May2025 00:28:38.092] [main/DEBUG] [net.minecraftforge.coremod.transformer.CoreModBaseTransformer/COREMOD]: Transforming net/minecraft/world/item/ItemStack
[18May2025 00:28:38.465] [main/DEBUG] [mixin/]: Mixing MixinLivingEntity from cave_dweller.mixins.json into net.minecraft.world.entity.LivingEntity
[18May2025 00:28:38.485] [main/DEBUG] [mixin/]: Mixing common.LivingEntityMixin from tacz.mixins.json into net.minecraft.world.entity.LivingEntity
[18May2025 00:28:38.501] [main/DEBUG] [mixin/]: Renaming synthetic method lambda$initialData$0()Lnet/minecraft/world/item/ItemStack; to md8af760$lambda$initialData$0$0 in tacz.mixins.json:common.LivingEntityMixin
[18May2025 00:28:38.620] [main/DEBUG] [mixin/]: Mixing MixinLivingEntity from goat_man.mixins.json into net.minecraft.world.entity.LivingEntity
[18May2025 00:28:38.638] [main/DEBUG] [mixin/]: Mixing LivingEntityMixin from citadel.mixins.json into net.minecraft.world.entity.LivingEntity
[18May2025 00:28:38.647] [main/DEBUG] [mixin/]: Mixing LivingEntityMixin from alexscaves.mixins.json into net.minecraft.world.entity.LivingEntity
[18May2025 00:28:38.675] [main/DEBUG] [net.minecraftforge.coremod.transformer.CoreModBaseTransformer/COREMOD]: Transforming net/minecraft/world/effect/MobEffectInstance
[18May2025 00:28:39.057] [main/DEBUG] [mixin/]: Mixing LevelMixin from citadel.mixins.json into net.minecraft.world.level.Level
[18May2025 00:28:39.103] [main/DEBUG] [mixin/]: Mixing ServerLevelMixin from citadel.mixins.json into net.minecraft.server.level.ServerLevel
[18May2025 00:28:39.167] [main/DEBUG] [mixin/]: Mixing PlayerMixin from alexscaves.mixins.json into net.minecraft.world.entity.player.Player
[18May2025 00:28:39.292] [main/DEBUG] [net.minecraftforge.coremod.transformer.CoreModBaseTransformer/COREMOD]: Transforming net/minecraft/world/entity/EntityType
[18May2025 00:28:39.400] [main/DEBUG] [mixin/]: Mixing ChunkStatusMixin from alexscaves.mixins.json into net.minecraft.world.level.chunk.ChunkStatus
[18May2025 00:28:39.791] [main/DEBUG] [net.minecraftforge.coremod.transformer.CoreModBaseTransformer/COREMOD]: Transforming net/minecraft/world/level/block/LiquidBlock
[18May2025 00:28:39.840] [main/DEBUG] [net.minecraftforge.coremod.transformer.CoreModBaseTransformer/COREMOD]: Transforming net/minecraft/world/level/block/StairBlock
[18May2025 00:28:39.959] [main/DEBUG] [net.minecraftforge.coremod.transformer.CoreModBaseTransformer/COREMOD]: Transforming net/minecraft/world/level/block/FlowerPotBlock
[18May2025 00:28:40.154] [main/DEBUG] [mixin/]: Mixing FlowingFluidMixin from alexscaves.mixins.json into net.minecraft.world.level.material.FlowingFluid
[18May2025 00:28:40.339] [main/DEBUG] [mixin/]: Mixing FallingBlockEntityMixin from alexscaves.mixins.json into net.minecraft.world.entity.item.FallingBlockEntity
[18May2025 00:28:41.492] [main/DEBUG] [mixin/]: Mixing AbstractArrowMixin from alexscaves.mixins.json into net.minecraft.world.entity.projectile.AbstractArrow
[18May2025 00:28:41.546] [main/DEBUG] [mixin/]: Mixing MobMixin from alexscaves.mixins.json into net.minecraft.world.entity.Mob
[18May2025 00:28:41.628] [main/DEBUG] [mixin/]: Mixing MonsterMixin from alexscaves.mixins.json into net.minecraft.world.entity.monster.Monster
[18May2025 00:28:41.741] [main/DEBUG] [net.minecraftforge.coremod.transformer.CoreModBaseTransformer/COREMOD]: Transforming net/minecraft/world/item/ItemStack
[18May2025 00:28:42.532] [main/DEBUG] [mixin/]: Mixing SmithingMenuMixin from citadel.mixins.json into net.minecraft.world.inventory.SmithingMenu
[18May2025 00:28:43.056] [main/DEBUG] [net.minecraftforge.coremod.transformer.CoreModBaseTransformer/COREMOD]: Transforming net/minecraft/world/entity/animal/frog/Tadpole
[18May2025 00:28:43.142] [main/DEBUG] [net.minecraftforge.coremod.transformer.CoreModBaseTransformer/COREMOD]: Transforming net/minecraft/world/item/BucketItem
[18May2025 00:28:43.216] [main/DEBUG] [mixin/]: Mixing AbstractMinecartMixin from alexscaves.mixins.json into net.minecraft.world.entity.vehicle.AbstractMinecart
[18May2025 00:28:43.357] [main/DEBUG] [mixin/]: Mixing MixinPathNavigation from cave_dweller.mixins.json into net.minecraft.world.entity.ai.navigation.PathNavigation
[18May2025 00:28:43.360] [main/DEBUG] [mixin/]: Mixing MixinPathNavigation from goat_man.mixins.json into net.minecraft.world.entity.ai.navigation.PathNavigation
[18May2025 00:28:43.371] [main/DEBUG] [mixin/]: Mixing MixinGroundPathNavigation from cave_dweller.mixins.json into net.minecraft.world.entity.ai.navigation.GroundPathNavigation
[18May2025 00:28:43.373] [main/DEBUG] [mixin/]: Mixing MixinGroundPathNavigation from goat_man.mixins.json into net.minecraft.world.entity.ai.navigation.GroundPathNavigation
[18May2025 00:28:44.411] [main/DEBUG] [net.minecraftforge.coremod.transformer.CoreModBaseTransformer/COREMOD]: Transforming net/minecraft/world/entity/monster/Spider
[18May2025 00:28:44.474] [main/DEBUG] [net.minecraftforge.coremod.transformer.CoreModBaseTransformer/COREMOD]: Transforming net/minecraft/world/entity/monster/Zombie
[18May2025 00:28:44.625] [main/DEBUG] [net.minecraftforge.coremod.transformer.CoreModBaseTransformer/COREMOD]: Transforming net/minecraft/world/entity/monster/ZombieVillager
[18May2025 00:28:44.742] [main/DEBUG] [net.minecraftforge.coremod.transformer.CoreModBaseTransformer/COREMOD]: Transforming net/minecraft/world/entity/monster/Evoker$EvokerSummonSpellGoal
[18May2025 00:28:44.806] [main/DEBUG] [mixin/]: Mixing FrogMixin from alexscaves.mixins.json into net.minecraft.world.entity.animal.frog.Frog
[18May2025 00:28:45.008] [main/DEBUG] [net.minecraftforge.coremod.transformer.CoreModBaseTransformer/COREMOD]: Transforming net/minecraft/world/entity/animal/horse/SkeletonTrapGoal
[18May2025 00:28:45.032] [main/DEBUG] [net.minecraftforge.coremod.transformer.CoreModBaseTransformer/COREMOD]: Transforming net/minecraft/world/entity/monster/Strider
[18May2025 00:28:45.184] [main/DEBUG] [mixin/]: Mixing common.ServerPlayerMixin from tacz.mixins.json into net.minecraft.server.level.ServerPlayer
[18May2025 00:28:45.258] [main/DEBUG] [net.minecraftforge.coremod.transformer.CoreModBaseTransformer/COREMOD]: Transforming net/minecraft/world/entity/npc/Villager
[18May2025 00:28:45.524] [main/DEBUG] [net.minecraftforge.coremod.transformer.CoreModBaseTransformer/COREMOD]: Transforming net/minecraft/world/effect/MobEffectInstance
[18May2025 00:28:45.578] [main/DEBUG] [mixin/]: Mixing common.ServerGamePacketListenerImplMixin from tacz.mixins.json into net.minecraft.server.network.ServerGamePacketListenerImpl
[18May2025 00:28:45.580] [main/DEBUG] [mixin/]: Mixing common.ServerPlayNetHandlerMixin from tacz.mixins.json into net.minecraft.server.network.ServerGamePacketListenerImpl
[18May2025 00:28:45.731] [main/DEBUG] [mixin/]: Mixing ChunkGeneratorMixin from citadel.mixins.json into net.minecraft.world.level.chunk.ChunkGenerator
[18May2025 00:28:45.732] [main/DEBUG] [net.minecraftforge.coremod.transformer.CoreModBaseTransformer/COREMOD]: Transforming net/minecraft/world/level/biome/Biome
[18May2025 00:28:45.963] [main/DEBUG] [mixin/]: Mixing EnchantRandomlyFunctionMixin from alexscaves.mixins.json into net.minecraft.world.level.storage.loot.functions.EnchantRandomlyFunction
[18May2025 00:28:45.964] [main/DEBUG] [mixin/]: Renaming synthetic method lambda$ac_enchantItem$0(ZLnet/minecraft/world/item/ItemStack;Lnet/minecraft/world/item/enchantment/Enchantment;)Z to md8af760$lambda$ac_enchantItem$0$0 in alexscaves.mixins.json:EnchantRandomlyFunctionMixin
[18May2025 00:28:46.150] [main/DEBUG] [mixin/]: Mixing MultifaceGrowthFeatureMixin from alexscaves.mixins.json into net.minecraft.world.level.levelgen.feature.MultifaceGrowthFeature
[18May2025 00:28:46.161] [main/DEBUG] [mixin/]: Mixing SeagrassFeatureMixin from alexscaves.mixins.json into net.minecraft.world.level.levelgen.feature.SeagrassFeature
[18May2025 00:28:46.163] [main/DEBUG] [mixin/]: Mixing KelpFeatureMixin from alexscaves.mixins.json into net.minecraft.world.level.levelgen.feature.KelpFeature
[18May2025 00:28:46.167] [main/DEBUG] [mixin/]: Mixing CoralFeatureMixin from alexscaves.mixins.json into net.minecraft.world.level.levelgen.feature.CoralFeature
[18May2025 00:28:46.307] [main/DEBUG] [net.minecraftforge.coremod.transformer.CoreModBaseTransformer/COREMOD]: Transforming net/minecraft/world/level/levelgen/structure/Structure
[18May2025 00:28:46.356] [main/DEBUG] [net.minecraftforge.coremod.transformer.CoreModBaseTransformer/COREMOD]: Transforming net/minecraft/world/level/levelgen/structure/structures/OceanRuinPieces$OceanRuinPiece
[18May2025 00:28:46.387] [main/DEBUG] [net.minecraftforge.coremod.transformer.CoreModBaseTransformer/COREMOD]: Transforming net/minecraft/world/level/levelgen/structure/structures/SwampHutPiece
[18May2025 00:28:46.411] [main/DEBUG] [mixin/]: Mixing SwampHutPieceMixin from alexscaves.mixins.json into net.minecraft.world.level.levelgen.structure.structures.SwampHutPiece
[18May2025 00:28:46.421] [main/WARN] [mixin/]: Mixin alexscaves.mixins.json:SwampHutPieceMixin has multiple constructors, (Lnet/minecraft/world/level/levelgen/structure/pieces/StructurePieceType;IIIIIILnet/minecraft/core/Direction;)V was selected

[18May2025 00:28:46.427] [main/DEBUG] [net.minecraftforge.coremod.transformer.CoreModBaseTransformer/COREMOD]: Transforming net/minecraft/world/level/levelgen/structure/structures/OceanMonumentPieces$OceanMonumentPiece
[18May2025 00:28:46.463] [main/DEBUG] [net.minecraftforge.coremod.transformer.CoreModBaseTransformer/COREMOD]: Transforming net/minecraft/world/level/levelgen/structure/structures/WoodlandMansionPieces$WoodlandMansionPiece
[18May2025 00:28:46.511] [main/DEBUG] [mixin/]: Mixing JigsawStructureMixin from alexscaves.mixins.json into net.minecraft.world.level.levelgen.structure.structures.JigsawStructure
[18May2025 00:28:46.512] [main/DEBUG] [net.minecraftforge.coremod.transformer.CoreModBaseTransformer/COREMOD]: Transforming net/minecraft/world/level/levelgen/structure/Structure
[18May2025 00:28:46.529] [main/DEBUG] [mixin/]: Mixing OceanMonumentStructureMixin from alexscaves.mixins.json into net.minecraft.world.level.levelgen.structure.structures.OceanMonumentStructure
[18May2025 00:28:46.544] [main/DEBUG] [mixin/]: Mixing ShipwreckStructureMixin from alexscaves.mixins.json into net.minecraft.world.level.levelgen.structure.structures.ShipwreckStructure
[18May2025 00:28:46.613] [main/DEBUG] [mixin/]: Mixing BiomeSourceMixin from alexscaves.mixins.json into net.minecraft.world.level.biome.BiomeSource
[18May2025 00:28:46.622] [main/DEBUG] [net.minecraftforge.coremod.transformer.CoreModBaseTransformer/COREMOD]: Transforming net/minecraft/world/level/biome/Biome
[18May2025 00:28:46.661] [main/DEBUG] [mixin/]: Mixing MultiNoiseBiomeSourceMixin from alexscaves.mixins.json into net.minecraft.world.level.biome.MultiNoiseBiomeSource
[18May2025 00:28:46.821] [main/DEBUG] [mixin/]: Mixing NoiseBasedChunkGeneratorMixin from citadel.mixins.json into net.minecraft.world.level.levelgen.NoiseBasedChunkGenerator
[18May2025 00:28:47.113] [main/DEBUG] [net.minecraftforge.common.ForgeI18n/CORE]: Loading I18N data entries: 6430
[18May2025 00:28:47.136] [main/DEBUG] [net.minecraftforge.fml.ModWorkManager/LOADING]: Using 2 threads for parallel mod-loading
[18May2025 00:28:47.145] [main/DEBUG] [net.minecraftforge.fml.javafmlmod.FMLJavaModLanguageProvider/LOADING]: Loading FMLModContainer from classloader cpw.mods.modlauncher.TransformingClassLoader@36c281ed - got cpw.mods.cl.ModuleClassLoader@e8fadb0
[18May2025 00:28:47.146] [main/DEBUG] [net.minecraftforge.fml.javafmlmod.FMLModContainer/LOADING]: Creating FMLModContainer instance for net.mcreator.doppelgangermod.DoppelgangermodMod
[18May2025 00:28:47.154] [main/DEBUG] [net.minecraftforge.fml.javafmlmod.FMLJavaModLanguageProvider/LOADING]: Loading FMLModContainer from classloader cpw.mods.modlauncher.TransformingClassLoader@36c281ed - got cpw.mods.cl.ModuleClassLoader@e8fadb0
[18May2025 00:28:47.154] [main/DEBUG] [net.minecraftforge.fml.javafmlmod.FMLModContainer/LOADING]: Creating FMLModContainer instance for net.mcreator.befalltwo.BefalltwoMod
[18May2025 00:28:47.154] [main/DEBUG] [net.minecraftforge.fml.javafmlmod.FMLJavaModLanguageProvider/LOADING]: Loading FMLModContainer from classloader cpw.mods.modlauncher.TransformingClassLoader@36c281ed - got cpw.mods.cl.ModuleClassLoader@e8fadb0
[18May2025 00:28:47.155] [main/DEBUG] [net.minecraftforge.fml.javafmlmod.FMLModContainer/LOADING]: Creating FMLModContainer instance for com.llamalad7.mixinextras.platform.forge.MixinExtrasMod
[18May2025 00:28:47.156] [main/DEBUG] [net.minecraftforge.fml.javafmlmod.FMLJavaModLanguageProvider/LOADING]: Loading FMLModContainer from classloader cpw.mods.modlauncher.TransformingClassLoader@36c281ed - got cpw.mods.cl.ModuleClassLoader@e8fadb0
[18May2025 00:28:47.156] [main/DEBUG] [net.minecraftforge.fml.javafmlmod.FMLModContainer/LOADING]: Creating FMLModContainer instance for software.bernie.example.GeckoLibMod
[18May2025 00:28:47.157] [main/DEBUG] [net.minecraftforge.fml.javafmlmod.FMLJavaModLanguageProvider/LOADING]: Loading FMLModContainer from classloader cpw.mods.modlauncher.TransformingClassLoader@36c281ed - got cpw.mods.cl.ModuleClassLoader@e8fadb0
[18May2025 00:28:47.158] [main/DEBUG] [net.minecraftforge.fml.javafmlmod.FMLModContainer/LOADING]: Creating FMLModContainer instance for de.cadentem.cave_dweller.CaveDweller
[18May2025 00:28:47.162] [main/DEBUG] [net.minecraftforge.fml.javafmlmod.FMLJavaModLanguageProvider/LOADING]: Loading FMLModContainer from classloader cpw.mods.modlauncher.TransformingClassLoader@36c281ed - got cpw.mods.cl.ModuleClassLoader@e8fadb0
[18May2025 00:28:47.162] [main/DEBUG] [net.minecraftforge.fml.javafmlmod.FMLModContainer/LOADING]: Creating FMLModContainer instance for studio.lunareclipse.watching.Init
[18May2025 00:28:47.163] [main/DEBUG] [net.minecraftforge.fml.javafmlmod.FMLJavaModLanguageProvider/LOADING]: Loading FMLModContainer from classloader cpw.mods.modlauncher.TransformingClassLoader@36c281ed - got cpw.mods.cl.ModuleClassLoader@e8fadb0
[18May2025 00:28:47.165] [main/DEBUG] [net.minecraftforge.fml.javafmlmod.FMLModContainer/LOADING]: Creating FMLModContainer instance for boomcow.minezero.MineZero
[18May2025 00:28:47.166] [main/DEBUG] [net.minecraftforge.fml.javafmlmod.FMLJavaModLanguageProvider/LOADING]: Loading FMLModContainer from classloader cpw.mods.modlauncher.TransformingClassLoader@36c281ed - got cpw.mods.cl.ModuleClassLoader@e8fadb0
[18May2025 00:28:47.166] [main/DEBUG] [net.minecraftforge.fml.javafmlmod.FMLModContainer/LOADING]: Creating FMLModContainer instance for com.tacz.guns.GunMod
[18May2025 00:28:47.166] [main/DEBUG] [net.minecraftforge.fml.javafmlmod.FMLJavaModLanguageProvider/LOADING]: Loading FMLModContainer from classloader cpw.mods.modlauncher.TransformingClassLoader@36c281ed - got cpw.mods.cl.ModuleClassLoader@e8fadb0
[18May2025 00:28:47.166] [main/DEBUG] [net.minecraftforge.fml.javafmlmod.FMLModContainer/LOADING]: Creating FMLModContainer instance for net.mcreator.theanomaly.TheAnomalyMod
[18May2025 00:28:47.167] [main/DEBUG] [net.minecraftforge.fml.javafmlmod.FMLJavaModLanguageProvider/LOADING]: Loading FMLModContainer from classloader cpw.mods.modlauncher.TransformingClassLoader@36c281ed - got cpw.mods.cl.ModuleClassLoader@e8fadb0
[18May2025 00:28:47.167] [main/DEBUG] [net.minecraftforge.fml.javafmlmod.FMLModContainer/LOADING]: Creating FMLModContainer instance for de.cadentem.goat_man.GoatMan
[18May2025 00:28:47.170] [main/DEBUG] [net.minecraftforge.fml.javafmlmod.FMLJavaModLanguageProvider/LOADING]: Loading FMLModContainer from classloader cpw.mods.modlauncher.TransformingClassLoader@36c281ed - got cpw.mods.cl.ModuleClassLoader@e8fadb0
[18May2025 00:28:47.170] [main/DEBUG] [net.minecraftforge.fml.javafmlmod.FMLModContainer/LOADING]: Creating FMLModContainer instance for net.minecraftforge.common.ForgeMod
[18May2025 00:28:47.174] [main/DEBUG] [net.minecraftforge.fml.javafmlmod.FMLJavaModLanguageProvider/LOADING]: Loading FMLModContainer from classloader cpw.mods.modlauncher.TransformingClassLoader@36c281ed - got cpw.mods.cl.ModuleClassLoader@e8fadb0
[18May2025 00:28:47.174] [main/DEBUG] [net.minecraftforge.fml.javafmlmod.FMLModContainer/LOADING]: Creating FMLModContainer instance for net.mcreator.thehollowechoesyouhear.TheAberrationMod
[18May2025 00:28:47.175] [main/DEBUG] [net.minecraftforge.fml.javafmlmod.FMLJavaModLanguageProvider/LOADING]: Loading FMLModContainer from classloader cpw.mods.modlauncher.TransformingClassLoader@36c281ed - got cpw.mods.cl.ModuleClassLoader@e8fadb0
[18May2025 00:28:47.175] [main/DEBUG] [net.minecraftforge.fml.javafmlmod.FMLModContainer/LOADING]: Creating FMLModContainer instance for com.ishakirabotaem.doctornowheremod.DoctorNowhereMod
[18May2025 00:28:47.176] [main/DEBUG] [net.minecraftforge.fml.javafmlmod.FMLJavaModLanguageProvider/LOADING]: Loading FMLModContainer from classloader cpw.mods.modlauncher.TransformingClassLoader@36c281ed - got cpw.mods.cl.ModuleClassLoader@e8fadb0
[18May2025 00:28:47.176] [main/DEBUG] [net.minecraftforge.fml.javafmlmod.FMLModContainer/LOADING]: Creating FMLModContainer instance for com.github.alexthe666.citadel.Citadel
[18May2025 00:28:47.177] [main/DEBUG] [net.minecraftforge.fml.javafmlmod.FMLJavaModLanguageProvider/LOADING]: Loading FMLModContainer from classloader cpw.mods.modlauncher.TransformingClassLoader@36c281ed - got cpw.mods.cl.ModuleClassLoader@e8fadb0
[18May2025 00:28:47.177] [main/DEBUG] [net.minecraftforge.fml.javafmlmod.FMLModContainer/LOADING]: Creating FMLModContainer instance for com.github.alexmodguy.alexscaves.AlexsCaves
[18May2025 00:28:47.178] [main/DEBUG] [net.minecraftforge.fml.javafmlmod.FMLJavaModLanguageProvider/LOADING]: Loading FMLModContainer from classloader cpw.mods.modlauncher.TransformingClassLoader@36c281ed - got cpw.mods.cl.ModuleClassLoader@e8fadb0
[18May2025 00:28:47.179] [main/DEBUG] [net.minecraftforge.fml.javafmlmod.FMLModContainer/LOADING]: Creating FMLModContainer instance for net.mcreator.theboiledone.TheBoiledOneMod
[18May2025 00:28:47.319] [modloading-worker-0/DEBUG] [net.minecraftforge.fml.javafmlmod.AutomaticEventSubscriber/LOADING]: Attempting to inject @EventBusSubscriber classes into the eventbus for befalltwo
[18May2025 00:28:47.327] [modloading-worker-0/DEBUG] [net.minecraftforge.fml.javafmlmod.AutomaticEventSubscriber/LOADING]: Auto-subscribing net.mcreator.befalltwo.procedures.PlayerTickUpdateTwoProcedure to FORGE
[18May2025 00:28:47.335] [modloading-worker-0/DEBUG] [net.minecraftforge.fml.javafmlmod.AutomaticEventSubscriber/LOADING]: Auto-subscribing net.mcreator.befalltwo.procedures.PlayerTickUpdateProcedure to FORGE
[18May2025 00:28:47.336] [modloading-worker-0/DEBUG] [net.minecraftforge.fml.javafmlmod.AutomaticEventSubscriber/LOADING]: Auto-subscribing net.mcreator.befalltwo.procedures.PlayerTickUpdate2Procedure to FORGE
[18May2025 00:28:47.340] [modloading-worker-0/DEBUG] [net.minecraftforge.fml.javafmlmod.AutomaticEventSubscriber/LOADING]: Auto-subscribing net.mcreator.befalltwo.procedures.PlayerTickUpdate1Procedure to FORGE
[18May2025 00:28:47.344] [modloading-worker-0/DEBUG] [net.minecraftforge.fml.javafmlmod.AutomaticEventSubscriber/LOADING]: Auto-subscribing net.mcreator.befalltwo.network.BefalltwoModVariables to MOD
[18May2025 00:28:47.345] [modloading-worker-0/DEBUG] [net.minecraftforge.fml.javafmlmod.AutomaticEventSubscriber/LOADING]: Auto-subscribing net.mcreator.befalltwo.network.BefalltwoModVariables$EventBusVariableHandlers to FORGE
[18May2025 00:28:47.357] [modloading-worker-0/DEBUG] [net.minecraftforge.fml.javafmlmod.AutomaticEventSubscriber/LOADING]: Auto-subscribing net.mcreator.befalltwo.init.EntityAnimationFactory to FORGE
[18May2025 00:28:47.363] [modloading-worker-0/DEBUG] [net.minecraftforge.fml.javafmlmod.AutomaticEventSubscriber/LOADING]: Auto-subscribing net.mcreator.befalltwo.init.BefalltwoModEntities to MOD
[18May2025 00:28:47.367] [modloading-worker-0/DEBUG] [net.minecraftforge.fml.javafmlmod.AutomaticEventSubscriber/LOADING]: Attempting to inject @EventBusSubscriber classes into the eventbus for mixinextras
[18May2025 00:28:47.392] [modloading-worker-0/DEBUG] [net.minecraftforge.fml.javafmlmod.AutomaticEventSubscriber/LOADING]: Attempting to inject @EventBusSubscriber classes into the eventbus for geckolib
[18May2025 00:28:47.393] [modloading-worker-0/DEBUG] [net.minecraftforge.fml.javafmlmod.AutomaticEventSubscriber/LOADING]: Auto-subscribing software.bernie.example.GeckoLibMod to FORGE
[18May2025 00:28:47.393] [modloading-worker-0/DEBUG] [net.minecraftforge.fml.javafmlmod.AutomaticEventSubscriber/LOADING]: Auto-subscribing software.bernie.example.CommonListener to MOD
[18May2025 00:28:47.467] [modloading-worker-0/DEBUG] [net.minecraftforge.fml.config.ConfigTracker/CONFIG]: Config file cave_dweller-server.toml for cave_dweller tracking
[18May2025 00:28:47.467] [modloading-worker-0/DEBUG] [net.minecraftforge.fml.javafmlmod.AutomaticEventSubscriber/LOADING]: Attempting to inject @EventBusSubscriber classes into the eventbus for cave_dweller
[18May2025 00:28:47.467] [modloading-worker-0/DEBUG] [net.minecraftforge.fml.javafmlmod.AutomaticEventSubscriber/LOADING]: Auto-subscribing de.cadentem.cave_dweller.events.ModEvents to MOD
[18May2025 00:28:47.479] [modloading-worker-0/DEBUG] [net.minecraftforge.fml.javafmlmod.AutomaticEventSubscriber/LOADING]: Auto-subscribing de.cadentem.cave_dweller.events.ForgeEvents to FORGE
[18May2025 00:28:47.489] [modloading-worker-0/DEBUG] [net.minecraftforge.fml.javafmlmod.AutomaticEventSubscriber/LOADING]: Auto-subscribing de.cadentem.cave_dweller.datagen.DataGen to MOD
[18May2025 00:28:47.493] [modloading-worker-0/DEBUG] [net.minecraftforge.fml.javafmlmod.AutomaticEventSubscriber/LOADING]: Attempting to inject @EventBusSubscriber classes into the eventbus for doppelgangermod
[18May2025 00:28:47.494] [modloading-worker-0/DEBUG] [net.minecraftforge.fml.javafmlmod.AutomaticEventSubscriber/LOADING]: Auto-subscribing net.mcreator.doppelgangermod.world.dimension.SubworldDimension to FORGE
[18May2025 00:28:47.497] [modloading-worker-0/DEBUG] [net.minecraftforge.fml.javafmlmod.AutomaticEventSubscriber/LOADING]: Auto-subscribing net.mcreator.doppelgangermod.world.dimension.SubworldDimension$DimensionSpecialEffectsHandler to MOD
[18May2025 00:28:47.498] [modloading-worker-0/DEBUG] [net.minecraftforge.fml.javafmlmod.AutomaticEventSubscriber/LOADING]: Auto-subscribing net.mcreator.doppelgangermod.procedures.TmoobloomProcedure to FORGE
[18May2025 00:28:47.502] [modloading-worker-0/DEBUG] [net.minecraftforge.fml.javafmlmod.AutomaticEventSubscriber/LOADING]: Auto-subscribing net.mcreator.doppelgangermod.procedures.TcreeperProcedure to FORGE
[18May2025 00:28:47.503] [modloading-worker-0/DEBUG] [net.minecraftforge.fml.javafmlmod.AutomaticEventSubscriber/LOADING]: Auto-subscribing net.mcreator.doppelgangermod.procedures.TcowProcedure to FORGE
[18May2025 00:28:47.506] [modloading-worker-0/DEBUG] [net.minecraftforge.fml.javafmlmod.AutomaticEventSubscriber/LOADING]: Auto-subscribing net.mcreator.doppelgangermod.procedures.TchickenProcedure to FORGE
[18May2025 00:28:47.507] [modloading-worker-0/DEBUG] [net.minecraftforge.fml.javafmlmod.AutomaticEventSubscriber/LOADING]: Auto-subscribing net.mcreator.doppelgangermod.procedures.SubworldeyesProcedure to FORGE
[18May2025 00:28:47.502] [modloading-worker-0/DEBUG] [net.minecraftforge.fml.javafmlmod.AutomaticEventSubscriber/LOADING]: Attempting to inject @EventBusSubscriber classes into the eventbus for watching
[18May2025 00:28:47.507] [modloading-worker-0/DEBUG] [net.minecraftforge.fml.javafmlmod.AutomaticEventSubscriber/LOADING]: Auto-subscribing studio.lunareclipse.watching.Init to MOD
[18May2025 00:28:47.510] [modloading-worker-0/DEBUG] [net.minecraftforge.fml.javafmlmod.AutomaticEventSubscriber/LOADING]: Auto-subscribing net.mcreator.doppelgangermod.procedures.SpawnwanderingProcedure to FORGE
[18May2025 00:28:47.515] [modloading-worker-0/DEBUG] [net.minecraftforge.fml.javafmlmod.AutomaticEventSubscriber/LOADING]: Auto-subscribing net.mcreator.doppelgangermod.procedures.SpawnstrawmanProcedure to FORGE
[18May2025 00:28:47.517] [modloading-worker-0/DEBUG] [net.minecraftforge.fml.javafmlmod.AutomaticEventSubscriber/LOADING]: Auto-subscribing net.mcreator.doppelgangermod.procedures.SpawngoleminsidevillageProcedure to FORGE
[18May2025 00:28:47.520] [modloading-worker-0/DEBUG] [net.minecraftforge.fml.javafmlmod.AutomaticEventSubscriber/LOADING]: Auto-subscribing net.mcreator.doppelgangermod.procedures.SheeptransformProcedure to FORGE
[18May2025 00:28:47.523] [modloading-worker-0/DEBUG] [net.minecraftforge.fml.javafmlmod.AutomaticEventSubscriber/LOADING]: Auto-subscribing net.mcreator.doppelgangermod.procedures.Quest2Procedure to FORGE
[18May2025 00:28:47.524] [modloading-worker-0/DEBUG] [net.minecraftforge.fml.javafmlmod.AutomaticEventSubscriber/LOADING]: Auto-subscribing net.mcreator.doppelgangermod.procedures.PurespawnchanceProcedure to FORGE
[18May2025 00:28:47.528] [modloading-worker-0/DEBUG] [net.minecraftforge.fml.javafmlmod.AutomaticEventSubscriber/LOADING]: Auto-subscribing net.mcreator.doppelgangermod.procedures.ObesepigfarmProcedure to FORGE
[18May2025 00:28:47.534] [modloading-worker-0/DEBUG] [net.minecraftforge.fml.javafmlmod.AutomaticEventSubscriber/LOADING]: Auto-subscribing net.mcreator.doppelgangermod.procedures.MutationCreeperProcedure to FORGE
[18May2025 00:28:47.535] [modloading-worker-0/DEBUG] [net.minecraftforge.fml.javafmlmod.AutomaticEventSubscriber/LOADING]: Auto-subscribing net.mcreator.doppelgangermod.procedures.JoinSubworldProcedure to FORGE
[18May2025 00:28:47.536] [modloading-worker-0/DEBUG] [net.minecraftforge.fml.javafmlmod.AutomaticEventSubscriber/LOADING]: Auto-subscribing net.mcreator.doppelgangermod.procedures.EndermantransformdoppelProcedure to FORGE
[18May2025 00:28:47.536] [modloading-worker-0/DEBUG] [net.minecraftforge.fml.config.ConfigTracker/CONFIG]: Config file minezero-common.toml for minezero tracking
[18May2025 00:28:47.536] [modloading-worker-0/DEBUG] [net.minecraftforge.fml.javafmlmod.AutomaticEventSubscriber/LOADING]: Attempting to inject @EventBusSubscriber classes into the eventbus for minezero
[18May2025 00:28:47.536] [modloading-worker-0/DEBUG] [net.minecraftforge.fml.javafmlmod.AutomaticEventSubscriber/LOADING]: Auto-subscribing boomcow.minezero.event.PortalChangeHandler to FORGE
[18May2025 00:28:47.537] [modloading-worker-0/DEBUG] [net.minecraftforge.fml.javafmlmod.AutomaticEventSubscriber/LOADING]: Auto-subscribing net.mcreator.doppelgangermod.procedures.DrodoppelgangerheadProcedure to FORGE
[18May2025 00:28:47.539] [modloading-worker-0/DEBUG] [net.minecraftforge.fml.javafmlmod.AutomaticEventSubscriber/LOADING]: Auto-subscribing net.mcreator.doppelgangermod.procedures.Doppelvisit2Procedure to FORGE
[18May2025 00:28:47.540] [modloading-worker-0/DEBUG] [net.minecraftforge.fml.javafmlmod.AutomaticEventSubscriber/LOADING]: Auto-subscribing boomcow.minezero.event.NonPlayerChangeHandler to FORGE
[18May2025 00:28:47.544] [modloading-worker-0/DEBUG] [net.minecraftforge.fml.javafmlmod.AutomaticEventSubscriber/LOADING]: Auto-subscribing net.mcreator.doppelgangermod.procedures.DieinnetherProcedure to FORGE
[18May2025 00:28:47.545] [modloading-worker-0/DEBUG] [net.minecraftforge.fml.javafmlmod.AutomaticEventSubscriber/LOADING]: Auto-subscribing net.mcreator.doppelgangermod.procedures.CookbookdropProcedure to FORGE
[18May2025 00:28:47.548] [modloading-worker-0/DEBUG] [net.minecraftforge.fml.javafmlmod.AutomaticEventSubscriber/LOADING]: Auto-subscribing net.mcreator.doppelgangermod.procedures.ConfigProcedure to MOD
[18May2025 00:28:47.549] [modloading-worker-0/DEBUG] [net.minecraftforge.fml.javafmlmod.AutomaticEventSubscriber/LOADING]: Auto-subscribing net.mcreator.doppelgangermod.procedures.Config3Procedure to FORGE
[18May2025 00:28:47.551] [modloading-worker-0/DEBUG] [net.minecraftforge.fml.javafmlmod.AutomaticEventSubscriber/LOADING]: Auto-subscribing boomcow.minezero.event.LightningStrikeListener to FORGE
[18May2025 00:28:47.552] [modloading-worker-0/DEBUG] [net.minecraftforge.fml.javafmlmod.AutomaticEventSubscriber/LOADING]: Auto-subscribing boomcow.minezero.event.GlobalTickHandler to FORGE
[18May2025 00:28:47.551] [modloading-worker-0/DEBUG] [net.minecraftforge.fml.javafmlmod.AutomaticEventSubscriber/LOADING]: Auto-subscribing net.mcreator.doppelgangermod.procedures.Config2Procedure to FORGE
[18May2025 00:28:47.554] [modloading-worker-0/DEBUG] [net.minecraftforge.fml.javafmlmod.AutomaticEventSubscriber/LOADING]: Auto-subscribing net.mcreator.doppelgangermod.network.Cookbook2guiButtonMessage to MOD
[18May2025 00:28:47.554] [modloading-worker-0/DEBUG] [net.minecraftforge.fml.javafmlmod.AutomaticEventSubscriber/LOADING]: Auto-subscribing boomcow.minezero.event.ExplosionEventHandler to FORGE
[18May2025 00:28:47.555] [modloading-worker-0/DEBUG] [net.minecraftforge.fml.javafmlmod.AutomaticEventSubscriber/LOADING]: Auto-subscribing boomcow.minezero.event.CheckpointTicker to FORGE
[18May2025 00:28:47.557] [modloading-worker-0/DEBUG] [net.minecraftforge.fml.javafmlmod.AutomaticEventSubscriber/LOADING]: Auto-subscribing boomcow.minezero.event.BlockChangeListener to FORGE
[18May2025 00:28:47.556] [modloading-worker-0/DEBUG] [net.minecraftforge.fml.javafmlmod.AutomaticEventSubscriber/LOADING]: Auto-subscribing net.mcreator.doppelgangermod.network.Cookbook1guiButtonMessage to MOD
[18May2025 00:28:47.558] [modloading-worker-0/DEBUG] [net.minecraftforge.fml.javafmlmod.AutomaticEventSubscriber/LOADING]: Auto-subscribing net.mcreator.doppelgangermod.init.EntityAnimationFactory to FORGE
[18May2025 00:28:47.560] [modloading-worker-0/DEBUG] [net.minecraftforge.fml.javafmlmod.AutomaticEventSubscriber/LOADING]: Auto-subscribing net.mcreator.doppelgangermod.init.DoppelgangermodModEntities to MOD
[18May2025 00:28:47.561] [modloading-worker-0/DEBUG] [net.minecraftforge.fml.javafmlmod.AutomaticEventSubscriber/LOADING]: Auto-subscribing net.mcreator.doppelgangermod.command.DoppelraidCommand to FORGE
[18May2025 00:28:47.568] [modloading-worker-0/DEBUG] [net.minecraftforge.fml.config.ConfigTracker/CONFIG]: Config file tacz-common.toml for tacz tracking
[18May2025 00:28:47.573] [modloading-worker-0/DEBUG] [net.minecraftforge.fml.config.ConfigTracker/CONFIG]: Config file tacz-server.toml for tacz tracking
[18May2025 00:28:47.583] [modloading-worker-0/DEBUG] [net.minecraftforge.fml.config.ConfigTracker/CONFIG]: Config file tacz-client.toml for tacz tracking
[18May2025 00:28:47.646] [modloading-worker-0/DEBUG] [net.minecraftforge.fml.javafmlmod.AutomaticEventSubscriber/LOADING]: Attempting to inject @EventBusSubscriber classes into the eventbus for the_anomaly
[18May2025 00:28:47.649] [modloading-worker-0/DEBUG] [net.minecraftforge.fml.javafmlmod.AutomaticEventSubscriber/LOADING]: Auto-subscribing net.mcreator.theanomaly.procedures.WhenWorldLoadedProcedure to FORGE
[18May2025 00:28:47.651] [modloading-worker-0/DEBUG] [net.minecraftforge.fml.javafmlmod.AutomaticEventSubscriber/LOADING]: Auto-subscribing net.mcreator.theanomaly.procedures.WhenPlayerWakesUpProcedure to FORGE
[18May2025 00:28:47.652] [modloading-worker-0/DEBUG] [net.minecraftforge.fml.javafmlmod.AutomaticEventSubscriber/LOADING]: Auto-subscribing net.mcreator.theanomaly.procedures.IsPlayerLookingProcedure to FORGE
[18May2025 00:28:47.661] [modloading-worker-0/DEBUG] [net.minecraftforge.fml.javafmlmod.AutomaticEventSubscriber/LOADING]: Auto-subscribing net.mcreator.theanomaly.procedures.GetPlayerSpawnProcedure to FORGE
[18May2025 00:28:47.663] [modloading-worker-0/DEBUG] [net.minecraftforge.fml.javafmlmod.AutomaticEventSubscriber/LOADING]: Auto-subscribing net.mcreator.theanomaly.network.TheAnomalyModVariables to MOD
[18May2025 00:28:47.672] [modloading-worker-0/DEBUG] [net.minecraftforge.fml.javafmlmod.AutomaticEventSubscriber/LOADING]: Auto-subscribing net.mcreator.theanomaly.network.TheAnomalyModVariables$PlayerVariablesProvider to FORGE
[18May2025 00:28:47.678] [modloading-worker-0/DEBUG] [net.minecraftforge.fml.javafmlmod.AutomaticEventSubscriber/LOADING]: Auto-subscribing net.mcreator.theanomaly.network.TheAnomalyModVariables$EventBusVariableHandlers to FORGE
[18May2025 00:28:47.686] [modloading-worker-0/DEBUG] [net.minecraftforge.fml.javafmlmod.AutomaticEventSubscriber/LOADING]: Auto-subscribing net.mcreator.theanomaly.init.TheAnomalyModEntities to MOD
[18May2025 00:28:47.689] [modloading-worker-0/DEBUG] [net.minecraftforge.fml.javafmlmod.AutomaticEventSubscriber/LOADING]: Auto-subscribing net.mcreator.theanomaly.init.EntityAnimationFactory to FORGE
[18May2025 00:28:47.690] [modloading-worker-0/DEBUG] [net.minecraftforge.fml.javafmlmod.AutomaticEventSubscriber/LOADING]: Auto-subscribing net.mcreator.theanomaly.command.WorldTimeCommand to FORGE
[18May2025 00:28:47.693] [modloading-worker-0/DEBUG] [net.minecraftforge.fml.javafmlmod.AutomaticEventSubscriber/LOADING]: Auto-subscribing net.mcreator.theanomaly.command.SetPhaseCommand to FORGE
[18May2025 00:28:47.694] [modloading-worker-0/DEBUG] [net.minecraftforge.fml.javafmlmod.AutomaticEventSubscriber/LOADING]: Auto-subscribing net.mcreator.theanomaly.command.PhaseCommand to FORGE
[18May2025 00:28:47.697] [modloading-worker-0/DEBUG] [net.minecraftforge.fml.javafmlmod.AutomaticEventSubscriber/LOADING]: Auto-subscribing net.mcreator.theanomaly.command.AnomalyConfigCommand to FORGE
[18May2025 00:28:47.699] [modloading-worker-0/DEBUG] [net.minecraftforge.fml.javafmlmod.AutomaticEventSubscriber/LOADING]: Auto-subscribing net.mcreator.theanomaly.TheAnomalyMod$initer to MOD
[18May2025 00:28:47.731] [modloading-worker-0/DEBUG] [net.minecraftforge.fml.config.ConfigTracker/CONFIG]: Config file goat_man-server.toml for goat_man tracking
[18May2025 00:28:47.732] [modloading-worker-0/DEBUG] [net.minecraftforge.fml.javafmlmod.AutomaticEventSubscriber/LOADING]: Attempting to inject @EventBusSubscriber classes into the eventbus for goat_man
[18May2025 00:28:47.732] [modloading-worker-0/DEBUG] [net.minecraftforge.fml.javafmlmod.AutomaticEventSubscriber/LOADING]: Auto-subscribing de.cadentem.goat_man.events.ModEvents to MOD
[18May2025 00:28:47.737] [modloading-worker-0/DEBUG] [net.minecraftforge.fml.javafmlmod.AutomaticEventSubscriber/LOADING]: Auto-subscribing de.cadentem.goat_man.events.ForgeEvents to FORGE
[18May2025 00:28:47.741] [modloading-worker-0/DEBUG] [net.minecraftforge.fml.javafmlmod.AutomaticEventSubscriber/LOADING]: Auto-subscribing de.cadentem.goat_man.datagen.DataGen to MOD
[18May2025 00:28:47.761] [modloading-worker-0/DEBUG] [net.minecraftforge.versions.forge.ForgeVersion/CORE]: Forge Version package package net.minecraftforge.versions.forge, Forge, version 47.3 from cpw.mods.modlauncher.TransformingClassLoader@36c281ed
[18May2025 00:28:47.761] [modloading-worker-0/DEBUG] [net.minecraftforge.versions.forge.ForgeVersion/CORE]: Found Forge version 47.3.7
[18May2025 00:28:47.764] [modloading-worker-0/DEBUG] [net.minecraftforge.versions.forge.ForgeVersion/CORE]: Found Forge spec 47.3
[18May2025 00:28:47.764] [modloading-worker-0/DEBUG] [net.minecraftforge.versions.forge.ForgeVersion/CORE]: Found Forge group net.minecraftforge
[18May2025 00:28:47.764] [modloading-worker-0/DEBUG] [net.minecraftforge.versions.mcp.MCPVersion/CORE]: MCP Version package package net.minecraftforge.versions.mcp, Minecraft, version 1.20.1 from cpw.mods.modlauncher.TransformingClassLoader@36c281ed
[18May2025 00:28:47.764] [modloading-worker-0/DEBUG] [net.minecraftforge.versions.mcp.MCPVersion/CORE]: Found MC version information 1.20.1
[18May2025 00:28:47.764] [modloading-worker-0/DEBUG] [net.minecraftforge.versions.mcp.MCPVersion/CORE]: Found MCP version information 20230612.114412
[18May2025 00:28:47.765] [modloading-worker-0/INFO] [net.minecraftforge.common.ForgeMod/FORGEMOD]: Forge mod loading, version 47.3.7, for MC 1.20.1 with MCP 20230612.114412
[18May2025 00:28:47.765] [modloading-worker-0/INFO] [net.minecraftforge.common.MinecraftForge/FORGE]: MinecraftForge v47.3.7 Initialized
[18May2025 00:28:47.828] [modloading-worker-0/DEBUG] [io.netty.util.internal.PlatformDependent0/]: -Dio.netty.noUnsafe: false
[18May2025 00:28:47.829] [modloading-worker-0/DEBUG] [io.netty.util.internal.PlatformDependent0/]: Java version: 17
[18May2025 00:28:47.831] [modloading-worker-0/DEBUG] [io.netty.util.internal.PlatformDependent0/]: sun.misc.Unsafe.theUnsafe: available
[18May2025 00:28:47.832] [modloading-worker-0/DEBUG] [io.netty.util.internal.PlatformDependent0/]: sun.misc.Unsafe.copyMemory: available
[18May2025 00:28:47.832] [modloading-worker-0/DEBUG] [io.netty.util.internal.PlatformDependent0/]: sun.misc.Unsafe.storeFence: available
[18May2025 00:28:47.832] [modloading-worker-0/DEBUG] [io.netty.util.internal.PlatformDependent0/]: java.nio.Buffer.address: available
[18May2025 00:28:47.833] [modloading-worker-0/DEBUG] [io.netty.util.internal.PlatformDependent0/]: direct buffer constructor: unavailable
java.lang.UnsupportedOperationException: Reflective setAccessible(true) disabled
	at io.netty.util.internal.ReflectionUtil.trySetAccessible(ReflectionUtil.java:31) ~[netty-common-4.1.82.Final.jar%2382!/:4.1.82.Final]
	at io.netty.util.internal.PlatformDependent0$5.run(PlatformDependent0.java:288) ~[netty-common-4.1.82.Final.jar%2382!/:4.1.82.Final]
	at java.security.AccessController.doPrivileged(AccessController.java:318) ~[?:?]
	at io.netty.util.internal.PlatformDependent0.<clinit>(PlatformDependent0.java:282) ~[netty-common-4.1.82.Final.jar%2382!/:4.1.82.Final]
	at io.netty.util.internal.PlatformDependent.isAndroid(PlatformDependent.java:333) ~[netty-common-4.1.82.Final.jar%2382!/:4.1.82.Final]
	at io.netty.util.internal.PlatformDependent.<clinit>(PlatformDependent.java:88) ~[netty-common-4.1.82.Final.jar%2382!/:4.1.82.Final]
	at io.netty.util.ConstantPool.<init>(ConstantPool.java:34) ~[netty-common-4.1.82.Final.jar%2382!/:4.1.82.Final]
	at io.netty.util.AttributeKey$1.<init>(AttributeKey.java:27) ~[netty-common-4.1.82.Final.jar%2382!/:4.1.82.Final]
	at io.netty.util.AttributeKey.<clinit>(AttributeKey.java:27) ~[netty-common-4.1.82.Final.jar%2382!/:4.1.82.Final]
	at net.minecraftforge.network.NetworkConstants.<clinit>(NetworkConstants.java:34) ~[forge-1.20.1-47.3.7-universal.jar%23134!/:?]
	at net.minecraftforge.common.ForgeMod.<init>(ForgeMod.java:429) ~[forge-1.20.1-47.3.7-universal.jar%23134!/:?]
	at jdk.internal.reflect.NativeConstructorAccessorImpl.newInstance0(Native Method) ~[?:?]
	at jdk.internal.reflect.NativeConstructorAccessorImpl.newInstance(NativeConstructorAccessorImpl.java:77) ~[?:?]
	at jdk.internal.reflect.DelegatingConstructorAccessorImpl.newInstance(DelegatingConstructorAccessorImpl.java:45) ~[?:?]
	at java.lang.reflect.Constructor.newInstanceWithCaller(Constructor.java:500) ~[?:?]
	at java.lang.reflect.Constructor.newInstance(Constructor.java:481) ~[?:?]
	at net.minecraftforge.fml.javafmlmod.FMLModContainer.constructMod(FMLModContainer.java:70) ~[javafmllanguage-1.20.1-47.3.7.jar%23131!/:?]
	at net.minecraftforge.fml.ModContainer.lambda$buildTransitionHandler$4(ModContainer.java:124) ~[fmlcore-1.20.1-47.3.7.jar%23130!/:?]
	at java.util.concurrent.CompletableFuture$AsyncRun.run(CompletableFuture.java:1804) ~[?:?]
	at java.util.concurrent.CompletableFuture$AsyncRun.exec(CompletableFuture.java:1796) ~[?:?]
	at java.util.concurrent.ForkJoinTask.doExec(ForkJoinTask.java:373) ~[?:?]
	at java.util.concurrent.ForkJoinPool$WorkQueue.topLevelExec(ForkJoinPool.java:1182) ~[?:?]
	at java.util.concurrent.ForkJoinPool.scan(ForkJoinPool.java:1655) ~[?:?]
	at java.util.concurrent.ForkJoinPool.runWorker(ForkJoinPool.java:1622) ~[?:?]
	at java.util.concurrent.ForkJoinWorkerThread.run(ForkJoinWorkerThread.java:165) ~[?:?]
[18May2025 00:28:47.836] [modloading-worker-0/DEBUG] [io.netty.util.internal.PlatformDependent0/]: java.nio.Bits.unaligned: available, true
[18May2025 00:28:47.840] [modloading-worker-0/DEBUG] [io.netty.util.internal.PlatformDependent0/]: jdk.internal.misc.Unsafe.allocateUninitializedArray(int): unavailable
java.lang.IllegalAccessException: class io.netty.util.internal.PlatformDependent0$7 (in module io.netty.common) cannot access class jdk.internal.misc.Unsafe (in module java.base) because module java.base does not export jdk.internal.misc to module io.netty.common
	at jdk.internal.reflect.Reflection.newIllegalAccessException(Reflection.java:392) ~[?:?]
	at java.lang.reflect.AccessibleObject.checkAccess(AccessibleObject.java:674) ~[?:?]
	at java.lang.reflect.Method.invoke(Method.java:561) ~[?:?]
	at io.netty.util.internal.PlatformDependent0$7.run(PlatformDependent0.java:410) ~[netty-common-4.1.82.Final.jar%2382!/:4.1.82.Final]
	at java.security.AccessController.doPrivileged(AccessController.java:318) ~[?:?]
	at io.netty.util.internal.PlatformDependent0.<clinit>(PlatformDependent0.java:401) ~[netty-common-4.1.82.Final.jar%2382!/:4.1.82.Final]
	at io.netty.util.internal.PlatformDependent.isAndroid(PlatformDependent.java:333) ~[netty-common-4.1.82.Final.jar%2382!/:4.1.82.Final]
	at io.netty.util.internal.PlatformDependent.<clinit>(PlatformDependent.java:88) ~[netty-common-4.1.82.Final.jar%2382!/:4.1.82.Final]
	at io.netty.util.ConstantPool.<init>(ConstantPool.java:34) ~[netty-common-4.1.82.Final.jar%2382!/:4.1.82.Final]
	at io.netty.util.AttributeKey$1.<init>(AttributeKey.java:27) ~[netty-common-4.1.82.Final.jar%2382!/:4.1.82.Final]
	at io.netty.util.AttributeKey.<clinit>(AttributeKey.java:27) ~[netty-common-4.1.82.Final.jar%2382!/:4.1.82.Final]
	at net.minecraftforge.network.NetworkConstants.<clinit>(NetworkConstants.java:34) ~[forge-1.20.1-47.3.7-universal.jar%23134!/:?]
	at net.minecraftforge.common.ForgeMod.<init>(ForgeMod.java:429) ~[forge-1.20.1-47.3.7-universal.jar%23134!/:?]
	at jdk.internal.reflect.NativeConstructorAccessorImpl.newInstance0(Native Method) ~[?:?]
	at jdk.internal.reflect.NativeConstructorAccessorImpl.newInstance(NativeConstructorAccessorImpl.java:77) ~[?:?]
	at jdk.internal.reflect.DelegatingConstructorAccessorImpl.newInstance(DelegatingConstructorAccessorImpl.java:45) ~[?:?]
	at java.lang.reflect.Constructor.newInstanceWithCaller(Constructor.java:500) ~[?:?]
	at java.lang.reflect.Constructor.newInstance(Constructor.java:481) ~[?:?]
	at net.minecraftforge.fml.javafmlmod.FMLModContainer.constructMod(FMLModContainer.java:70) ~[javafmllanguage-1.20.1-47.3.7.jar%23131!/:?]
	at net.minecraftforge.fml.ModContainer.lambda$buildTransitionHandler$4(ModContainer.java:124) ~[fmlcore-1.20.1-47.3.7.jar%23130!/:?]
	at java.util.concurrent.CompletableFuture$AsyncRun.run(CompletableFuture.java:1804) ~[?:?]
	at java.util.concurrent.CompletableFuture$AsyncRun.exec(CompletableFuture.java:1796) ~[?:?]
	at java.util.concurrent.ForkJoinTask.doExec(ForkJoinTask.java:373) ~[?:?]
	at java.util.concurrent.ForkJoinPool$WorkQueue.topLevelExec(ForkJoinPool.java:1182) ~[?:?]
	at java.util.concurrent.ForkJoinPool.scan(ForkJoinPool.java:1655) ~[?:?]
	at java.util.concurrent.ForkJoinPool.runWorker(ForkJoinPool.java:1622) ~[?:?]
	at java.util.concurrent.ForkJoinWorkerThread.run(ForkJoinWorkerThread.java:165) ~[?:?]
[18May2025 00:28:47.842] [modloading-worker-0/DEBUG] [io.netty.util.internal.PlatformDependent0/]: java.nio.DirectByteBuffer.<init>(long, int): unavailable
[18May2025 00:28:47.842] [modloading-worker-0/DEBUG] [io.netty.util.internal.PlatformDependent/]: sun.misc.Unsafe: available
[18May2025 00:28:47.843] [modloading-worker-0/DEBUG] [io.netty.util.internal.PlatformDependent/]: maxDirectMemory: 8589934592 bytes (maybe)
[18May2025 00:28:47.844] [modloading-worker-0/DEBUG] [io.netty.util.internal.PlatformDependent/]: -Dio.netty.tmpdir: /tmp (java.io.tmpdir)
[18May2025 00:28:47.844] [modloading-worker-0/DEBUG] [io.netty.util.internal.PlatformDependent/]: -Dio.netty.bitMode: 64 (sun.arch.data.model)
[18May2025 00:28:47.845] [modloading-worker-0/DEBUG] [io.netty.util.internal.PlatformDependent/]: -Dio.netty.maxDirectMemory: -1 bytes
[18May2025 00:28:47.847] [modloading-worker-0/DEBUG] [io.netty.util.internal.PlatformDependent/]: -Dio.netty.uninitializedArrayAllocationThreshold: -1
[18May2025 00:28:47.848] [modloading-worker-0/DEBUG] [io.netty.util.internal.CleanerJava9/]: java.nio.ByteBuffer.cleaner(): available
[18May2025 00:28:47.848] [modloading-worker-0/DEBUG] [io.netty.util.internal.PlatformDependent/]: -Dio.netty.noPreferDirect: false
[18May2025 00:28:47.892] [modloading-worker-0/DEBUG] [net.minecraftforge.common.ForgeMod/FORGEMOD]: Loading Network data for FML net version: FML3
[18May2025 00:28:47.920] [modloading-worker-0/DEBUG] [net.minecraftforge.fml.config.ConfigTracker/CONFIG]: Config file forge-client.toml for forge tracking
[18May2025 00:28:47.921] [modloading-worker-0/DEBUG] [net.minecraftforge.fml.config.ConfigTracker/CONFIG]: Config file forge-server.toml for forge tracking
[18May2025 00:28:47.921] [modloading-worker-0/DEBUG] [net.minecraftforge.fml.ModLoadingContext/]: Attempted to register an empty config for type COMMON on mod forge
[18May2025 00:28:47.931] [modloading-worker-0/DEBUG] [net.minecraftforge.fml.javafmlmod.AutomaticEventSubscriber/LOADING]: Attempting to inject @EventBusSubscriber classes into the eventbus for tacz
[18May2025 00:28:47.931] [modloading-worker-0/DEBUG] [net.minecraftforge.fml.javafmlmod.AutomaticEventSubscriber/LOADING]: Auto-subscribing com.tacz.guns.resource.CommonAssetsManager to FORGE
[18May2025 00:28:47.962] [modloading-worker-0/DEBUG] [net.minecraftforge.fml.javafmlmod.AutomaticEventSubscriber/LOADING]: Attempting to inject @EventBusSubscriber classes into the eventbus for forge
[18May2025 00:28:47.964] [modloading-worker-0/DEBUG] [net.minecraftforge.fml.javafmlmod.AutomaticEventSubscriber/LOADING]: Auto-subscribing net.minecraftforge.common.ForgeSpawnEggItem$CommonHandler to MOD
[18May2025 00:28:47.976] [modloading-worker-0/DEBUG] [net.minecraftforge.fml.javafmlmod.AutomaticEventSubscriber/LOADING]: Auto-subscribing com.tacz.guns.init.ModRecipe to MOD
[18May2025 00:28:47.977] [modloading-worker-0/DEBUG] [net.minecraftforge.fml.javafmlmod.AutomaticEventSubscriber/LOADING]: Auto-subscribing com.tacz.guns.init.ModItems to MOD
[18May2025 00:28:47.977] [modloading-worker-0/DEBUG] [net.minecraftforge.fml.javafmlmod.AutomaticEventSubscriber/LOADING]: Auto-subscribing com.tacz.guns.init.CompatRegistry to MOD
[18May2025 00:28:47.991] [modloading-worker-0/DEBUG] [net.minecraftforge.fml.javafmlmod.AutomaticEventSubscriber/LOADING]: Auto-subscribing com.tacz.guns.init.CommonRegistry to MOD
[18May2025 00:28:47.998] [modloading-worker-0/DEBUG] [net.minecraftforge.fml.javafmlmod.AutomaticEventSubscriber/LOADING]: Attempting to inject @EventBusSubscriber classes into the eventbus for the_aberration
[18May2025 00:28:47.999] [modloading-worker-0/DEBUG] [net.minecraftforge.fml.javafmlmod.AutomaticEventSubscriber/LOADING]: Auto-subscribing net.mcreator.thehollowechoesyouhear.procedures.AggressiveTickProcedure to FORGE
[18May2025 00:28:48.001] [modloading-worker-0/DEBUG] [net.minecraftforge.fml.javafmlmod.AutomaticEventSubscriber/LOADING]: Auto-subscribing net.mcreator.thehollowechoesyouhear.init.TheAberrationModEntities to MOD
[18May2025 00:28:48.001] [modloading-worker-0/DEBUG] [net.minecraftforge.fml.javafmlmod.AutomaticEventSubscriber/LOADING]: Auto-subscribing com.tacz.guns.init.CommandRegistry to FORGE
[18May2025 00:28:48.004] [modloading-worker-0/DEBUG] [net.minecraftforge.fml.javafmlmod.AutomaticEventSubscriber/LOADING]: Auto-subscribing com.tacz.guns.init.CapabilityRegistry to MOD
[18May2025 00:28:48.004] [modloading-worker-0/DEBUG] [net.minecraftforge.fml.javafmlmod.AutomaticEventSubscriber/LOADING]: Auto-subscribing net.mcreator.thehollowechoesyouhear.init.EntityAnimationFactory to FORGE
[18May2025 00:28:48.006] [modloading-worker-0/DEBUG] [net.minecraftforge.fml.javafmlmod.AutomaticEventSubscriber/LOADING]: Auto-subscribing com.tacz.guns.event.TravelToDimensionEvent to FORGE
[18May2025 00:28:48.009] [modloading-worker-0/DEBUG] [net.minecraftforge.fml.javafmlmod.AutomaticEventSubscriber/LOADING]: Auto-subscribing com.tacz.guns.event.SyncedEntityDataEvent to FORGE
[18May2025 00:28:48.014] [modloading-worker-0/DEBUG] [net.minecraftforge.fml.javafmlmod.AutomaticEventSubscriber/LOADING]: Auto-subscribing com.tacz.guns.event.SyncBaseTimestamp to FORGE
[18May2025 00:28:48.017] [modloading-worker-0/DEBUG] [net.minecraftforge.fml.javafmlmod.AutomaticEventSubscriber/LOADING]: Auto-subscribing com.tacz.guns.event.ServerTickEvent to FORGE
[18May2025 00:28:48.020] [modloading-worker-0/DEBUG] [net.minecraftforge.fml.javafmlmod.AutomaticEventSubscriber/LOADING]: Auto-subscribing com.tacz.guns.event.PreventGunClick to FORGE
[18May2025 00:28:48.027] [modloading-worker-0/DEBUG] [net.minecraftforge.fml.javafmlmod.AutomaticEventSubscriber/LOADING]: Auto-subscribing com.tacz.guns.event.PlayerRespawnEvent to FORGE
[18May2025 00:28:48.030] [modloading-worker-0/DEBUG] [net.minecraftforge.fml.javafmlmod.AutomaticEventSubscriber/LOADING]: Auto-subscribing com.tacz.guns.event.LoadingConfigEvent to MOD
[18May2025 00:28:48.032] [modloading-worker-0/DEBUG] [net.minecraftforge.fml.javafmlmod.AutomaticEventSubscriber/LOADING]: Auto-subscribing com.tacz.guns.event.KnockbackChange to FORGE
[18May2025 00:28:48.033] [modloading-worker-0/DEBUG] [net.minecraftforge.fml.javafmlmod.AutomaticEventSubscriber/LOADING]: Auto-subscribing com.tacz.guns.event.HitboxHelperEvent to FORGE
[18May2025 00:28:48.033] [modloading-worker-0/DEBUG] [net.minecraftforge.fml.javafmlmod.AutomaticEventSubscriber/LOADING]: Attempting to inject @EventBusSubscriber classes into the eventbus for doctor_nowhere
[18May2025 00:28:48.033] [modloading-worker-0/DEBUG] [net.minecraftforge.fml.javafmlmod.AutomaticEventSubscriber/LOADING]: Auto-subscribing com.ishakirabotaem.doctornowheremod.procedures.TheLocustTickUpdateProcedure to FORGE
[18May2025 00:28:48.034] [modloading-worker-0/DEBUG] [net.minecraftforge.fml.javafmlmod.AutomaticEventSubscriber/LOADING]: Auto-subscribing com.ishakirabotaem.doctornowheremod.procedures.TheLocustKilledPlayerProcedure to FORGE
[18May2025 00:28:48.036] [modloading-worker-0/DEBUG] [net.minecraftforge.fml.javafmlmod.AutomaticEventSubscriber/LOADING]: Auto-subscribing com.tacz.guns.event.EntityDamageEvent to FORGE
[18May2025 00:28:48.038] [modloading-worker-0/DEBUG] [net.minecraftforge.fml.javafmlmod.AutomaticEventSubscriber/LOADING]: Auto-subscribing com.ishakirabotaem.doctornowheremod.procedures.RandomEventsProcedure to FORGE
[18May2025 00:28:48.039] [modloading-worker-0/DEBUG] [net.minecraftforge.fml.javafmlmod.AutomaticEventSubscriber/LOADING]: Auto-subscribing com.ishakirabotaem.doctornowheremod.procedures.IsPlayerLookAtEntityProcedure to FORGE
[18May2025 00:28:48.039] [modloading-worker-0/DEBUG] [net.minecraftforge.fml.javafmlmod.AutomaticEventSubscriber/LOADING]: Auto-subscribing com.tacz.guns.event.CommonLoadPack to MOD
[18May2025 00:28:48.040] [modloading-worker-0/DEBUG] [net.minecraftforge.fml.javafmlmod.AutomaticEventSubscriber/LOADING]: Auto-subscribing com.tacz.guns.event.ammo.DestroyGlassBlock to FORGE
[18May2025 00:28:48.042] [modloading-worker-0/DEBUG] [net.minecraftforge.fml.javafmlmod.AutomaticEventSubscriber/LOADING]: Auto-subscribing com.ishakirabotaem.doctornowheremod.procedures.InCaveProcedure to FORGE
[18May2025 00:28:48.043] [modloading-worker-0/DEBUG] [net.minecraftforge.fml.javafmlmod.AutomaticEventSubscriber/LOADING]: Auto-subscribing com.ishakirabotaem.doctornowheremod.procedures.FollowerOnEntityTickUpdateProcedure to FORGE
[18May2025 00:28:48.043] [modloading-worker-0/DEBUG] [net.minecraftforge.fml.javafmlmod.AutomaticEventSubscriber/LOADING]: Auto-subscribing com.tacz.guns.event.ammo.BellRing to FORGE
[18May2025 00:28:48.044] [modloading-worker-0/DEBUG] [net.minecraftforge.fml.javafmlmod.AutomaticEventSubscriber/LOADING]: Auto-subscribing com.tacz.guns.client.event.TooltipEvent to FORGE
[18May2025 00:28:48.046] [modloading-worker-0/DEBUG] [net.minecraftforge.fml.javafmlmod.AutomaticEventSubscriber/LOADING]: Auto-subscribing com.ishakirabotaem.doctornowheremod.procedures.ConditionalEventsProcedure to FORGE
[18May2025 00:28:48.048] [modloading-worker-0/DEBUG] [net.minecraftforge.fml.javafmlmod.AutomaticEventSubscriber/LOADING]: Auto-subscribing com.ishakirabotaem.doctornowheremod.procedures.BadMobsProcedure to FORGE
[18May2025 00:28:48.051] [modloading-worker-0/DEBUG] [net.minecraftforge.fml.javafmlmod.AutomaticEventSubscriber/LOADING]: Auto-subscribing com.ishakirabotaem.doctornowheremod.network.DoctorNowhereModVariables to MOD
[18May2025 00:28:48.052] [modloading-worker-0/DEBUG] [net.minecraftforge.fml.javafmlmod.AutomaticEventSubscriber/LOADING]: Auto-subscribing com.ishakirabotaem.doctornowheremod.network.DoctorNowhereModVariables$PlayerVariablesProvider to FORGE
[18May2025 00:28:48.055] [modloading-worker-0/DEBUG] [net.minecraftforge.fml.javafmlmod.AutomaticEventSubscriber/LOADING]: Auto-subscribing com.ishakirabotaem.doctornowheremod.network.DoctorNowhereModVariables$EventBusVariableHandlers to FORGE
[18May2025 00:28:48.060] [modloading-worker-0/DEBUG] [net.minecraftforge.fml.javafmlmod.AutomaticEventSubscriber/LOADING]: Auto-subscribing com.ishakirabotaem.doctornowheremod.init.EntityAnimationFactory to FORGE
[18May2025 00:28:48.062] [modloading-worker-0/DEBUG] [net.minecraftforge.fml.javafmlmod.AutomaticEventSubscriber/LOADING]: Auto-subscribing com.ishakirabotaem.doctornowheremod.init.DoctorNowhereModEntities to MOD
[18May2025 00:28:48.064] [modloading-worker-0/DEBUG] [net.minecraftforge.fml.javafmlmod.AutomaticEventSubscriber/LOADING]: Auto-subscribing com.ishakirabotaem.doctornowheremod.NoSleepingProcedure to FORGE
[18May2025 00:28:48.073] [modloading-worker-0/DEBUG] [net.minecraftforge.fml.config.ConfigTracker/CONFIG]: Config file citadel-common.toml for citadel tracking
[18May2025 00:28:48.081] [modloading-worker-0/DEBUG] [net.minecraftforge.fml.config.ConfigTracker/CONFIG]: Config file alexscaves-general.toml for alexscaves tracking
[18May2025 00:28:48.082] [modloading-worker-0/DEBUG] [net.minecraftforge.fml.config.ConfigTracker/CONFIG]: Config file alexscaves-client.toml for alexscaves tracking
[18May2025 00:28:48.081] [modloading-worker-0/DEBUG] [net.minecraftforge.fml.javafmlmod.AutomaticEventSubscriber/LOADING]: Attempting to inject @EventBusSubscriber classes into the eventbus for citadel
[18May2025 00:28:48.083] [modloading-worker-0/DEBUG] [net.minecraftforge.fml.javafmlmod.AutomaticEventSubscriber/LOADING]: Auto-subscribing com.github.alexthe666.citadel.ServerProxy to MOD
[18May2025 00:28:48.099] [modloading-worker-0/DEBUG] [net.minecraftforge.fml.javafmlmod.AutomaticEventSubscriber/LOADING]: Attempting to inject @EventBusSubscriber classes into the eventbus for the_boiled_one
[18May2025 00:28:48.100] [modloading-worker-0/DEBUG] [net.minecraftforge.fml.javafmlmod.AutomaticEventSubscriber/LOADING]: Auto-subscribing net.mcreator.theboiledone.procedures.RandomProcedure to FORGE
[18May2025 00:28:48.101] [modloading-worker-0/DEBUG] [net.minecraftforge.fml.javafmlmod.AutomaticEventSubscriber/LOADING]: Auto-subscribing net.mcreator.theboiledone.procedures.EntityspawningProcedure to FORGE
[18May2025 00:28:48.103] [modloading-worker-0/DEBUG] [net.minecraftforge.fml.javafmlmod.AutomaticEventSubscriber/LOADING]: Auto-subscribing net.mcreator.theboiledone.procedures.DProcedure to FORGE
[18May2025 00:28:48.105] [modloading-worker-0/DEBUG] [net.minecraftforge.fml.javafmlmod.AutomaticEventSubscriber/LOADING]: Auto-subscribing net.mcreator.theboiledone.init.TheBoiledOneModTabs to MOD
[18May2025 00:28:48.107] [modloading-worker-0/DEBUG] [net.minecraftforge.fml.javafmlmod.AutomaticEventSubscriber/LOADING]: Auto-subscribing net.mcreator.theboiledone.init.TheBoiledOneModEntities to MOD
[18May2025 00:28:48.108] [modloading-worker-0/DEBUG] [net.minecraftforge.fml.javafmlmod.AutomaticEventSubscriber/LOADING]: Auto-subscribing net.mcreator.theboiledone.init.EntityAnimationFactory to FORGE
[18May2025 00:28:48.704] [modloading-worker-0/DEBUG] [net.minecraftforge.fml.javafmlmod.AutomaticEventSubscriber/LOADING]: Attempting to inject @EventBusSubscriber classes into the eventbus for alexscaves
[18May2025 00:28:48.705] [modloading-worker-0/DEBUG] [net.minecraftforge.fml.javafmlmod.AutomaticEventSubscriber/LOADING]: Auto-subscribing com.github.alexmodguy.alexscaves.server.entity.ACEntityRegistry to MOD
[18May2025 00:28:48.829] [main/DEBUG] [net.minecraftforge.common.capabilities.CapabilityManager/CAPABILITIES]: Attempting to automatically register: Lnet/minecraftforge/energy/IEnergyStorage;
[18May2025 00:28:48.832] [main/DEBUG] [net.minecraftforge.common.capabilities.CapabilityManager/CAPABILITIES]: Attempting to automatically register: Lnet/minecraftforge/fluids/capability/IFluidHandler;
[18May2025 00:28:48.832] [main/DEBUG] [net.minecraftforge.common.capabilities.CapabilityManager/CAPABILITIES]: Attempting to automatically register: Lnet/minecraftforge/fluids/capability/IFluidHandlerItem;
[18May2025 00:28:48.832] [main/DEBUG] [net.minecraftforge.common.capabilities.CapabilityManager/CAPABILITIES]: Attempting to automatically register: Lnet/minecraftforge/items/IItemHandler;
[18May2025 00:28:51.216] [main/WARN] [net.minecraft.network.syncher.SynchedEntityData/]: defineId called for: class com.github.alexmodguy.alexscaves.server.entity.living.TremorzillaEntity from class com.github.alexmodguy.alexscaves.server.entity.living.LicowitchEntity
[18May2025 00:28:51.218] [main/DEBUG] [mixin/]: Mixing PotionUtilsMixin from alexscaves.mixins.json into net.minecraft.world.item.alchemy.PotionUtils
[18May2025 00:28:51.218] [main/DEBUG] [mixin/]: Renaming synthetic method lambda$ac_getColor$0(Lnet/minecraft/world/effect/MobEffectInstance;)Z to md8af760$lambda$ac_getColor$0$0 in alexscaves.mixins.json:PotionUtilsMixin
[18May2025 00:28:51.253] [main/DEBUG] [net.minecraftforge.fml.config.ConfigTracker/CONFIG]: Loading configs type COMMON
[18May2025 00:28:51.256] [main/DEBUG] [net.minecraftforge.fml.config.ConfigFileTypeHandler/CONFIG]: Built TOML config for /workspaces/mineserver/servidor_minecraft/config/minezero-common.toml
[18May2025 00:28:51.257] [main/DEBUG] [net.minecraftforge.fml.config.ConfigFileTypeHandler/CONFIG]: Loaded TOML config file /workspaces/mineserver/servidor_minecraft/config/minezero-common.toml
[18May2025 00:28:51.266] [main/DEBUG] [net.minecraftforge.fml.config.ConfigFileTypeHandler/CONFIG]: Watching TOML config file /workspaces/mineserver/servidor_minecraft/config/minezero-common.toml for changes
[18May2025 00:28:51.268] [main/WARN] [net.minecraftforge.common.ForgeConfigSpec/CORE]: Configuration file /workspaces/mineserver/servidor_minecraft/config/minezero-common.toml is not correct. Correcting
[18May2025 00:28:51.271] [main/WARN] [net.minecraftforge.common.ForgeConfigSpec/CORE]: Incorrect key general was corrected from null to its default, SimpleCommentedConfig:{}. 
[18May2025 00:28:51.272] [main/WARN] [net.minecraftforge.common.ForgeConfigSpec/CORE]: Incorrect key general.deathChime was corrected from null to its default, CLASSIC. 
[18May2025 00:28:51.272] [main/DEBUG] [net.minecraftforge.common.ForgeConfigSpec/CORE]: The comment on key general.deathChime does not match the spec. This may create a backup.
[18May2025 00:28:51.272] [main/DEBUG] [net.minecraftforge.common.ForgeConfigSpec/CORE]: The comment on key general does not match the spec. This may create a backup.
[18May2025 00:28:51.275] [Thread-1/DEBUG] [net.minecraftforge.fml.config.ConfigFileTypeHandler/CONFIG]: Config file minezero-common.toml changed, sending notifies
[18May2025 00:28:51.279] [main/DEBUG] [net.minecraftforge.fml.config.ConfigFileTypeHandler/CONFIG]: Built TOML config for /workspaces/mineserver/servidor_minecraft/config/tacz-common.toml
[18May2025 00:28:51.279] [main/DEBUG] [net.minecraftforge.fml.config.ConfigFileTypeHandler/CONFIG]: Loaded TOML config file /workspaces/mineserver/servidor_minecraft/config/tacz-common.toml
[18May2025 00:28:51.280] [main/DEBUG] [net.minecraftforge.fml.config.ConfigFileTypeHandler/CONFIG]: Watching TOML config file /workspaces/mineserver/servidor_minecraft/config/tacz-common.toml for changes
[18May2025 00:28:51.280] [main/WARN] [net.minecraftforge.common.ForgeConfigSpec/CORE]: Configuration file /workspaces/mineserver/servidor_minecraft/config/tacz-common.toml is not correct. Correcting
[18May2025 00:28:51.281] [main/WARN] [net.minecraftforge.common.ForgeConfigSpec/CORE]: Incorrect key gun was corrected from null to its default, SimpleCommentedConfig:{}. 
[18May2025 00:28:51.282] [main/WARN] [net.minecraftforge.common.ForgeConfigSpec/CORE]: Incorrect key gun.DefaultGunFireSoundDistance was corrected from null to its default, 64. 
[18May2025 00:28:51.282] [main/DEBUG] [net.minecraftforge.common.ForgeConfigSpec/CORE]: The comment on key gun.DefaultGunFireSoundDistance does not match the spec. This may create a backup.
[18May2025 00:28:51.282] [main/WARN] [net.minecraftforge.common.ForgeConfigSpec/CORE]: Incorrect key gun.DefaultGunSilenceSoundDistance was corrected from null to its default, 16. 
[18May2025 00:28:51.282] [main/DEBUG] [net.minecraftforge.common.ForgeConfigSpec/CORE]: The comment on key gun.DefaultGunSilenceSoundDistance does not match the spec. This may create a backup.
[18May2025 00:28:51.282] [main/WARN] [net.minecraftforge.common.ForgeConfigSpec/CORE]: Incorrect key gun.DefaultGunOtherSoundDistance was corrected from null to its default, 16. 
[18May2025 00:28:51.282] [main/DEBUG] [net.minecraftforge.common.ForgeConfigSpec/CORE]: The comment on key gun.DefaultGunOtherSoundDistance does not match the spec. This may create a backup.
[18May2025 00:28:51.283] [main/WARN] [net.minecraftforge.common.ForgeConfigSpec/CORE]: Incorrect key gun.CreativePlayerConsumeAmmo was corrected from null to its default, true. 
[18May2025 00:28:51.283] [main/DEBUG] [net.minecraftforge.common.ForgeConfigSpec/CORE]: The comment on key gun.CreativePlayerConsumeAmmo does not match the spec. This may create a backup.
[18May2025 00:28:51.283] [main/WARN] [net.minecraftforge.common.ForgeConfigSpec/CORE]: Incorrect key gun.AutoReloadWhenRespawn was corrected from null to its default, false. 
[18May2025 00:28:51.283] [main/DEBUG] [net.minecraftforge.common.ForgeConfigSpec/CORE]: The comment on key gun.AutoReloadWhenRespawn does not match the spec. This may create a backup.
[18May2025 00:28:51.283] [main/WARN] [net.minecraftforge.common.ForgeConfigSpec/CORE]: Incorrect key ammo was corrected from null to its default, SimpleCommentedConfig:{}. 
[18May2025 00:28:51.283] [main/WARN] [net.minecraftforge.common.ForgeConfigSpec/CORE]: Incorrect key ammo.ExplosiveAmmoDestroysBlock was corrected from null to its default, true. 
[18May2025 00:28:51.283] [main/DEBUG] [net.minecraftforge.common.ForgeConfigSpec/CORE]: The comment on key ammo.ExplosiveAmmoDestroysBlock does not match the spec. This may create a backup.
[18May2025 00:28:51.284] [main/WARN] [net.minecraftforge.common.ForgeConfigSpec/CORE]: Incorrect key ammo.ExplosiveAmmoFire was corrected from null to its default, false. 
[18May2025 00:28:51.284] [main/DEBUG] [net.minecraftforge.common.ForgeConfigSpec/CORE]: The comment on key ammo.ExplosiveAmmoFire does not match the spec. This may create a backup.
[18May2025 00:28:51.284] [main/WARN] [net.minecraftforge.common.ForgeConfigSpec/CORE]: Incorrect key ammo.ExplosiveAmmoKnockBack was corrected from null to its default, true. 
[18May2025 00:28:51.284] [main/DEBUG] [net.minecraftforge.common.ForgeConfigSpec/CORE]: The comment on key ammo.ExplosiveAmmoKnockBack does not match the spec. This may create a backup.
[18May2025 00:28:51.284] [main/WARN] [net.minecraftforge.common.ForgeConfigSpec/CORE]: Incorrect key ammo.ExplosiveAmmoVisibleDistance was corrected from null to its default, 192. 
[18May2025 00:28:51.284] [main/DEBUG] [net.minecraftforge.common.ForgeConfigSpec/CORE]: The comment on key ammo.ExplosiveAmmoVisibleDistance does not match the spec. This may create a backup.
[18May2025 00:28:51.284] [main/WARN] [net.minecraftforge.common.ForgeConfigSpec/CORE]: Incorrect key ammo.PassThroughBlocks was corrected from null to its default, []. 
[18May2025 00:28:51.284] [main/DEBUG] [net.minecraftforge.common.ForgeConfigSpec/CORE]: The comment on key ammo.PassThroughBlocks does not match the spec. This may create a backup.
[18May2025 00:28:51.284] [main/WARN] [net.minecraftforge.common.ForgeConfigSpec/CORE]: Incorrect key ammo.DestroyGlass was corrected from null to its default, true. 
[18May2025 00:28:51.284] [main/DEBUG] [net.minecraftforge.common.ForgeConfigSpec/CORE]: The comment on key ammo.DestroyGlass does not match the spec. This may create a backup.
[18May2025 00:28:51.284] [main/WARN] [net.minecraftforge.common.ForgeConfigSpec/CORE]: Incorrect key ammo.IgniteBlock was corrected from null to its default, true. 
[18May2025 00:28:51.285] [main/DEBUG] [net.minecraftforge.common.ForgeConfigSpec/CORE]: The comment on key ammo.IgniteBlock does not match the spec. This may create a backup.
[18May2025 00:28:51.285] [main/WARN] [net.minecraftforge.common.ForgeConfigSpec/CORE]: Incorrect key ammo.IgniteEntity was corrected from null to its default, true. 
[18May2025 00:28:51.285] [main/DEBUG] [net.minecraftforge.common.ForgeConfigSpec/CORE]: The comment on key ammo.IgniteEntity does not match the spec. This may create a backup.
[18May2025 00:28:51.285] [main/WARN] [net.minecraftforge.common.ForgeConfigSpec/CORE]: Incorrect key other was corrected from null to its default, SimpleCommentedConfig:{}. 
[18May2025 00:28:51.286] [main/WARN] [net.minecraftforge.common.ForgeConfigSpec/CORE]: Incorrect key other.DefaultPackDebug was corrected from null to its default, false. 
[18May2025 00:28:51.286] [main/DEBUG] [net.minecraftforge.common.ForgeConfigSpec/CORE]: The comment on key other.DefaultPackDebug does not match the spec. This may create a backup.
[18May2025 00:28:51.286] [main/WARN] [net.minecraftforge.common.ForgeConfigSpec/CORE]: Incorrect key other.TargetSoundDistance was corrected from null to its default, 128. 
[18May2025 00:28:51.286] [main/DEBUG] [net.minecraftforge.common.ForgeConfigSpec/CORE]: The comment on key other.TargetSoundDistance does not match the spec. This may create a backup.
[18May2025 00:28:51.286] [main/WARN] [net.minecraftforge.common.ForgeConfigSpec/CORE]: Incorrect key other.ServerHitboxOffset was corrected from null to its default, 3.0. 
[18May2025 00:28:51.287] [main/DEBUG] [net.minecraftforge.common.ForgeConfigSpec/CORE]: The comment on key other.ServerHitboxOffset does not match the spec. This may create a backup.
[18May2025 00:28:51.287] [main/WARN] [net.minecraftforge.common.ForgeConfigSpec/CORE]: Incorrect key other.ServerHitboxLatencyFix was corrected from null to its default, true. 
[18May2025 00:28:51.287] [main/DEBUG] [net.minecraftforge.common.ForgeConfigSpec/CORE]: The comment on key other.ServerHitboxLatencyFix does not match the spec. This may create a backup.
[18May2025 00:28:51.287] [main/WARN] [net.minecraftforge.common.ForgeConfigSpec/CORE]: Incorrect key other.ServerHitboxLatencyMaxSaveMs was corrected from null to its default, 1000.0. 
[18May2025 00:28:51.287] [main/DEBUG] [net.minecraftforge.common.ForgeConfigSpec/CORE]: The comment on key other.ServerHitboxLatencyMaxSaveMs does not match the spec. This may create a backup.
[18May2025 00:28:51.289] [Thread-1/DEBUG] [net.minecraftforge.fml.config.ConfigFileTypeHandler/CONFIG]: Config file tacz-common.toml changed, sending notifies
[18May2025 00:28:51.290] [main/DEBUG] [net.minecraftforge.fml.config.ConfigFileTypeHandler/CONFIG]: Built TOML config for /workspaces/mineserver/servidor_minecraft/config/citadel-common.toml
[18May2025 00:28:51.290] [main/DEBUG] [net.minecraftforge.fml.config.ConfigFileTypeHandler/CONFIG]: Loaded TOML config file /workspaces/mineserver/servidor_minecraft/config/citadel-common.toml
[18May2025 00:28:51.290] [main/DEBUG] [net.minecraftforge.fml.config.ConfigFileTypeHandler/CONFIG]: Watching TOML config file /workspaces/mineserver/servidor_minecraft/config/citadel-common.toml for changes
[18May2025 00:28:51.290] [main/WARN] [net.minecraftforge.common.ForgeConfigSpec/CORE]: Configuration file /workspaces/mineserver/servidor_minecraft/config/citadel-common.toml is not correct. Correcting
[18May2025 00:28:51.291] [main/WARN] [net.minecraftforge.common.ForgeConfigSpec/CORE]: Incorrect key general was corrected from null to its default, SimpleCommentedConfig:{}. 
[18May2025 00:28:51.291] [main/WARN] [net.minecraftforge.common.ForgeConfigSpec/CORE]: Incorrect key general.Track Entities was corrected from null to its default, true. 
[18May2025 00:28:51.291] [main/DEBUG] [net.minecraftforge.common.ForgeConfigSpec/CORE]: The comment on key general.Track Entities does not match the spec. This may create a backup.
[18May2025 00:28:51.291] [main/WARN] [net.minecraftforge.common.ForgeConfigSpec/CORE]: Incorrect key general.Skip Datapack Warnings was corrected from null to its default, true. 
[18May2025 00:28:51.291] [main/DEBUG] [net.minecraftforge.common.ForgeConfigSpec/CORE]: The comment on key general.Skip Datapack Warnings does not match the spec. This may create a backup.
[18May2025 00:28:51.291] [main/WARN] [net.minecraftforge.common.ForgeConfigSpec/CORE]: Incorrect key general.chunkGenSpawnModifier was corrected from null to its default, 1.0. 
[18May2025 00:28:51.291] [main/DEBUG] [net.minecraftforge.common.ForgeConfigSpec/CORE]: The comment on key general.chunkGenSpawnModifier does not match the spec. This may create a backup.
[18May2025 00:28:51.291] [main/WARN] [net.minecraftforge.common.ForgeConfigSpec/CORE]: Incorrect key general.April Fools Content was corrected from null to its default, true. 
[18May2025 00:28:51.291] [main/DEBUG] [net.minecraftforge.common.ForgeConfigSpec/CORE]: The comment on key general.April Fools Content does not match the spec. This may create a backup.
[18May2025 00:28:51.292] [Thread-1/DEBUG] [net.minecraftforge.fml.config.ConfigFileTypeHandler/CONFIG]: Config file citadel-common.toml changed, sending notifies
[18May2025 00:28:51.293] [main/DEBUG] [net.minecraftforge.fml.config.ConfigFileTypeHandler/CONFIG]: Built TOML config for /workspaces/mineserver/servidor_minecraft/config/alexscaves-general.toml
[18May2025 00:28:51.294] [main/DEBUG] [net.minecraftforge.fml.config.ConfigFileTypeHandler/CONFIG]: Loaded TOML config file /workspaces/mineserver/servidor_minecraft/config/alexscaves-general.toml
[18May2025 00:28:51.296] [main/DEBUG] [net.minecraftforge.fml.config.ConfigFileTypeHandler/CONFIG]: Watching TOML config file /workspaces/mineserver/servidor_minecraft/config/alexscaves-general.toml for changes
[18May2025 00:28:51.296] [main/WARN] [net.minecraftforge.common.ForgeConfigSpec/CORE]: Configuration file /workspaces/mineserver/servidor_minecraft/config/alexscaves-general.toml is not correct. Correcting
[18May2025 00:28:51.296] [main/WARN] [net.minecraftforge.common.ForgeConfigSpec/CORE]: Incorrect key generation was corrected from null to its default, SimpleCommentedConfig:{}. 
[18May2025 00:28:51.296] [main/WARN] [net.minecraftforge.common.ForgeConfigSpec/CORE]: Incorrect key generation.cave_biome_mean_width was corrected from null to its default, 300.0. 
[18May2025 00:28:51.296] [main/DEBUG] [net.minecraftforge.common.ForgeConfigSpec/CORE]: The comment on key generation.cave_biome_mean_width does not match the spec. This may create a backup.
[18May2025 00:28:51.296] [main/WARN] [net.minecraftforge.common.ForgeConfigSpec/CORE]: Incorrect key generation.cave_biome_mean_separation was corrected from null to its default, 900. 
[18May2025 00:28:51.297] [main/DEBUG] [net.minecraftforge.common.ForgeConfigSpec/CORE]: The comment on key generation.cave_biome_mean_separation does not match the spec. This may create a backup.
[18May2025 00:28:51.297] [main/WARN] [net.minecraftforge.common.ForgeConfigSpec/CORE]: Incorrect key generation.cave_biome_width_randomness was corrected from null to its default, 0.15. 
[18May2025 00:28:51.297] [main/DEBUG] [net.minecraftforge.common.ForgeConfigSpec/CORE]: The comment on key generation.cave_biome_width_randomness does not match the spec. This may create a backup.
[18May2025 00:28:51.297] [main/WARN] [net.minecraftforge.common.ForgeConfigSpec/CORE]: Incorrect key generation.cave_biome_spacing_randomness was corrected from null to its default, 0.45. 
[18May2025 00:28:51.297] [main/DEBUG] [net.minecraftforge.common.ForgeConfigSpec/CORE]: The comment on key generation.cave_biome_spacing_randomness does not match the spec. This may create a backup.
[18May2025 00:28:51.297] [main/WARN] [net.minecraftforge.common.ForgeConfigSpec/CORE]: Incorrect key generation.warn_generation_incompatibility was corrected from null to its default, true. 
[18May2025 00:28:51.297] [main/DEBUG] [net.minecraftforge.common.ForgeConfigSpec/CORE]: The comment on key generation.warn_generation_incompatibility does not match the spec. This may create a backup.
[18May2025 00:28:51.298] [main/WARN] [net.minecraftforge.common.ForgeConfigSpec/CORE]: Incorrect key mob-spawning was corrected from null to its default, SimpleCommentedConfig:{}. 
[18May2025 00:28:51.298] [main/WARN] [net.minecraftforge.common.ForgeConfigSpec/CORE]: Incorrect key mob-spawning.cave_creature_spawn_count_modifier was corrected from null to its default, 1.75. 
[18May2025 00:28:51.300] [main/DEBUG] [net.minecraftforge.common.ForgeConfigSpec/CORE]: The comment on key mob-spawning.cave_creature_spawn_count_modifier does not match the spec. This may create a backup.
[18May2025 00:28:51.300] [main/WARN] [net.minecraftforge.common.ForgeConfigSpec/CORE]: Incorrect key mob-spawning.drowned_diving_gear_spawn_chance was corrected from null to its default, 0.2. 
[18May2025 00:28:51.300] [main/DEBUG] [net.minecraftforge.common.ForgeConfigSpec/CORE]: The comment on key mob-spawning.drowned_diving_gear_spawn_chance does not match the spec. This may create a backup.
[18May2025 00:28:51.301] [main/WARN] [net.minecraftforge.common.ForgeConfigSpec/CORE]: Incorrect key mob-behavior was corrected from null to its default, SimpleCommentedConfig:{}. 
[18May2025 00:28:51.301] [main/WARN] [net.minecraftforge.common.ForgeConfigSpec/CORE]: Incorrect key mob-behavior.pathfinding_threads was corrected from null to its default, 5. 
[18May2025 00:28:51.301] [main/DEBUG] [net.minecraftforge.common.ForgeConfigSpec/CORE]: The comment on key mob-behavior.pathfinding_threads does not match the spec. This may create a backup.
[18May2025 00:28:51.301] [main/WARN] [net.minecraftforge.common.ForgeConfigSpec/CORE]: Incorrect key mob-behavior.luxtructosaurus_block_drop_chance was corrected from null to its default, 0.75. 
[18May2025 00:28:51.301] [main/DEBUG] [net.minecraftforge.common.ForgeConfigSpec/CORE]: The comment on key mob-behavior.luxtructosaurus_block_drop_chance does not match the spec. This may create a backup.
[18May2025 00:28:51.301] [main/WARN] [net.minecraftforge.common.ForgeConfigSpec/CORE]: Incorrect key mob-behavior.atlatitan_max_block_explosion_resistance was corrected from null to its default, 10. 
[18May2025 00:28:51.301] [main/DEBUG] [net.minecraftforge.common.ForgeConfigSpec/CORE]: The comment on key mob-behavior.atlatitan_max_block_explosion_resistance does not match the spec. This may create a backup.
[18May2025 00:28:51.301] [main/WARN] [net.minecraftforge.common.ForgeConfigSpec/CORE]: Incorrect key mob-behavior.nucleeper_fuse_time was corrected from null to its default, 300. 
[18May2025 00:28:51.301] [main/DEBUG] [net.minecraftforge.common.ForgeConfigSpec/CORE]: The comment on key mob-behavior.nucleeper_fuse_time does not match the spec. This may create a backup.
[18May2025 00:28:51.301] [main/WARN] [net.minecraftforge.common.ForgeConfigSpec/CORE]: Incorrect key mob-behavior.devastating_tremorzilla_beam was corrected from null to its default, true. 
[18May2025 00:28:51.302] [main/DEBUG] [net.minecraftforge.common.ForgeConfigSpec/CORE]: The comment on key mob-behavior.devastating_tremorzilla_beam does not match the spec. This may create a backup.
[18May2025 00:28:51.302] [main/WARN] [net.minecraftforge.common.ForgeConfigSpec/CORE]: Incorrect key mob-behavior.watcher_possession was corrected from null to its default, true. 
[18May2025 00:28:51.302] [main/DEBUG] [net.minecraftforge.common.ForgeConfigSpec/CORE]: The comment on key mob-behavior.watcher_possession does not match the spec. This may create a backup.
[18May2025 00:28:51.303] [main/WARN] [net.minecraftforge.common.ForgeConfigSpec/CORE]: Incorrect key mob-behavior.watcher_possession_cooldown was corrected from null to its default, 300. 
[18May2025 00:28:51.303] [main/DEBUG] [net.minecraftforge.common.ForgeConfigSpec/CORE]: The comment on key mob-behavior.watcher_possession_cooldown does not match the spec. This may create a backup.
[18May2025 00:28:51.306] [main/WARN] [net.minecraftforge.common.ForgeConfigSpec/CORE]: Incorrect key block-behavior was corrected from null to its default, SimpleCommentedConfig:{}. 
[18May2025 00:28:51.306] [main/WARN] [net.minecraftforge.common.ForgeConfigSpec/CORE]: Incorrect key block-behavior.walking_on_magnets was corrected from null to its default, true. 
[18May2025 00:28:51.306] [main/DEBUG] [net.minecraftforge.common.ForgeConfigSpec/CORE]: The comment on key block-behavior.walking_on_magnets does not match the spec. This may create a backup.
[18May2025 00:28:51.306] [main/WARN] [net.minecraftforge.common.ForgeConfigSpec/CORE]: Incorrect key block-behavior.amber_monolith_mean_time was corrected from null to its default, 32000. 
[18May2025 00:28:51.306] [main/DEBUG] [net.minecraftforge.common.ForgeConfigSpec/CORE]: The comment on key block-behavior.amber_monolith_mean_time does not match the spec. This may create a backup.
[18May2025 00:28:51.306] [main/WARN] [net.minecraftforge.common.ForgeConfigSpec/CORE]: Incorrect key block-behavior.nuclear_furnace_blasting_only was corrected from null to its default, true. 
[18May2025 00:28:51.306] [main/DEBUG] [net.minecraftforge.common.ForgeConfigSpec/CORE]: The comment on key block-behavior.nuclear_furnace_blasting_only does not match the spec. This may create a backup.
[18May2025 00:28:51.306] [main/WARN] [net.minecraftforge.common.ForgeConfigSpec/CORE]: Incorrect key block-behavior.nuclear_furnace_custom_type was corrected from null to its default, false. 
[18May2025 00:28:51.307] [main/DEBUG] [net.minecraftforge.common.ForgeConfigSpec/CORE]: The comment on key block-behavior.nuclear_furnace_custom_type does not match the spec. This may create a backup.
[18May2025 00:28:51.310] [main/WARN] [net.minecraftforge.common.ForgeConfigSpec/CORE]: Incorrect key item-behavior was corrected from null to its default, SimpleCommentedConfig:{}. 
[18May2025 00:28:51.310] [main/WARN] [net.minecraftforge.common.ForgeConfigSpec/CORE]: Incorrect key item-behavior.only_one_research_needed was corrected from null to its default, false. 
[18May2025 00:28:51.310] [main/DEBUG] [net.minecraftforge.common.ForgeConfigSpec/CORE]: The comment on key item-behavior.only_one_research_needed does not match the spec. This may create a backup.
[18May2025 00:28:51.310] [main/WARN] [net.minecraftforge.common.ForgeConfigSpec/CORE]: Incorrect key item-behavior.cave_map_search_attempts was corrected from null to its default, 128000. 
[18May2025 00:28:51.310] [main/DEBUG] [net.minecraftforge.common.ForgeConfigSpec/CORE]: The comment on key item-behavior.cave_map_search_attempts does not match the spec. This may create a backup.
[18May2025 00:28:51.310] [main/WARN] [net.minecraftforge.common.ForgeConfigSpec/CORE]: Incorrect key item-behavior.cave_map_search_width was corrected from null to its default, 64. 
[18May2025 00:28:51.310] [main/DEBUG] [net.minecraftforge.common.ForgeConfigSpec/CORE]: The comment on key item-behavior.cave_map_search_width does not match the spec. This may create a backup.
[18May2025 00:28:51.310] [main/WARN] [net.minecraftforge.common.ForgeConfigSpec/CORE]: Incorrect key item-behavior.nuke_max_block_explosion_resistance was corrected from null to its default, 1000. 
[18May2025 00:28:51.310] [main/DEBUG] [net.minecraftforge.common.ForgeConfigSpec/CORE]: The comment on key item-behavior.nuke_max_block_explosion_resistance does not match the spec. This may create a backup.
[18May2025 00:28:51.310] [main/WARN] [net.minecraftforge.common.ForgeConfigSpec/CORE]: Incorrect key item-behavior.nuke_spawn_item_drops was corrected from null to its default, true. 
[18May2025 00:28:51.310] [main/DEBUG] [net.minecraftforge.common.ForgeConfigSpec/CORE]: The comment on key item-behavior.nuke_spawn_item_drops does not match the spec. This may create a backup.
[18May2025 00:28:51.311] [main/WARN] [net.minecraftforge.common.ForgeConfigSpec/CORE]: Incorrect key item-behavior.nuclear_explosion_size_modifier was corrected from null to its default, 3.0. 
[18May2025 00:28:51.311] [main/DEBUG] [net.minecraftforge.common.ForgeConfigSpec/CORE]: The comment on key item-behavior.nuclear_explosion_size_modifier does not match the spec. This may create a backup.
[18May2025 00:28:51.311] [main/WARN] [net.minecraftforge.common.ForgeConfigSpec/CORE]: Incorrect key item-behavior.totem_of_possession_works_on_players was corrected from null to its default, true. 
[18May2025 00:28:51.315] [main/DEBUG] [net.minecraftforge.common.ForgeConfigSpec/CORE]: The comment on key item-behavior.totem_of_possession_works_on_players does not match the spec. This may create a backup.
[18May2025 00:28:51.315] [main/WARN] [net.minecraftforge.common.ForgeConfigSpec/CORE]: Incorrect key item-behavior.darkness_cloak_charge_time was corrected from null to its default, 1000. 
[18May2025 00:28:51.315] [main/DEBUG] [net.minecraftforge.common.ForgeConfigSpec/CORE]: The comment on key item-behavior.darkness_cloak_charge_time does not match the spec. This may create a backup.
[18May2025 00:28:51.315] [main/WARN] [net.minecraftforge.common.ForgeConfigSpec/CORE]: Incorrect key item-behavior.darkness_cloak_fly_time was corrected from null to its default, 200. 
[18May2025 00:28:51.315] [main/DEBUG] [net.minecraftforge.common.ForgeConfigSpec/CORE]: The comment on key item-behavior.darkness_cloak_fly_time does not match the spec. This may create a backup.
[18May2025 00:28:51.319] [main/WARN] [net.minecraftforge.common.ForgeConfigSpec/CORE]: Incorrect key potion-behavior was corrected from null to its default, SimpleCommentedConfig:{}. 
[18May2025 00:28:51.319] [main/WARN] [net.minecraftforge.common.ForgeConfigSpec/CORE]: Incorrect key potion-behavior.sugar_rush_slows_time was corrected from null to its default, true. 
[18May2025 00:28:51.319] [main/DEBUG] [net.minecraftforge.common.ForgeConfigSpec/CORE]: The comment on key potion-behavior.sugar_rush_slows_time does not match the spec. This may create a backup.
[18May2025 00:28:51.322] [main/WARN] [net.minecraftforge.common.ForgeConfigSpec/CORE]: Incorrect key vanilla-changes was corrected from null to its default, SimpleCommentedConfig:{}. 
[18May2025 00:28:51.323] [main/WARN] [net.minecraftforge.common.ForgeConfigSpec/CORE]: Incorrect key vanilla-changes.magnetic_tablet_loot_chance was corrected from null to its default, 0.45. 
[18May2025 00:28:51.323] [main/DEBUG] [net.minecraftforge.common.ForgeConfigSpec/CORE]: The comment on key vanilla-changes.magnetic_tablet_loot_chance does not match the spec. This may create a backup.
[18May2025 00:28:51.323] [main/WARN] [net.minecraftforge.common.ForgeConfigSpec/CORE]: Incorrect key vanilla-changes.primordial_tablet_loot_chance was corrected from null to its default, 0.15. 
[18May2025 00:28:51.324] [main/DEBUG] [net.minecraftforge.common.ForgeConfigSpec/CORE]: The comment on key vanilla-changes.primordial_tablet_loot_chance does not match the spec. This may create a backup.
[18May2025 00:28:51.324] [main/WARN] [net.minecraftforge.common.ForgeConfigSpec/CORE]: Incorrect key vanilla-changes.toxic_tablet_loot_chance was corrected from null to its default, 0.5. 
[18May2025 00:28:51.324] [main/DEBUG] [net.minecraftforge.common.ForgeConfigSpec/CORE]: The comment on key vanilla-changes.toxic_tablet_loot_chance does not match the spec. This may create a backup.
[18May2025 00:28:51.324] [main/WARN] [net.minecraftforge.common.ForgeConfigSpec/CORE]: Incorrect key vanilla-changes.abyssal_tablet_loot_chance was corrected from null to its default, 0.4. 
[18May2025 00:28:51.324] [main/DEBUG] [net.minecraftforge.common.ForgeConfigSpec/CORE]: The comment on key vanilla-changes.abyssal_tablet_loot_chance does not match the spec. This may create a backup.
[18May2025 00:28:51.324] [main/WARN] [net.minecraftforge.common.ForgeConfigSpec/CORE]: Incorrect key vanilla-changes.forlorn_tablet_loot_chance was corrected from null to its default, 0.75. 
[18May2025 00:28:51.324] [main/DEBUG] [net.minecraftforge.common.ForgeConfigSpec/CORE]: The comment on key vanilla-changes.forlorn_tablet_loot_chance does not match the spec. This may create a backup.
[18May2025 00:28:51.325] [main/WARN] [net.minecraftforge.common.ForgeConfigSpec/CORE]: Incorrect key vanilla-changes.candy_cavity_loot_chance was corrected from null to its default, 0.9. 
[18May2025 00:28:51.325] [main/DEBUG] [net.minecraftforge.common.ForgeConfigSpec/CORE]: The comment on key vanilla-changes.candy_cavity_loot_chance does not match the spec. This may create a backup.
[18May2025 00:28:51.325] [main/WARN] [net.minecraftforge.common.ForgeConfigSpec/CORE]: Incorrect key vanilla-changes.cabin_map_loot_chance was corrected from null to its default, 0.15. 
[18May2025 00:28:51.325] [main/DEBUG] [net.minecraftforge.common.ForgeConfigSpec/CORE]: The comment on key vanilla-changes.cabin_map_loot_chance does not match the spec. This may create a backup.
[18May2025 00:28:51.325] [main/WARN] [net.minecraftforge.common.ForgeConfigSpec/CORE]: Incorrect key vanilla-changes.cartographers_sell_cabin_maps was corrected from null to its default, true. 
[18May2025 00:28:51.325] [main/DEBUG] [net.minecraftforge.common.ForgeConfigSpec/CORE]: The comment on key vanilla-changes.cartographers_sell_cabin_maps does not match the spec. This may create a backup.
[18May2025 00:28:51.326] [main/WARN] [net.minecraftforge.common.ForgeConfigSpec/CORE]: Incorrect key vanilla-changes.wandering_traders_sell_cabin_maps was corrected from null to its default, true. 
[18May2025 00:28:51.326] [main/DEBUG] [net.minecraftforge.common.ForgeConfigSpec/CORE]: The comment on key vanilla-changes.wandering_traders_sell_cabin_maps does not match the spec. This may create a backup.
[18May2025 00:28:51.326] [main/WARN] [net.minecraftforge.common.ForgeConfigSpec/CORE]: Incorrect key vanilla-changes.loot_chest_in_witch_huts was corrected from null to its default, true. 
[18May2025 00:28:51.326] [main/DEBUG] [net.minecraftforge.common.ForgeConfigSpec/CORE]: The comment on key vanilla-changes.loot_chest_in_witch_huts does not match the spec. This may create a backup.
[18May2025 00:28:51.326] [main/WARN] [net.minecraftforge.common.ForgeConfigSpec/CORE]: Incorrect key vanilla-changes.enchantments_in_loot was corrected from null to its default, false. 
[18May2025 00:28:51.326] [main/DEBUG] [net.minecraftforge.common.ForgeConfigSpec/CORE]: The comment on key vanilla-changes.enchantments_in_loot does not match the spec. This may create a backup.
[18May2025 00:28:51.328] [Thread-1/DEBUG] [net.minecraftforge.fml.config.ConfigFileTypeHandler/CONFIG]: Config file alexscaves-general.toml changed, sending notifies
[18May2025 00:28:51.358] [Thread-1/DEBUG] [net.minecraftforge.fml.config.ConfigFileTypeHandler/CONFIG]: Config file alexscaves-general.toml changed, sending notifies
[18May2025 00:28:51.370] [modloading-worker-0/INFO] [studio.lunareclipse.watching.Init/]: From The Fog Loaded Successfully!
[18May2025 00:28:51.370] [modloading-worker-0/INFO] [boomcow.minezero.MineZero/]: HELLO FROM COMMON SETUP
[18May2025 00:28:51.371] [modloading-worker-0/INFO] [boomcow.minezero.MineZero/]: DIRT BLOCK >> minecraft:dirt
[18May2025 00:28:51.399] [modloading-worker-0/INFO] [boomcow.minezero.MineZero/]: Loading custom game rules: autoCheckpointEnabled = autoCheckpointEnabled
[18May2025 00:28:51.870] [Forge Version Check/INFO] [net.minecraftforge.fml.VersionChecker/]: [forge] Starting version check at https://files.minecraftforge.net/net/minecraftforge/forge/promotions_slim.json
[18May2025 00:28:52.368] [main/DEBUG] [net.minecraftforge.fml.DeferredWorkQueue/LOADING]: Dispatching synchronous work for work queue COMMON_SETUP: 9 jobs
[18May2025 00:28:52.541] [main/INFO] [tacz/SYNCED_ENTITY_DATA_TAC_COPY]: Registered synced data key tacz:shoot_cool_down for minecraft:living_entity
[18May2025 00:28:52.542] [main/INFO] [tacz/SYNCED_ENTITY_DATA_TAC_COPY]: Registered synced data key tacz:melee_cool_down for minecraft:living_entity
[18May2025 00:28:52.542] [main/INFO] [tacz/SYNCED_ENTITY_DATA_TAC_COPY]: Registered synced data key tacz:reload_state for minecraft:living_entity
[18May2025 00:28:52.542] [main/INFO] [tacz/SYNCED_ENTITY_DATA_TAC_COPY]: Registered synced data key tacz:aiming_progress for minecraft:living_entity
[18May2025 00:28:52.542] [main/INFO] [tacz/SYNCED_ENTITY_DATA_TAC_COPY]: Registered synced data key tacz:draw_cool_down for minecraft:living_entity
[18May2025 00:28:52.542] [main/INFO] [tacz/SYNCED_ENTITY_DATA_TAC_COPY]: Registered synced data key tacz:is_aiming for minecraft:living_entity
[18May2025 00:28:52.542] [main/INFO] [tacz/SYNCED_ENTITY_DATA_TAC_COPY]: Registered synced data key tacz:sprint_time for minecraft:living_entity
[18May2025 00:28:52.542] [main/INFO] [tacz/SYNCED_ENTITY_DATA_TAC_COPY]: Registered synced data key tacz:is_bolting for minecraft:living_entity
[18May2025 00:28:52.543] [main/INFO] [tacz/SYNCED_ENTITY_DATA_TAC_COPY]: Registered synced data key tacz:throwable_using for minecraft:living_entity
[18May2025 00:28:52.637] [main/DEBUG] [net.minecraftforge.fml.DeferredWorkQueue/LOADING]: Synchronous work queue completed in 262.2 ms
[18May2025 00:28:52.647] [main/DEBUG] [net.minecraftforge.fml.DeferredWorkQueue/LOADING]: Dispatching synchronous work for work queue ENQUEUE_IMC: 4 jobs
[18May2025 00:28:52.655] [main/DEBUG] [net.minecraftforge.fml.DeferredWorkQueue/LOADING]: Synchronous work queue completed in 6.588 ms
[18May2025 00:28:52.656] [Forge Version Check/DEBUG] [net.minecraftforge.fml.VersionChecker/]: [forge] Received version check data:
{
  "homepage": "https://files.minecraftforge.net/net/minecraftforge/forge/",
  "promos": {
    "1.1-latest": "1.3.4.29",
    "1.2.3-latest": "1.4.1.64",
    "1.2.4-latest": "2.0.0.68",
    "1.2.5-latest": "3.4.9.171",
    "1.3.2-latest": "4.3.5.318",
    "1.4.0-latest": "5.0.0.326",
    "1.4.1-latest": "6.0.0.329",
    "1.4.2-latest": "6.0.1.355",
    "1.4.3-latest": "6.2.1.358",
    "1.4.4-latest": "6.3.0.378",
    "1.4.5-latest": "6.4.2.448",
    "1.4.6-latest": "6.5.0.489",
    "1.4.7-latest": "6.6.2.534",
    "1.5-latest": "7.7.0.598",
    "1.5.1-latest": "7.7.2.682",
    "1.5.2-latest": "7.8.1.738",
    "1.5.2-recommended": "7.8.1.738",
    "1.6.1-latest": "8.9.0.775",
    "1.6.2-latest": "9.10.1.871",
    "1.6.2-recommended": "9.10.1.871",
    "1.6.3-latest": "9.11.0.878",
    "1.6.4-latest": "9.11.1.1345",
    "1.6.4-recommended": "9.11.1.1345",
    "1.7.2-latest": "10.12.2.1161",
    "1.7.2-recommended": "10.12.2.1161",
    "1.7.10_pre4-latest": "10.12.2.1149",
    "1.7.10-latest": "10.13.4.1614",
    "1.7.10-recommended": "10.13.4.1614",
    "1.8-latest": "11.14.4.1577",
    "1.8-recommended": "11.14.4.1563",
    "1.8.8-latest": "11.15.0.1655",
    "1.8.9-latest": "11.15.1.2318",
    "1.8.9-recommended": "11.15.1.2318",
    "1.9-latest": "12.16.1.1938",
    "1.9-recommended": "12.16.1.1887",
    "1.9.4-latest": "12.17.0.2317",
    "1.9.4-recommended": "12.17.0.2317",
    "1.10-latest": "12.18.0.2000",
    "1.10.2-latest": "12.18.3.2511",
    "1.10.2-recommended": "12.18.3.2511",
    "1.11-latest": "13.19.1.2199",
    "1.11-recommended": "13.19.1.2189",
    "1.11.2-latest": "13.20.1.2588",
    "1.11.2-recommended": "13.20.1.2588",
    "1.12-latest": "14.21.1.2443",
    "1.12-recommended": "14.21.1.2387",
    "1.12.1-latest": "14.22.1.2485",
    "1.12.1-recommended": "14.22.1.2478",
    "1.12.2-latest": "14.23.5.2860",
    "1.12.2-recommended": "14.23.5.2859",
    "1.13.2-latest": "25.0.223",
    "1.14.2-latest": "26.0.63",
    "1.14.3-latest": "27.0.60",
    "1.14.4-latest": "28.2.26",
    "1.14.4-recommended": "28.2.26",
    "1.15-latest": "29.0.4",
    "1.15.1-latest": "30.0.51",
    "1.15.2-latest": "31.2.57",
    "1.15.2-recommended": "31.2.57",
    "1.16.1-latest": "32.0.108",
    "1.16.2-latest": "33.0.61",
    "1.16.3-latest": "34.1.42",
    "1.16.3-recommended": "34.1.0",
    "1.16.4-latest": "35.1.37",
    "1.16.4-recommended": "35.1.4",
    "1.16.5-latest": "36.2.42",
    "1.16.5-recommended": "36.2.34",
    "1.17.1-latest": "37.1.1",
    "1.17.1-recommended": "37.1.1",
    "1.18-latest": "38.0.17",
    "1.18.1-latest": "39.1.2",
    "1.18.1-recommended": "39.1.0",
    "1.18.2-recommended": "40.3.0",
    "1.18.2-latest": "40.3.10",
    "1.19-latest": "41.1.0",
    "1.19-recommended": "41.1.0",
    "1.19.1-latest": "42.0.9",
    "1.19.2-recommended": "43.5.0",
    "1.19.2-latest": "43.5.0",
    "1.19.3-latest": "44.1.23",
    "1.19.3-recommended": "44.1.0",
    "1.19.4-recommended": "45.4.0",
    "1.19.4-latest": "45.4.0",
    "1.20-latest": "46.0.14",
    "1.20.1-recommended": "47.4.0",
    "1.20.1-latest": "47.4.0",
    "1.20.2-latest": "48.1.0",
    "1.20.2-recommended": "48.1.0",
    "1.20.3-latest": "49.0.2",
    "1.20.4-latest": "49.2.0",
    "1.20.4-recommended": "49.2.0",
    "1.20.6-latest": "50.2.0",
    "1.20.6-recommended": "50.2.0",
    "1.21-latest": "51.0.33",
    "1.21.1-latest": "52.1.1",
    "1.21.1-recommended": "52.1.0",
    "1.21.3-latest": "53.1.1",
    "1.21.3-recommended": "53.1.0",
    "1.21.4-latest": "54.1.3",
    "1.21.4-recommended": "54.1.0",
    "1.21.5-latest": "55.0.16"
  }
}
[18May2025 00:28:52.657] [Forge Version Check/INFO] [net.minecraftforge.fml.VersionChecker/]: [forge] Found status: OUTDATED Current: 47.3.7 Target: 47.4.0
[18May2025 00:28:52.661] [main/DEBUG] [net.minecraftforge.fml.DeferredWorkQueue/LOADING]: Dispatching synchronous work for work queue COMPLETE: 1 jobs
[18May2025 00:28:52.672] [main/DEBUG] [net.minecraftforge.fml.DeferredWorkQueue/LOADING]: Synchronous work queue completed in 10.45 ms
[18May2025 00:28:57.116] [main/INFO] [com.mojang.authlib.yggdrasil.YggdrasilAuthenticationService/]: Environment: authHost='https://authserver.mojang.com', accountsHost='https://api.mojang.com', sessionHost='https://sessionserver.mojang.com', servicesHost='https://api.minecraftservices.com', name='PROD'
[18May2025 00:28:57.221] [main/WARN] [net.minecraft.server.packs.VanillaPackResourcesBuilder/]: Assets URL 'union:/workspaces/mineserver/servidor_minecraft/libraries/net/minecraft/server/1.20.1-20230612.114412/server-1.20.1-20230612.114412-srg.jar%23129!/assets/.mcassetsroot' uses unexpected schema
[18May2025 00:28:57.222] [main/WARN] [net.minecraft.server.packs.VanillaPackResourcesBuilder/]: Assets URL 'union:/workspaces/mineserver/servidor_minecraft/libraries/net/minecraft/server/1.20.1-20230612.114412/server-1.20.1-20230612.114412-srg.jar%23129!/data/.mcassetsroot' uses unexpected schema
[18May2025 00:28:57.279] [main/DEBUG] [net.minecraftforge.fml.config.ConfigTracker/CONFIG]: Config file tacz-pre.toml for minecraft tracking
[18May2025 00:28:57.280] [main/DEBUG] [net.minecraftforge.fml.config.ConfigFileTypeHandler/CONFIG]: Built TOML config for /workspaces/mineserver/servidor_minecraft/tacz/tacz-pre.toml
[18May2025 00:28:57.280] [main/DEBUG] [net.minecraftforge.fml.config.ConfigFileTypeHandler/CONFIG]: Loaded TOML config file /workspaces/mineserver/servidor_minecraft/tacz/tacz-pre.toml
[18May2025 00:28:57.281] [main/DEBUG] [net.minecraftforge.fml.config.ConfigFileTypeHandler/CONFIG]: Watching TOML config file /workspaces/mineserver/servidor_minecraft/tacz/tacz-pre.toml for changes
[18May2025 00:28:57.281] [main/WARN] [net.minecraftforge.common.ForgeConfigSpec/CORE]: Configuration file /workspaces/mineserver/servidor_minecraft/tacz/tacz-pre.toml is not correct. Correcting
[18May2025 00:28:57.282] [main/WARN] [net.minecraftforge.common.ForgeConfigSpec/CORE]: Incorrect key gunpack was corrected from null to its default, SimpleCommentedConfig:{}. 
[18May2025 00:28:57.282] [main/WARN] [net.minecraftforge.common.ForgeConfigSpec/CORE]: Incorrect key gunpack.DefaultPackDebug was corrected from null to its default, false. 
[18May2025 00:28:57.282] [main/DEBUG] [net.minecraftforge.common.ForgeConfigSpec/CORE]: The comment on key gunpack.DefaultPackDebug does not match the spec. This may create a backup.
[18May2025 00:28:57.285] [Thread-1/DEBUG] [net.minecraftforge.fml.config.ConfigFileTypeHandler/CONFIG]: Config file tacz-pre.toml changed, sending notifies
[18May2025 00:28:59.539] [main/DEBUG] [net.minecraftforge.server.ServerLifecycleHooks/CORE]: Generating PackInfo named mod:doppelgangermod for mod file /workspaces/mineserver/servidor_minecraft/mods/Doppelganger_V7_forge_1.20.1.jar
[18May2025 00:28:59.539] [main/DEBUG] [net.minecraftforge.server.ServerLifecycleHooks/CORE]: Generating PackInfo named mod:befalltwo for mod file /workspaces/mineserver/servidor_minecraft/mods/befall-1.6.0-forge-1.20.1.jar
[18May2025 00:28:59.540] [main/DEBUG] [net.minecraftforge.server.ServerLifecycleHooks/CORE]: Generating PackInfo named mod:mixinextras for mod file 
[18May2025 00:28:59.540] [main/DEBUG] [net.minecraftforge.server.ServerLifecycleHooks/CORE]: Generating PackInfo named mod:geckolib for mod file /workspaces/mineserver/servidor_minecraft/mods/geckolib-forge-1.20.1-4.7.1.2.jar
[18May2025 00:28:59.540] [main/DEBUG] [net.minecraftforge.server.ServerLifecycleHooks/CORE]: Generating PackInfo named mod:cave_dweller for mod file /workspaces/mineserver/servidor_minecraft/mods/cave_dweller-1.20.1-1.6.4.jar
[18May2025 00:28:59.542] [main/DEBUG] [net.minecraftforge.server.ServerLifecycleHooks/CORE]: Generating PackInfo named mod:watching for mod file /workspaces/mineserver/servidor_minecraft/mods/From-The-Fog-1.20-v1.9.2-Forge-Fabric.jar
[18May2025 00:28:59.543] [main/DEBUG] [net.minecraftforge.server.ServerLifecycleHooks/CORE]: Generating PackInfo named mod:minezero for mod file /workspaces/mineserver/servidor_minecraft/mods/MineZero-1.0.7.jar
[18May2025 00:28:59.543] [main/DEBUG] [net.minecraftforge.server.ServerLifecycleHooks/CORE]: Generating PackInfo named mod:tacz for mod file /workspaces/mineserver/servidor_minecraft/mods/tacz-1.20.1-1.1.5-all.jar
[18May2025 00:28:59.543] [main/DEBUG] [net.minecraftforge.server.ServerLifecycleHooks/CORE]: Generating PackInfo named mod:the_anomaly for mod file /workspaces/mineserver/servidor_minecraft/mods/Anomaly-1.1.5-FullShaderSupport.jar
[18May2025 00:28:59.543] [main/DEBUG] [net.minecraftforge.server.ServerLifecycleHooks/CORE]: Generating PackInfo named mod:goat_man for mod file /workspaces/mineserver/servidor_minecraft/mods/goat_man-1.20.1-2.8.jar
[18May2025 00:28:59.544] [main/DEBUG] [net.minecraftforge.server.ServerLifecycleHooks/CORE]: Generating PackInfo named mod:forge for mod file /workspaces/mineserver/servidor_minecraft/libraries/net/minecraftforge/forge/1.20.1-47.3.7/forge-1.20.1-47.3.7-universal.jar
[18May2025 00:28:59.544] [main/DEBUG] [net.minecraftforge.server.ServerLifecycleHooks/CORE]: Generating PackInfo named mod:the_aberration for mod file /workspaces/mineserver/servidor_minecraft/mods/the_aberration-1.2.0-forge-1.20.1.jar
[18May2025 00:28:59.544] [main/DEBUG] [net.minecraftforge.server.ServerLifecycleHooks/CORE]: Generating PackInfo named mod:doctor_nowhere for mod file /workspaces/mineserver/servidor_minecraft/mods/doctor_nowhere-2.4.0-forge-1.20.1.jar
[18May2025 00:28:59.545] [main/DEBUG] [net.minecraftforge.server.ServerLifecycleHooks/CORE]: Generating PackInfo named mod:citadel for mod file /workspaces/mineserver/servidor_minecraft/mods/citadel-2.6.1-1.20.1.jar
[18May2025 00:28:59.545] [main/DEBUG] [net.minecraftforge.server.ServerLifecycleHooks/CORE]: Generating PackInfo named mod:alexscaves for mod file /workspaces/mineserver/servidor_minecraft/mods/alexscaves-2.0.2.jar
[18May2025 00:28:59.546] [main/DEBUG] [net.minecraftforge.server.ServerLifecycleHooks/CORE]: Generating PackInfo named mod:the_boiled_one for mod file /workspaces/mineserver/servidor_minecraft/mods/the_boiled_one-2.1.0-forge-1.20.1.jar
[18May2025 00:28:59.548] [main/INFO] [net.minecraft.server.MinecraftServer/]: Found new data pack tacz_resources, loading it automatically
[18May2025 00:29:02.947] [main/DEBUG] [net.minecraftforge.coremod.transformer.CoreModBaseTransformer/COREMOD]: Transforming net/minecraft/server/commands/SummonCommand
[18May2025 00:29:03.742] [Worker-Main-1/DEBUG] [net.minecraftforge.coremod.transformer.CoreModBaseTransformer/COREMOD]: Transforming net/minecraft/world/entity/raid/Raid
[18May2025 00:29:04.145] [Worker-Main-1/DEBUG] [mixin/]: Mixing MapDecorationTypeMixin from alexscaves.mixins.json into net.minecraft.world.level.saveddata.maps.MapDecoration$Type
[18May2025 00:29:04.146] [Worker-Main-1/DEBUG] [mixin/]: Renaming @Invoker method ac_invokeInit(Ljava/lang/String;IZIZ)Lnet/minecraft/world/level/saveddata/maps/MapDecoration$Type; to ac_invokeInit_$md$8af760$0 in alexscaves.mixins.json:MapDecorationTypeMixin
[18May2025 00:29:05.468] [main/INFO] [net.minecraft.world.item.crafting.RecipeManager/]: Loaded 8 recipes
[18May2025 00:29:05.470] [main/ERROR] [net.minecraft.server.ServerFunctionLibrary/]: Failed to load function watching:check
java.util.concurrent.CompletionException: java.lang.IllegalArgumentException: Whilst parsing command on line 1: Unknown or incomplete command, see below for error at position 0: <--[HERE]
	at java.util.concurrent.CompletableFuture.encodeThrowable(CompletableFuture.java:315) ~[?:?]
	at java.util.concurrent.CompletableFuture.completeThrowable(CompletableFuture.java:320) ~[?:?]
	at java.util.concurrent.CompletableFuture$AsyncSupply.run(CompletableFuture.java:1770) ~[?:?]
	at java.util.concurrent.CompletableFuture$AsyncSupply.exec(CompletableFuture.java:1760) ~[?:?]
	at java.util.concurrent.ForkJoinTask.doExec(ForkJoinTask.java:373) ~[?:?]
	at java.util.concurrent.ForkJoinPool$WorkQueue.topLevelExec(ForkJoinPool.java:1182) ~[?:?]
	at java.util.concurrent.ForkJoinPool.scan(ForkJoinPool.java:1655) ~[?:?]
	at java.util.concurrent.ForkJoinPool.runWorker(ForkJoinPool.java:1622) ~[?:?]
	at java.util.concurrent.ForkJoinWorkerThread.run(ForkJoinWorkerThread.java:165) ~[?:?]
Caused by: java.lang.IllegalArgumentException: Whilst parsing command on line 1: Unknown or incomplete command, see below for error at position 0: <--[HERE]
	at net.minecraft.commands.CommandFunction.m_77984_(CommandFunction.java:63) ~[server-1.20.1-20230612.114412-srg.jar%23129!/:?]
	at net.minecraft.server.ServerFunctionLibrary.m_214320_(ServerFunctionLibrary.java:83) ~[server-1.20.1-20230612.114412-srg.jar%23129!/:?]
	at java.util.concurrent.CompletableFuture$AsyncSupply.run(CompletableFuture.java:1768) ~[?:?]
	... 6 more
[18May2025 00:29:05.801] [main/INFO] [net.minecraft.advancements.AdvancementList/]: Loaded 1530 advancements
[18May2025 00:29:08.623] [main/DEBUG] [net.minecraftforge.common.ForgeHooks/WP]: Gathering id map for writing to world save world
[18May2025 00:29:08.679] [main/DEBUG] [net.minecraftforge.common.ForgeHooks/WP]: ID Map collection complete world
[18May2025 00:29:08.751] [Server thread/INFO] [net.minecraft.server.dedicated.DedicatedServer/]: Starting minecraft server version 1.20.1
[18May2025 00:29:08.752] [Server thread/INFO] [net.minecraft.server.dedicated.DedicatedServer/]: Loading properties
[18May2025 00:29:08.755] [Server thread/INFO] [net.minecraft.server.dedicated.DedicatedServer/]: Default game type: SURVIVAL
[18May2025 00:29:08.756] [Server thread/INFO] [net.minecraft.server.MinecraftServer/]: Generating keypair
[18May2025 00:29:08.932] [Server thread/INFO] [net.minecraft.server.dedicated.DedicatedServer/]: Starting Minecraft server on *:25565
[18May2025 00:29:08.952] [Server thread/DEBUG] [net.minecraftforge.network.DualStackUtils/]: Detected IPv6 address: "0:0:0:0:0:0:0:0"
[18May2025 00:29:08.961] [Server thread/DEBUG] [io.netty.util.internal.NativeLibraryLoader/]: -Dio.netty.native.workdir: /tmp (io.netty.tmpdir)
[18May2025 00:29:08.961] [Server thread/DEBUG] [io.netty.util.internal.NativeLibraryLoader/]: -Dio.netty.native.deleteLibAfterLoading: true
[18May2025 00:29:08.961] [Server thread/DEBUG] [io.netty.util.internal.NativeLibraryLoader/]: -Dio.netty.native.tryPatchShadedId: true
[18May2025 00:29:08.962] [Server thread/DEBUG] [io.netty.util.internal.NativeLibraryLoader/]: -Dio.netty.native.detectNativeLibraryDuplicates: true
[18May2025 00:29:08.972] [Server thread/DEBUG] [io.netty.util.internal.NativeLibraryLoader/]: Successfully loaded the library /tmp/libnetty_transport_native_epoll_x86_6415505141280154994494.so
[18May2025 00:29:08.975] [Server thread/DEBUG] [io.netty.util.NetUtil/]: -Djava.net.preferIPv4Stack: false
[18May2025 00:29:08.975] [Server thread/DEBUG] [io.netty.util.NetUtil/]: -Djava.net.preferIPv6Addresses: true
[18May2025 00:29:08.977] [Server thread/DEBUG] [io.netty.util.NetUtilInitializations/]: Loopback interface: lo (lo, 0:0:0:0:0:0:0:1%lo)
[18May2025 00:29:08.977] [Server thread/DEBUG] [io.netty.util.NetUtil/]: /proc/sys/net/core/somaxconn: 4096
[18May2025 00:29:08.981] [Server thread/INFO] [net.minecraft.server.network.ServerConnectionListener/]: Using epoll channel type
[18May2025 00:29:09.000] [Server thread/DEBUG] [io.netty.channel.MultithreadEventLoopGroup/]: -Dio.netty.eventLoopThreads: 4
[18May2025 00:29:09.019] [Server thread/DEBUG] [io.netty.util.internal.InternalThreadLocalMap/]: -Dio.netty.threadLocalMap.stringBuilder.initialSize: 1024
[18May2025 00:29:09.019] [Server thread/DEBUG] [io.netty.util.internal.InternalThreadLocalMap/]: -Dio.netty.threadLocalMap.stringBuilder.maxSize: 4096
[18May2025 00:29:09.031] [Server thread/DEBUG] [io.netty.util.internal.PlatformDependent/]: org.jctools-core.MpscChunkedArrayQueue: available
[18May2025 00:29:09.042] [Server thread/DEBUG] [io.netty.channel.DefaultChannelId/]: -Dio.netty.processId: 25184 (auto-detected)
[18May2025 00:29:09.044] [Server thread/DEBUG] [io.netty.channel.DefaultChannelId/]: -Dio.netty.machineId: 7c:1e:52:ff:fe:f7:71:39 (auto-detected)
[18May2025 00:29:09.079] [Server thread/DEBUG] [io.netty.buffer.PooledByteBufAllocator/]: -Dio.netty.allocator.numHeapArenas: 4
[18May2025 00:29:09.079] [Server thread/DEBUG] [io.netty.buffer.PooledByteBufAllocator/]: -Dio.netty.allocator.numDirectArenas: 4
[18May2025 00:29:09.079] [Server thread/DEBUG] [io.netty.buffer.PooledByteBufAllocator/]: -Dio.netty.allocator.pageSize: 8192
[18May2025 00:29:09.079] [Server thread/DEBUG] [io.netty.buffer.PooledByteBufAllocator/]: -Dio.netty.allocator.maxOrder: 9
[18May2025 00:29:09.080] [Server thread/DEBUG] [io.netty.buffer.PooledByteBufAllocator/]: -Dio.netty.allocator.chunkSize: 4194304
[18May2025 00:29:09.080] [Server thread/DEBUG] [io.netty.buffer.PooledByteBufAllocator/]: -Dio.netty.allocator.smallCacheSize: 256
[18May2025 00:29:09.080] [Server thread/DEBUG] [io.netty.buffer.PooledByteBufAllocator/]: -Dio.netty.allocator.normalCacheSize: 64
[18May2025 00:29:09.080] [Server thread/DEBUG] [io.netty.buffer.PooledByteBufAllocator/]: -Dio.netty.allocator.maxCachedBufferCapacity: 32768
[18May2025 00:29:09.080] [Server thread/DEBUG] [io.netty.buffer.PooledByteBufAllocator/]: -Dio.netty.allocator.cacheTrimInterval: 8192
[18May2025 00:29:09.080] [Server thread/DEBUG] [io.netty.buffer.PooledByteBufAllocator/]: -Dio.netty.allocator.cacheTrimIntervalMillis: 0
[18May2025 00:29:09.080] [Server thread/DEBUG] [io.netty.buffer.PooledByteBufAllocator/]: -Dio.netty.allocator.useCacheForAllThreads: false
[18May2025 00:29:09.080] [Server thread/DEBUG] [io.netty.buffer.PooledByteBufAllocator/]: -Dio.netty.allocator.maxCachedByteBuffersPerChunk: 1023
[18May2025 00:29:09.093] [Server thread/DEBUG] [io.netty.buffer.ByteBufUtil/]: -Dio.netty.allocator.type: pooled
[18May2025 00:29:09.093] [Server thread/DEBUG] [io.netty.buffer.ByteBufUtil/]: -Dio.netty.threadLocalDirectBufferSize: 0
[18May2025 00:29:09.093] [Server thread/DEBUG] [io.netty.buffer.ByteBufUtil/]: -Dio.netty.maxThreadLocalCharBufferSize: 16384
[18May2025 00:29:09.106] [Server thread/WARN] [net.minecraft.server.dedicated.DedicatedServer/]: **** SERVER IS RUNNING IN OFFLINE/INSECURE MODE!
[18May2025 00:29:09.107] [Server thread/WARN] [net.minecraft.server.dedicated.DedicatedServer/]: The server will make no attempt to authenticate usernames. Beware.
[18May2025 00:29:09.107] [Server thread/WARN] [net.minecraft.server.dedicated.DedicatedServer/]: While this makes the game possible to play without internet access, it also opens up the ability for hackers to connect with any username they choose.
[18May2025 00:29:09.108] [Server thread/WARN] [net.minecraft.server.dedicated.DedicatedServer/]: To change this, set "online-mode" to "true" in the server.properties file.
[18May2025 00:29:09.135] [Server thread/DEBUG] [net.minecraftforge.fml.config.ConfigTracker/CONFIG]: Loading configs type SERVER
[18May2025 00:29:09.135] [Server thread/DEBUG] [net.minecraftforge.fml.config.ConfigFileTypeHandler/CONFIG]: Built TOML config for ./world/serverconfig/cave_dweller-server.toml
[18May2025 00:29:09.136] [Server thread/DEBUG] [net.minecraftforge.fml.config.ConfigFileTypeHandler/CONFIG]: Loaded TOML config file ./world/serverconfig/cave_dweller-server.toml
[18May2025 00:29:09.137] [Server thread/DEBUG] [net.minecraftforge.fml.config.ConfigFileTypeHandler/CONFIG]: Watching TOML config file ./world/serverconfig/cave_dweller-server.toml for changes
[18May2025 00:29:09.137] [Server thread/WARN] [net.minecraftforge.common.ForgeConfigSpec/CORE]: Configuration file ./world/serverconfig/cave_dweller-server.toml is not correct. Correcting
[18May2025 00:29:09.139] [Server thread/WARN] [net.minecraftforge.common.ForgeConfigSpec/CORE]: Incorrect key Timers was corrected from null to its default, SimpleCommentedConfig:{}. 
[18May2025 00:29:09.140] [Server thread/WARN] [net.minecraftforge.common.ForgeConfigSpec/CORE]: Incorrect key Timers.Spawn was corrected from null to its default, SimpleCommentedConfig:{}. 
[18May2025 00:29:09.141] [Server thread/WARN] [net.minecraftforge.common.ForgeConfigSpec/CORE]: Incorrect key Timers.Spawn.can_spawn_min was corrected from null to its default, 300. 
[18May2025 00:29:09.141] [Server thread/DEBUG] [net.minecraftforge.common.ForgeConfigSpec/CORE]: The comment on key Timers.Spawn.can_spawn_min does not match the spec. This may create a backup.
[18May2025 00:29:09.142] [Server thread/WARN] [net.minecraftforge.common.ForgeConfigSpec/CORE]: Incorrect key Timers.Spawn.can_spawn_max was corrected from null to its default, 600. 
[18May2025 00:29:09.142] [Server thread/DEBUG] [net.minecraftforge.common.ForgeConfigSpec/CORE]: The comment on key Timers.Spawn.can_spawn_max does not match the spec. This may create a backup.
[18May2025 00:29:09.143] [Server thread/WARN] [net.minecraftforge.common.ForgeConfigSpec/CORE]: Incorrect key Timers.Spawn.can_spawn_cooldown_chance was corrected from null to its default, 0.4. 
[18May2025 00:29:09.144] [Server thread/DEBUG] [net.minecraftforge.common.ForgeConfigSpec/CORE]: The comment on key Timers.Spawn.can_spawn_cooldown_chance does not match the spec. This may create a backup.
[18May2025 00:29:09.144] [Server thread/WARN] [net.minecraftforge.common.ForgeConfigSpec/CORE]: Incorrect key Timers.Spawn.can_spawn_cooldown was corrected from null to its default, 1200. 
[18May2025 00:29:09.146] [Server thread/DEBUG] [net.minecraftforge.common.ForgeConfigSpec/CORE]: The comment on key Timers.Spawn.can_spawn_cooldown does not match the spec. This may create a backup.
[18May2025 00:29:09.146] [Server thread/WARN] [net.minecraftforge.common.ForgeConfigSpec/CORE]: Incorrect key Timers.Noise was corrected from null to its default, SimpleCommentedConfig:{}. 
[18May2025 00:29:09.147] [Server thread/WARN] [net.minecraftforge.common.ForgeConfigSpec/CORE]: Incorrect key Timers.Noise.reset_noise_min was corrected from null to its default, 240. 
[18May2025 00:29:09.148] [Server thread/DEBUG] [net.minecraftforge.common.ForgeConfigSpec/CORE]: The comment on key Timers.Noise.reset_noise_min does not match the spec. This may create a backup.
[18May2025 00:29:09.148] [Server thread/WARN] [net.minecraftforge.common.ForgeConfigSpec/CORE]: Incorrect key Timers.Noise.reset_noise_max was corrected from null to its default, 360. 
[18May2025 00:29:09.149] [Server thread/DEBUG] [net.minecraftforge.common.ForgeConfigSpec/CORE]: The comment on key Timers.Noise.reset_noise_max does not match the spec. This may create a backup.
[18May2025 00:29:09.149] [Server thread/WARN] [net.minecraftforge.common.ForgeConfigSpec/CORE]: Incorrect key Timers.Leave was corrected from null to its default, SimpleCommentedConfig:{}. 
[18May2025 00:29:09.151] [Server thread/WARN] [net.minecraftforge.common.ForgeConfigSpec/CORE]: Incorrect key Timers.Leave.time_until_leave was corrected from null to its default, 300. 
[18May2025 00:29:09.152] [Server thread/DEBUG] [net.minecraftforge.common.ForgeConfigSpec/CORE]: The comment on key Timers.Leave.time_until_leave does not match the spec. This may create a backup.
[18May2025 00:29:09.152] [Server thread/WARN] [net.minecraftforge.common.ForgeConfigSpec/CORE]: Incorrect key Timers.Leave.time_until_leave_chase was corrected from null to its default, 30. 
[18May2025 00:29:09.153] [Server thread/DEBUG] [net.minecraftforge.common.ForgeConfigSpec/CORE]: The comment on key Timers.Leave.time_until_leave_chase does not match the spec. This may create a backup.
[18May2025 00:29:09.153] [Server thread/WARN] [net.minecraftforge.common.ForgeConfigSpec/CORE]: Incorrect key Timers.surface_timer_multiplier was corrected from null to its default, 1.0. 
[18May2025 00:29:09.156] [Server thread/DEBUG] [net.minecraftforge.common.ForgeConfigSpec/CORE]: The comment on key Timers.surface_timer_multiplier does not match the spec. This may create a backup.
[18May2025 00:29:09.156] [Server thread/WARN] [net.minecraftforge.common.ForgeConfigSpec/CORE]: Incorrect key Spawn Conditions was corrected from null to its default, SimpleCommentedConfig:{}. 
[18May2025 00:29:09.157] [Server thread/WARN] [net.minecraftforge.common.ForgeConfigSpec/CORE]: Incorrect key Spawn Conditions.spawn_chance_per_tick was corrected from null to its default, 0.005. 
[18May2025 00:29:09.157] [Server thread/DEBUG] [net.minecraftforge.common.ForgeConfigSpec/CORE]: The comment on key Spawn Conditions.spawn_chance_per_tick does not match the spec. This may create a backup.
[18May2025 00:29:09.157] [Server thread/WARN] [net.minecraftforge.common.ForgeConfigSpec/CORE]: Incorrect key Spawn Conditions.spawn_height was corrected from null to its default, 40. 
[18May2025 00:29:09.157] [Server thread/DEBUG] [net.minecraftforge.common.ForgeConfigSpec/CORE]: The comment on key Spawn Conditions.spawn_height does not match the spec. This may create a backup.
[18May2025 00:29:09.157] [Server thread/WARN] [net.minecraftforge.common.ForgeConfigSpec/CORE]: Incorrect key Spawn Conditions.allow_surface_spawn was corrected from null to its default, false. 
[18May2025 00:29:09.157] [Server thread/DEBUG] [net.minecraftforge.common.ForgeConfigSpec/CORE]: The comment on key Spawn Conditions.allow_surface_spawn does not match the spec. This may create a backup.
[18May2025 00:29:09.157] [Server thread/WARN] [net.minecraftforge.common.ForgeConfigSpec/CORE]: Incorrect key Spawn Conditions.sky_light_level was corrected from null to its default, 8. 
[18May2025 00:29:09.158] [Server thread/DEBUG] [net.minecraftforge.common.ForgeConfigSpec/CORE]: The comment on key Spawn Conditions.sky_light_level does not match the spec. This may create a backup.
[18May2025 00:29:09.158] [Server thread/WARN] [net.minecraftforge.common.ForgeConfigSpec/CORE]: Incorrect key Spawn Conditions.block_light_level was corrected from null to its default, 15. 
[18May2025 00:29:09.159] [Server thread/DEBUG] [net.minecraftforge.common.ForgeConfigSpec/CORE]: The comment on key Spawn Conditions.block_light_level does not match the spec. This may create a backup.
[18May2025 00:29:09.159] [Server thread/WARN] [net.minecraftforge.common.ForgeConfigSpec/CORE]: Incorrect key Spawn Conditions.maximum_amount was corrected from null to its default, 5. 
[18May2025 00:29:09.160] [Server thread/DEBUG] [net.minecraftforge.common.ForgeConfigSpec/CORE]: The comment on key Spawn Conditions.maximum_amount does not match the spec. This may create a backup.
[18May2025 00:29:09.160] [Server thread/WARN] [net.minecraftforge.common.ForgeConfigSpec/CORE]: Incorrect key Spawn Conditions.spawn_distance was corrected from null to its default, 16. 
[18May2025 00:29:09.161] [Server thread/DEBUG] [net.minecraftforge.common.ForgeConfigSpec/CORE]: The comment on key Spawn Conditions.spawn_distance does not match the spec. This may create a backup.
[18May2025 00:29:09.162] [Server thread/WARN] [net.minecraftforge.common.ForgeConfigSpec/CORE]: Incorrect key Spawn Conditions.check_path_to_spawn was corrected from null to its default, true. 
[18May2025 00:29:09.163] [Server thread/DEBUG] [net.minecraftforge.common.ForgeConfigSpec/CORE]: The comment on key Spawn Conditions.check_path_to_spawn does not match the spec. This may create a backup.
[18May2025 00:29:09.163] [Server thread/WARN] [net.minecraftforge.common.ForgeConfigSpec/CORE]: Incorrect key Spawn Conditions.Dimensions was corrected from null to its default, SimpleCommentedConfig:{}. 
[18May2025 00:29:09.164] [Server thread/DEBUG] [net.minecraftforge.common.ForgeConfigSpec/CORE]: List on key dimension_whitelist is deemed to need correction. It is null, not a list, or an empty list. Modders, consider defineListAllowEmpty?
[18May2025 00:29:09.165] [Server thread/WARN] [net.minecraftforge.common.ForgeConfigSpec/CORE]: Incorrect key Spawn Conditions.Dimensions.dimension_whitelist was corrected from null to its default, [minecraft:overworld]. 
[18May2025 00:29:09.167] [Server thread/DEBUG] [net.minecraftforge.common.ForgeConfigSpec/CORE]: The comment on key Spawn Conditions.Dimensions.dimension_whitelist does not match the spec. This may create a backup.
[18May2025 00:29:09.167] [Server thread/WARN] [net.minecraftforge.common.ForgeConfigSpec/CORE]: Incorrect key Spawn Conditions.Biomes was corrected from null to its default, SimpleCommentedConfig:{}. 
[18May2025 00:29:09.167] [Server thread/WARN] [net.minecraftforge.common.ForgeConfigSpec/CORE]: Incorrect key Spawn Conditions.Biomes.override_biome_datapack_config was corrected from null to its default, false. 
[18May2025 00:29:09.168] [Server thread/DEBUG] [net.minecraftforge.common.ForgeConfigSpec/CORE]: The comment on key Spawn Conditions.Biomes.override_biome_datapack_config does not match the spec. This may create a backup.
[18May2025 00:29:09.168] [Server thread/WARN] [net.minecraftforge.common.ForgeConfigSpec/CORE]: Incorrect key Spawn Conditions.Biomes.surface_biomes_is_whitelist was corrected from null to its default, true. 
[18May2025 00:29:09.169] [Server thread/DEBUG] [net.minecraftforge.common.ForgeConfigSpec/CORE]: The comment on key Spawn Conditions.Biomes.surface_biomes_is_whitelist does not match the spec. This may create a backup.
[18May2025 00:29:09.169] [Server thread/DEBUG] [net.minecraftforge.common.ForgeConfigSpec/CORE]: List on key surface_biomes is deemed to need correction. It is null, not a list, or an empty list. Modders, consider defineListAllowEmpty?
[18May2025 00:29:09.169] [Server thread/WARN] [net.minecraftforge.common.ForgeConfigSpec/CORE]: Incorrect key Spawn Conditions.Biomes.surface_biomes was corrected from null to its default, []. 
[18May2025 00:29:09.172] [Server thread/DEBUG] [net.minecraftforge.common.ForgeConfigSpec/CORE]: The comment on key Spawn Conditions.Biomes.surface_biomes does not match the spec. This may create a backup.
[18May2025 00:29:09.173] [Server thread/WARN] [net.minecraftforge.common.ForgeConfigSpec/CORE]: Incorrect key Behaviour was corrected from null to its default, SimpleCommentedConfig:{}. 
[18May2025 00:29:09.175] [Server thread/WARN] [net.minecraftforge.common.ForgeConfigSpec/CORE]: Incorrect key Behaviour.spotting_range was corrected from null to its default, 60. 
[18May2025 00:29:09.176] [Server thread/DEBUG] [net.minecraftforge.common.ForgeConfigSpec/CORE]: The comment on key Behaviour.spotting_range does not match the spec. This may create a backup.
[18May2025 00:29:09.176] [Server thread/WARN] [net.minecraftforge.common.ForgeConfigSpec/CORE]: Incorrect key Behaviour.can_climb was corrected from null to its default, true. 
[18May2025 00:29:09.178] [Server thread/DEBUG] [net.minecraftforge.common.ForgeConfigSpec/CORE]: The comment on key Behaviour.can_climb does not match the spec. This may create a backup.
[18May2025 00:29:09.178] [Server thread/WARN] [net.minecraftforge.common.ForgeConfigSpec/CORE]: Incorrect key Behaviour.can_break_door was corrected from null to its default, true. 
[18May2025 00:29:09.178] [Server thread/DEBUG] [net.minecraftforge.common.ForgeConfigSpec/CORE]: The comment on key Behaviour.can_break_door does not match the spec. This may create a backup.
[18May2025 00:29:09.178] [Server thread/WARN] [net.minecraftforge.common.ForgeConfigSpec/CORE]: Incorrect key Behaviour.break_door_time was corrected from null to its default, 3. 
[18May2025 00:29:09.178] [Server thread/DEBUG] [net.minecraftforge.common.ForgeConfigSpec/CORE]: The comment on key Behaviour.break_door_time does not match the spec. This may create a backup.
[18May2025 00:29:09.179] [Server thread/WARN] [net.minecraftforge.common.ForgeConfigSpec/CORE]: Incorrect key Behaviour.allow_riding was corrected from null to its default, false. 
[18May2025 00:29:09.180] [Server thread/DEBUG] [net.minecraftforge.common.ForgeConfigSpec/CORE]: The comment on key Behaviour.allow_riding does not match the spec. This may create a backup.
[18May2025 00:29:09.180] [Server thread/WARN] [net.minecraftforge.common.ForgeConfigSpec/CORE]: Incorrect key Behaviour.target_invisible was corrected from null to its default, true. 
[18May2025 00:29:09.182] [Server thread/DEBUG] [net.minecraftforge.common.ForgeConfigSpec/CORE]: The comment on key Behaviour.target_invisible does not match the spec. This may create a backup.
[18May2025 00:29:09.186] [Server thread/WARN] [net.minecraftforge.common.ForgeConfigSpec/CORE]: Incorrect key Attributes was corrected from null to its default, SimpleCommentedConfig:{}. 
[18May2025 00:29:09.187] [Server thread/WARN] [net.minecraftforge.common.ForgeConfigSpec/CORE]: Incorrect key Attributes.maximum_health was corrected from null to its default, 60.0. 
[18May2025 00:29:09.188] [Server thread/DEBUG] [net.minecraftforge.common.ForgeConfigSpec/CORE]: The comment on key Attributes.maximum_health does not match the spec. This may create a backup.
[18May2025 00:29:09.188] [Server thread/WARN] [net.minecraftforge.common.ForgeConfigSpec/CORE]: Incorrect key Attributes.attack_damage was corrected from null to its default, 6.0. 
[18May2025 00:29:09.189] [Server thread/DEBUG] [net.minecraftforge.common.ForgeConfigSpec/CORE]: The comment on key Attributes.attack_damage does not match the spec. This may create a backup.
[18May2025 00:29:09.189] [Server thread/WARN] [net.minecraftforge.common.ForgeConfigSpec/CORE]: Incorrect key Attributes.attack_speed was corrected from null to its default, 0.35. 
[18May2025 00:29:09.189] [Server thread/DEBUG] [net.minecraftforge.common.ForgeConfigSpec/CORE]: The comment on key Attributes.attack_speed does not match the spec. This may create a backup.
[18May2025 00:29:09.190] [Server thread/WARN] [net.minecraftforge.common.ForgeConfigSpec/CORE]: Incorrect key Attributes.movement_speed was corrected from null to its default, 0.5. 
[18May2025 00:29:09.190] [Server thread/DEBUG] [net.minecraftforge.common.ForgeConfigSpec/CORE]: The comment on key Attributes.movement_speed does not match the spec. This may create a backup.
[18May2025 00:29:09.190] [Server thread/WARN] [net.minecraftforge.common.ForgeConfigSpec/CORE]: Incorrect key Attributes.depth_strider_bonus was corrected from null to its default, 1.5. 
[18May2025 00:29:09.193] [Server thread/DEBUG] [net.minecraftforge.common.ForgeConfigSpec/CORE]: The comment on key Attributes.depth_strider_bonus does not match the spec. This may create a backup.
[18May2025 00:29:09.195] [Server thread/DEBUG] [net.minecraftforge.fml.config.ConfigFileTypeHandler/CONFIG]: Built TOML config for ./world/serverconfig/tacz-server.toml
[18May2025 00:29:09.195] [Server thread/DEBUG] [net.minecraftforge.fml.config.ConfigFileTypeHandler/CONFIG]: Loaded TOML config file ./world/serverconfig/tacz-server.toml
[18May2025 00:29:09.196] [Thread-1/DEBUG] [net.minecraftforge.fml.config.ConfigFileTypeHandler/CONFIG]: Config file cave_dweller-server.toml changed, sending notifies
[18May2025 00:29:09.196] [Server thread/DEBUG] [net.minecraftforge.fml.config.ConfigFileTypeHandler/CONFIG]: Watching TOML config file ./world/serverconfig/tacz-server.toml for changes
[18May2025 00:29:09.199] [Server thread/WARN] [net.minecraftforge.common.ForgeConfigSpec/CORE]: Configuration file ./world/serverconfig/tacz-server.toml is not correct. Correcting
[18May2025 00:29:09.199] [Thread-1/INFO] [de.cadentem.cave_dweller.CaveDweller/]: Server configuration has been reloaded
[18May2025 00:29:09.200] [Server thread/WARN] [net.minecraftforge.common.ForgeConfigSpec/CORE]: Incorrect key interact_key was corrected from null to its default, SimpleCommentedConfig:{}. 
[18May2025 00:29:09.200] [Server thread/WARN] [net.minecraftforge.common.ForgeConfigSpec/CORE]: Incorrect key interact_key.InteractKeyWhitelistBlocks was corrected from null to its default, []. 
[18May2025 00:29:09.201] [Server thread/DEBUG] [net.minecraftforge.common.ForgeConfigSpec/CORE]: The comment on key interact_key.InteractKeyWhitelistBlocks does not match the spec. This may create a backup.
[18May2025 00:29:09.201] [Server thread/WARN] [net.minecraftforge.common.ForgeConfigSpec/CORE]: Incorrect key interact_key.InteractKeyWhitelistEntities was corrected from null to its default, []. 
[18May2025 00:29:09.201] [Server thread/DEBUG] [net.minecraftforge.common.ForgeConfigSpec/CORE]: The comment on key interact_key.InteractKeyWhitelistEntities does not match the spec. This may create a backup.
[18May2025 00:29:09.201] [Server thread/WARN] [net.minecraftforge.common.ForgeConfigSpec/CORE]: Incorrect key interact_key.InteractKeyBlacklistBlocks was corrected from null to its default, []. 
[18May2025 00:29:09.202] [Server thread/DEBUG] [net.minecraftforge.common.ForgeConfigSpec/CORE]: The comment on key interact_key.InteractKeyBlacklistBlocks does not match the spec. This may create a backup.
[18May2025 00:29:09.202] [Server thread/WARN] [net.minecraftforge.common.ForgeConfigSpec/CORE]: Incorrect key interact_key.InteractKeyBlacklistEntities was corrected from null to its default, []. 
[18May2025 00:29:09.202] [Server thread/DEBUG] [net.minecraftforge.common.ForgeConfigSpec/CORE]: The comment on key interact_key.InteractKeyBlacklistEntities does not match the spec. This may create a backup.
[18May2025 00:29:09.203] [Server thread/WARN] [net.minecraftforge.common.ForgeConfigSpec/CORE]: Incorrect key base_multiplier was corrected from null to its default, SimpleCommentedConfig:{}. 
[18May2025 00:29:09.203] [Server thread/WARN] [net.minecraftforge.common.ForgeConfigSpec/CORE]: Incorrect key base_multiplier.DamageBaseMultiplier was corrected from null to its default, 1.0. 
[18May2025 00:29:09.204] [Server thread/DEBUG] [net.minecraftforge.common.ForgeConfigSpec/CORE]: The comment on key base_multiplier.DamageBaseMultiplier does not match the spec. This may create a backup.
[18May2025 00:29:09.204] [Server thread/WARN] [net.minecraftforge.common.ForgeConfigSpec/CORE]: Incorrect key base_multiplier.ArmorIgnoreBaseMultiplier was corrected from null to its default, 1.0. 
[18May2025 00:29:09.204] [Server thread/DEBUG] [net.minecraftforge.common.ForgeConfigSpec/CORE]: The comment on key base_multiplier.ArmorIgnoreBaseMultiplier does not match the spec. This may create a backup.
[18May2025 00:29:09.204] [Server thread/WARN] [net.minecraftforge.common.ForgeConfigSpec/CORE]: Incorrect key base_multiplier.HeadShotBaseMultiplier was corrected from null to its default, 1.0. 
[18May2025 00:29:09.205] [Server thread/DEBUG] [net.minecraftforge.common.ForgeConfigSpec/CORE]: The comment on key base_multiplier.HeadShotBaseMultiplier does not match the spec. This may create a backup.
[18May2025 00:29:09.205] [Server thread/WARN] [net.minecraftforge.common.ForgeConfigSpec/CORE]: Incorrect key base_multiplier.WeightSpeedMultiplier was corrected from null to its default, 0.015. 
[18May2025 00:29:09.205] [Server thread/DEBUG] [net.minecraftforge.common.ForgeConfigSpec/CORE]: The comment on key base_multiplier.WeightSpeedMultiplier does not match the spec. This may create a backup.
[18May2025 00:29:09.208] [Server thread/WARN] [net.minecraftforge.common.ForgeConfigSpec/CORE]: Incorrect key misc was corrected from null to its default, SimpleCommentedConfig:{}. 
[18May2025 00:29:09.208] [Server thread/WARN] [net.minecraftforge.common.ForgeConfigSpec/CORE]: Incorrect key misc.HeadShotAABB was corrected from null to its default, []. 
[18May2025 00:29:09.208] [Server thread/DEBUG] [net.minecraftforge.common.ForgeConfigSpec/CORE]: The comment on key misc.HeadShotAABB does not match the spec. This may create a backup.
[18May2025 00:29:09.209] [Server thread/WARN] [net.minecraftforge.common.ForgeConfigSpec/CORE]: Incorrect key misc.AmmoBoxStackSize was corrected from null to its default, 3. 
[18May2025 00:29:09.209] [Server thread/DEBUG] [net.minecraftforge.common.ForgeConfigSpec/CORE]: The comment on key misc.AmmoBoxStackSize does not match the spec. This may create a backup.
[18May2025 00:29:09.209] [Server thread/WARN] [net.minecraftforge.common.ForgeConfigSpec/CORE]: Incorrect key misc.ClientGunPackDownloadUrls was corrected from null to its default, []. 
[18May2025 00:29:09.209] [Server thread/DEBUG] [net.minecraftforge.common.ForgeConfigSpec/CORE]: The comment on key misc.ClientGunPackDownloadUrls does not match the spec. This may create a backup.
[18May2025 00:29:09.209] [Server thread/WARN] [net.minecraftforge.common.ForgeConfigSpec/CORE]: Incorrect key misc.EnableCrawl was corrected from null to its default, true. 
[18May2025 00:29:09.209] [Server thread/DEBUG] [net.minecraftforge.common.ForgeConfigSpec/CORE]: The comment on key misc.EnableCrawl does not match the spec. This may create a backup.
[18May2025 00:29:09.209] [Server thread/WARN] [net.minecraftforge.common.ForgeConfigSpec/CORE]: Incorrect key misc.EnableDefaultGunSmithTableFilter was corrected from null to its default, true. 
[18May2025 00:29:09.210] [Server thread/DEBUG] [net.minecraftforge.common.ForgeConfigSpec/CORE]: The comment on key misc.EnableDefaultGunSmithTableFilter does not match the spec. This may create a backup.
[18May2025 00:29:09.210] [Server thread/WARN] [net.minecraftforge.common.ForgeConfigSpec/CORE]: Incorrect key misc.ServerShootNetworkCheck was corrected from null to its default, true. 
[18May2025 00:29:09.210] [Server thread/DEBUG] [net.minecraftforge.common.ForgeConfigSpec/CORE]: The comment on key misc.ServerShootNetworkCheck does not match the spec. This may create a backup.
[18May2025 00:29:09.211] [Server thread/WARN] [net.minecraftforge.common.ForgeConfigSpec/CORE]: Incorrect key misc.ServerShootCooldownCheck was corrected from null to its default, true. 
[18May2025 00:29:09.211] [Server thread/DEBUG] [net.minecraftforge.common.ForgeConfigSpec/CORE]: The comment on key misc.ServerShootCooldownCheck does not match the spec. This may create a backup.
[18May2025 00:29:09.211] [Thread-1/DEBUG] [net.minecraftforge.fml.config.ConfigFileTypeHandler/CONFIG]: Config file tacz-server.toml changed, sending notifies
[18May2025 00:29:09.215] [Thread-1/DEBUG] [net.minecraftforge.fml.config.ConfigFileTypeHandler/CONFIG]: Config file tacz-server.toml changed, sending notifies
[18May2025 00:29:09.216] [Server thread/DEBUG] [net.minecraftforge.fml.config.ConfigFileTypeHandler/CONFIG]: Built TOML config for ./world/serverconfig/goat_man-server.toml
[18May2025 00:29:09.216] [Server thread/DEBUG] [net.minecraftforge.fml.config.ConfigFileTypeHandler/CONFIG]: Loaded TOML config file ./world/serverconfig/goat_man-server.toml
[18May2025 00:29:09.216] [Server thread/DEBUG] [net.minecraftforge.fml.config.ConfigFileTypeHandler/CONFIG]: Watching TOML config file ./world/serverconfig/goat_man-server.toml for changes
[18May2025 00:29:09.217] [Thread-1/DEBUG] [net.minecraftforge.fml.config.ConfigFileTypeHandler/CONFIG]: Config file tacz-server.toml changed, sending notifies
[18May2025 00:29:09.217] [Server thread/WARN] [net.minecraftforge.common.ForgeConfigSpec/CORE]: Configuration file ./world/serverconfig/goat_man-server.toml is not correct. Correcting
[18May2025 00:29:09.221] [Server thread/WARN] [net.minecraftforge.common.ForgeConfigSpec/CORE]: Incorrect key Timers was corrected from null to its default, SimpleCommentedConfig:{}. 
[18May2025 00:29:09.221] [Server thread/WARN] [net.minecraftforge.common.ForgeConfigSpec/CORE]: Incorrect key Timers.Spawn was corrected from null to its default, SimpleCommentedConfig:{}. 
[18May2025 00:29:09.222] [Server thread/WARN] [net.minecraftforge.common.ForgeConfigSpec/CORE]: Incorrect key Timers.Spawn.can_spawn_min was corrected from null to its default, 400. 
[18May2025 00:29:09.222] [Server thread/DEBUG] [net.minecraftforge.common.ForgeConfigSpec/CORE]: The comment on key Timers.Spawn.can_spawn_min does not match the spec. This may create a backup.
[18May2025 00:29:09.222] [Server thread/WARN] [net.minecraftforge.common.ForgeConfigSpec/CORE]: Incorrect key Timers.Spawn.can_spawn_max was corrected from null to its default, 800. 
[18May2025 00:29:09.223] [Server thread/DEBUG] [net.minecraftforge.common.ForgeConfigSpec/CORE]: The comment on key Timers.Spawn.can_spawn_max does not match the spec. This may create a backup.
[18May2025 00:29:09.223] [Server thread/WARN] [net.minecraftforge.common.ForgeConfigSpec/CORE]: Incorrect key Timers.Spawn.can_spawn_cooldown_chance was corrected from null to its default, 0.05. 
[18May2025 00:29:09.223] [Server thread/DEBUG] [net.minecraftforge.common.ForgeConfigSpec/CORE]: The comment on key Timers.Spawn.can_spawn_cooldown_chance does not match the spec. This may create a backup.
[18May2025 00:29:09.224] [Server thread/WARN] [net.minecraftforge.common.ForgeConfigSpec/CORE]: Incorrect key Timers.Spawn.can_spawn_cooldown was corrected from null to its default, 1200. 
[18May2025 00:29:09.226] [Server thread/DEBUG] [net.minecraftforge.common.ForgeConfigSpec/CORE]: The comment on key Timers.Spawn.can_spawn_cooldown does not match the spec. This may create a backup.
[18May2025 00:29:09.226] [Server thread/WARN] [net.minecraftforge.common.ForgeConfigSpec/CORE]: Incorrect key Timers.Noise was corrected from null to its default, SimpleCommentedConfig:{}. 
[18May2025 00:29:09.227] [Server thread/WARN] [net.minecraftforge.common.ForgeConfigSpec/CORE]: Incorrect key Timers.Noise.reset_noise_min was corrected from null to its default, 340. 
[18May2025 00:29:09.227] [Server thread/DEBUG] [net.minecraftforge.common.ForgeConfigSpec/CORE]: The comment on key Timers.Noise.reset_noise_min does not match the spec. This may create a backup.
[18May2025 00:29:09.227] [Server thread/WARN] [net.minecraftforge.common.ForgeConfigSpec/CORE]: Incorrect key Timers.Noise.reset_noise_max was corrected from null to its default, 460. 
[18May2025 00:29:09.228] [Server thread/DEBUG] [net.minecraftforge.common.ForgeConfigSpec/CORE]: The comment on key Timers.Noise.reset_noise_max does not match the spec. This may create a backup.
[18May2025 00:29:09.228] [Server thread/WARN] [net.minecraftforge.common.ForgeConfigSpec/CORE]: Incorrect key Timers.Leave was corrected from null to its default, SimpleCommentedConfig:{}. 
[18May2025 00:29:09.228] [Server thread/WARN] [net.minecraftforge.common.ForgeConfigSpec/CORE]: Incorrect key Timers.Leave.time_until_leave was corrected from null to its default, 200. 
[18May2025 00:29:09.229] [Server thread/DEBUG] [net.minecraftforge.common.ForgeConfigSpec/CORE]: The comment on key Timers.Leave.time_until_leave does not match the spec. This may create a backup.
[18May2025 00:29:09.229] [Server thread/WARN] [net.minecraftforge.common.ForgeConfigSpec/CORE]: Incorrect key Timers.Leave.time_until_leave_chase was corrected from null to its default, 25. 
[18May2025 00:29:09.231] [Server thread/DEBUG] [net.minecraftforge.common.ForgeConfigSpec/CORE]: The comment on key Timers.Leave.time_until_leave_chase does not match the spec. This may create a backup.
[18May2025 00:29:09.231] [Server thread/WARN] [net.minecraftforge.common.ForgeConfigSpec/CORE]: Incorrect key Timers.surface_timer_multiplier was corrected from null to its default, 1.0. 
[18May2025 00:29:09.232] [Server thread/DEBUG] [net.minecraftforge.common.ForgeConfigSpec/CORE]: The comment on key Timers.surface_timer_multiplier does not match the spec. This may create a backup.
[18May2025 00:29:09.233] [Server thread/WARN] [net.minecraftforge.common.ForgeConfigSpec/CORE]: Incorrect key Spawn Conditions was corrected from null to its default, SimpleCommentedConfig:{}. 
[18May2025 00:29:09.235] [Server thread/WARN] [net.minecraftforge.common.ForgeConfigSpec/CORE]: Incorrect key Spawn Conditions.spawn_chance_per_tick was corrected from null to its default, 0.05. 
[18May2025 00:29:09.236] [Server thread/DEBUG] [net.minecraftforge.common.ForgeConfigSpec/CORE]: The comment on key Spawn Conditions.spawn_chance_per_tick does not match the spec. This may create a backup.
[18May2025 00:29:09.236] [Server thread/WARN] [net.minecraftforge.common.ForgeConfigSpec/CORE]: Incorrect key Spawn Conditions.spawn_height was corrected from null to its default, 500. 
[18May2025 00:29:09.237] [Server thread/DEBUG] [net.minecraftforge.common.ForgeConfigSpec/CORE]: The comment on key Spawn Conditions.spawn_height does not match the spec. This may create a backup.
[18May2025 00:29:09.237] [Server thread/WARN] [net.minecraftforge.common.ForgeConfigSpec/CORE]: Incorrect key Spawn Conditions.allow_surface_spawn was corrected from null to its default, true. 
[18May2025 00:29:09.237] [Server thread/DEBUG] [net.minecraftforge.common.ForgeConfigSpec/CORE]: The comment on key Spawn Conditions.allow_surface_spawn does not match the spec. This may create a backup.
[18May2025 00:29:09.237] [Server thread/WARN] [net.minecraftforge.common.ForgeConfigSpec/CORE]: Incorrect key Spawn Conditions.sky_light_level was corrected from null to its default, 14. 
[18May2025 00:29:09.238] [Server thread/DEBUG] [net.minecraftforge.common.ForgeConfigSpec/CORE]: The comment on key Spawn Conditions.sky_light_level does not match the spec. This may create a backup.
[18May2025 00:29:09.238] [Server thread/WARN] [net.minecraftforge.common.ForgeConfigSpec/CORE]: Incorrect key Spawn Conditions.block_light_level was corrected from null to its default, 14. 
[18May2025 00:29:09.240] [Server thread/DEBUG] [net.minecraftforge.common.ForgeConfigSpec/CORE]: The comment on key Spawn Conditions.block_light_level does not match the spec. This may create a backup.
[18May2025 00:29:09.240] [Server thread/WARN] [net.minecraftforge.common.ForgeConfigSpec/CORE]: Incorrect key Spawn Conditions.maximum_amount was corrected from null to its default, 2. 
[18May2025 00:29:09.241] [Server thread/DEBUG] [net.minecraftforge.common.ForgeConfigSpec/CORE]: The comment on key Spawn Conditions.maximum_amount does not match the spec. This may create a backup.
[18May2025 00:29:09.241] [Server thread/WARN] [net.minecraftforge.common.ForgeConfigSpec/CORE]: Incorrect key Spawn Conditions.spawn_distance was corrected from null to its default, 18. 
[18May2025 00:29:09.242] [Server thread/DEBUG] [net.minecraftforge.common.ForgeConfigSpec/CORE]: The comment on key Spawn Conditions.spawn_distance does not match the spec. This may create a backup.
[18May2025 00:29:09.242] [Server thread/WARN] [net.minecraftforge.common.ForgeConfigSpec/CORE]: Incorrect key Spawn Conditions.check_path_to_spawn was corrected from null to its default, true. 
[18May2025 00:29:09.243] [Server thread/DEBUG] [net.minecraftforge.common.ForgeConfigSpec/CORE]: The comment on key Spawn Conditions.check_path_to_spawn does not match the spec. This may create a backup.
[18May2025 00:29:09.243] [Server thread/WARN] [net.minecraftforge.common.ForgeConfigSpec/CORE]: Incorrect key Spawn Conditions.Dimensions was corrected from null to its default, SimpleCommentedConfig:{}. 
[18May2025 00:29:09.244] [Server thread/DEBUG] [net.minecraftforge.common.ForgeConfigSpec/CORE]: List on key dimension_whitelist is deemed to need correction. It is null, not a list, or an empty list. Modders, consider defineListAllowEmpty?
[18May2025 00:29:09.244] [Server thread/WARN] [net.minecraftforge.common.ForgeConfigSpec/CORE]: Incorrect key Spawn Conditions.Dimensions.dimension_whitelist was corrected from null to its default, [minecraft:overworld]. 
[18May2025 00:29:09.246] [Server thread/DEBUG] [net.minecraftforge.common.ForgeConfigSpec/CORE]: The comment on key Spawn Conditions.Dimensions.dimension_whitelist does not match the spec. This may create a backup.
[18May2025 00:29:09.246] [Server thread/WARN] [net.minecraftforge.common.ForgeConfigSpec/CORE]: Incorrect key Spawn Conditions.Biomes was corrected from null to its default, SimpleCommentedConfig:{}. 
[18May2025 00:29:09.247] [Server thread/WARN] [net.minecraftforge.common.ForgeConfigSpec/CORE]: Incorrect key Spawn Conditions.Biomes.override_biome_datapack_config was corrected from null to its default, true. 
[18May2025 00:29:09.247] [Server thread/DEBUG] [net.minecraftforge.common.ForgeConfigSpec/CORE]: The comment on key Spawn Conditions.Biomes.override_biome_datapack_config does not match the spec. This may create a backup.
[18May2025 00:29:09.247] [Server thread/WARN] [net.minecraftforge.common.ForgeConfigSpec/CORE]: Incorrect key Spawn Conditions.Biomes.surface_biomes_is_whitelist was corrected from null to its default, false. 
[18May2025 00:29:09.248] [Server thread/DEBUG] [net.minecraftforge.common.ForgeConfigSpec/CORE]: The comment on key Spawn Conditions.Biomes.surface_biomes_is_whitelist does not match the spec. This may create a backup.
[18May2025 00:29:09.248] [Server thread/DEBUG] [net.minecraftforge.common.ForgeConfigSpec/CORE]: List on key surface_biomes is deemed to need correction. It is null, not a list, or an empty list. Modders, consider defineListAllowEmpty?
[18May2025 00:29:09.248] [Server thread/WARN] [net.minecraftforge.common.ForgeConfigSpec/CORE]: Incorrect key Spawn Conditions.Biomes.surface_biomes was corrected from null to its default, [minecraft:desert, minecraft:badlands, minecraft:eroded_badlands, minecraft:wooded_badlands, minecraft:savanna, minecraft:savanna_plateau, minecraft:windswept_savanna, minecraft:mangrove_swamp]. 
[18May2025 00:29:09.249] [Server thread/DEBUG] [net.minecraftforge.common.ForgeConfigSpec/CORE]: The comment on key Spawn Conditions.Biomes.surface_biomes does not match the spec. This may create a backup.
[18May2025 00:29:09.251] [Server thread/WARN] [net.minecraftforge.common.ForgeConfigSpec/CORE]: Incorrect key Behaviour was corrected from null to its default, SimpleCommentedConfig:{}. 
[18May2025 00:29:09.252] [Server thread/WARN] [net.minecraftforge.common.ForgeConfigSpec/CORE]: Incorrect key Behaviour.spotting_range was corrected from null to its default, 100. 
[18May2025 00:29:09.252] [Server thread/DEBUG] [net.minecraftforge.common.ForgeConfigSpec/CORE]: The comment on key Behaviour.spotting_range does not match the spec. This may create a backup.
[18May2025 00:29:09.252] [Server thread/WARN] [net.minecraftforge.common.ForgeConfigSpec/CORE]: Incorrect key Behaviour.can_climb was corrected from null to its default, true. 
[18May2025 00:29:09.255] [Server thread/DEBUG] [net.minecraftforge.common.ForgeConfigSpec/CORE]: The comment on key Behaviour.can_climb does not match the spec. This may create a backup.
[18May2025 00:29:09.255] [Server thread/WARN] [net.minecraftforge.common.ForgeConfigSpec/CORE]: Incorrect key Behaviour.allow_riding was corrected from null to its default, false. 
[18May2025 00:29:09.255] [Server thread/DEBUG] [net.minecraftforge.common.ForgeConfigSpec/CORE]: The comment on key Behaviour.allow_riding does not match the spec. This may create a backup.
[18May2025 00:29:09.255] [Server thread/WARN] [net.minecraftforge.common.ForgeConfigSpec/CORE]: Incorrect key Behaviour.target_invisible was corrected from null to its default, false. 
[18May2025 00:29:09.255] [Server thread/DEBUG] [net.minecraftforge.common.ForgeConfigSpec/CORE]: The comment on key Behaviour.target_invisible does not match the spec. This may create a backup.
[18May2025 00:29:09.258] [Server thread/WARN] [net.minecraftforge.common.ForgeConfigSpec/CORE]: Incorrect key Attributes was corrected from null to its default, SimpleCommentedConfig:{}. 
[18May2025 00:29:09.259] [Server thread/WARN] [net.minecraftforge.common.ForgeConfigSpec/CORE]: Incorrect key Attributes.maximum_armor was corrected from null to its default, 20.0. 
[18May2025 00:29:09.262] [Server thread/DEBUG] [net.minecraftforge.common.ForgeConfigSpec/CORE]: The comment on key Attributes.maximum_armor does not match the spec. This may create a backup.
[18May2025 00:29:09.262] [Server thread/WARN] [net.minecraftforge.common.ForgeConfigSpec/CORE]: Incorrect key Attributes.maximum_health was corrected from null to its default, 100.0. 
[18May2025 00:29:09.262] [Server thread/DEBUG] [net.minecraftforge.common.ForgeConfigSpec/CORE]: The comment on key Attributes.maximum_health does not match the spec. This may create a backup.
[18May2025 00:29:09.262] [Server thread/WARN] [net.minecraftforge.common.ForgeConfigSpec/CORE]: Incorrect key Attributes.attack_damage was corrected from null to its default, 5.0. 
[18May2025 00:29:09.263] [Server thread/DEBUG] [net.minecraftforge.common.ForgeConfigSpec/CORE]: The comment on key Attributes.attack_damage does not match the spec. This may create a backup.
[18May2025 00:29:09.263] [Server thread/WARN] [net.minecraftforge.common.ForgeConfigSpec/CORE]: Incorrect key Attributes.movement_speed was corrected from null to its default, 0.6. 
[18May2025 00:29:09.264] [Server thread/DEBUG] [net.minecraftforge.common.ForgeConfigSpec/CORE]: The comment on key Attributes.movement_speed does not match the spec. This may create a backup.
[18May2025 00:29:09.264] [Server thread/WARN] [net.minecraftforge.common.ForgeConfigSpec/CORE]: Incorrect key Attributes.depth_strider_bonus was corrected from null to its default, 2.0. 
[18May2025 00:29:09.267] [Server thread/DEBUG] [net.minecraftforge.common.ForgeConfigSpec/CORE]: The comment on key Attributes.depth_strider_bonus does not match the spec. This may create a backup.
[18May2025 00:29:09.269] [Server thread/WARN] [net.minecraftforge.common.ForgeConfigSpec/CORE]: Incorrect key Misc was corrected from null to its default, SimpleCommentedConfig:{}. 
[18May2025 00:29:09.269] [Server thread/WARN] [net.minecraftforge.common.ForgeConfigSpec/CORE]: Incorrect key Misc.only_play_noise_to_target was corrected from null to its default, false. 
[18May2025 00:29:09.271] [Server thread/DEBUG] [net.minecraftforge.common.ForgeConfigSpec/CORE]: The comment on key Misc.only_play_noise_to_target does not match the spec. This may create a backup.
[18May2025 00:29:09.271] [Thread-1/DEBUG] [net.minecraftforge.fml.config.ConfigFileTypeHandler/CONFIG]: Config file goat_man-server.toml changed, sending notifies
[18May2025 00:29:09.275] [Thread-1/INFO] [de.cadentem.goat_man.GoatMan/]: Server configuration has been reloaded
[18May2025 00:29:09.276] [Server thread/DEBUG] [net.minecraftforge.fml.config.ConfigFileTypeHandler/CONFIG]: Built TOML config for ./world/serverconfig/forge-server.toml
[18May2025 00:29:09.276] [Server thread/DEBUG] [net.minecraftforge.fml.config.ConfigFileTypeHandler/CONFIG]: Loaded TOML config file ./world/serverconfig/forge-server.toml
[18May2025 00:29:09.277] [Server thread/DEBUG] [net.minecraftforge.fml.config.ConfigFileTypeHandler/CONFIG]: Watching TOML config file ./world/serverconfig/forge-server.toml for changes
[18May2025 00:29:09.277] [Server thread/WARN] [net.minecraftforge.common.ForgeConfigSpec/CORE]: Configuration file ./world/serverconfig/forge-server.toml is not correct. Correcting
[18May2025 00:29:09.278] [Server thread/WARN] [net.minecraftforge.common.ForgeConfigSpec/CORE]: Incorrect key server was corrected from null to its default, SimpleCommentedConfig:{}. 
[18May2025 00:29:09.279] [Server thread/WARN] [net.minecraftforge.common.ForgeConfigSpec/CORE]: Incorrect key server.removeErroringBlockEntities was corrected from null to its default, false. 
[18May2025 00:29:09.280] [Server thread/DEBUG] [net.minecraftforge.common.ForgeConfigSpec/CORE]: The comment on key server.removeErroringBlockEntities does not match the spec. This may create a backup.
[18May2025 00:29:09.280] [Server thread/WARN] [net.minecraftforge.common.ForgeConfigSpec/CORE]: Incorrect key server.removeErroringEntities was corrected from null to its default, false. 
[18May2025 00:29:09.281] [Server thread/DEBUG] [net.minecraftforge.common.ForgeConfigSpec/CORE]: The comment on key server.removeErroringEntities does not match the spec. This may create a backup.
[18May2025 00:29:09.281] [Server thread/WARN] [net.minecraftforge.common.ForgeConfigSpec/CORE]: Incorrect key server.fullBoundingBoxLadders was corrected from null to its default, false. 
[18May2025 00:29:09.282] [Server thread/DEBUG] [net.minecraftforge.common.ForgeConfigSpec/CORE]: The comment on key server.fullBoundingBoxLadders does not match the spec. This may create a backup.
[18May2025 00:29:09.283] [Server thread/WARN] [net.minecraftforge.common.ForgeConfigSpec/CORE]: Incorrect key server.zombieBaseSummonChance was corrected from null to its default, 0.1. 
[18May2025 00:29:09.284] [Server thread/DEBUG] [net.minecraftforge.common.ForgeConfigSpec/CORE]: The comment on key server.zombieBaseSummonChance does not match the spec. This may create a backup.
[18May2025 00:29:09.284] [Server thread/WARN] [net.minecraftforge.common.ForgeConfigSpec/CORE]: Incorrect key server.zombieBabyChance was corrected from null to its default, 0.05. 
[18May2025 00:29:09.285] [Server thread/DEBUG] [net.minecraftforge.common.ForgeConfigSpec/CORE]: The comment on key server.zombieBabyChance does not match the spec. This may create a backup.
[18May2025 00:29:09.285] [Server thread/WARN] [net.minecraftforge.common.ForgeConfigSpec/CORE]: Incorrect key server.permissionHandler was corrected from null to its default, forge:default_handler. 
[18May2025 00:29:09.286] [Server thread/DEBUG] [net.minecraftforge.common.ForgeConfigSpec/CORE]: The comment on key server.permissionHandler does not match the spec. This may create a backup.
[18May2025 00:29:09.286] [Server thread/WARN] [net.minecraftforge.common.ForgeConfigSpec/CORE]: Incorrect key server.advertiseDedicatedServerToLan was corrected from null to its default, true. 
[18May2025 00:29:09.286] [Server thread/DEBUG] [net.minecraftforge.common.ForgeConfigSpec/CORE]: The comment on key server.advertiseDedicatedServerToLan does not match the spec. This may create a backup.
[18May2025 00:29:09.286] [Server thread/DEBUG] [net.minecraftforge.common.ForgeConfigSpec/CORE]: The comment on key server does not match the spec. This may create a backup.
[18May2025 00:29:09.288] [Thread-1/DEBUG] [net.minecraftforge.fml.config.ConfigFileTypeHandler/CONFIG]: Config file forge-server.toml changed, sending notifies
[18May2025 00:29:09.288] [Server thread/DEBUG] [net.minecraftforge.common.ForgeConfig/FORGEMOD]: Loaded forge config file forge-server.toml
[18May2025 00:29:09.291] [Thread-1/DEBUG] [net.minecraftforge.common.ForgeConfig/FORGEMOD]: Forge config just got changed on the file system!
[18May2025 00:29:09.352] [Server thread/INFO] [net.minecraft.server.dedicated.DedicatedServer/]: Preparing level "world"
[18May2025 00:29:09.363] [Server thread/DEBUG] [net.minecraftforge.coremod.transformer.CoreModBaseTransformer/COREMOD]: Transforming net/minecraft/world/level/levelgen/PhantomSpawner
[18May2025 00:29:09.394] [Server thread/DEBUG] [net.minecraftforge.coremod.transformer.CoreModBaseTransformer/COREMOD]: Transforming net/minecraft/world/level/levelgen/PatrolSpawner
[18May2025 00:29:09.412] [Server thread/DEBUG] [net.minecraftforge.coremod.transformer.CoreModBaseTransformer/COREMOD]: Transforming net/minecraft/world/entity/npc/CatSpawner
[18May2025 00:29:09.424] [Server thread/DEBUG] [net.minecraftforge.coremod.transformer.CoreModBaseTransformer/COREMOD]: Transforming net/minecraft/world/entity/ai/village/VillageSiege
[18May2025 00:29:09.937] [Server thread/DEBUG] [io.netty.buffer.AbstractByteBuf/]: -Dio.netty.buffer.checkAccessible: true
[18May2025 00:29:09.938] [Server thread/DEBUG] [io.netty.buffer.AbstractByteBuf/]: -Dio.netty.buffer.checkBounds: true
[18May2025 00:29:09.939] [Server thread/DEBUG] [io.netty.util.ResourceLeakDetectorFactory/]: Loaded default ResourceLeakDetector: io.netty.util.ResourceLeakDetector@75a93f7f
[18May2025 00:29:19.203] [Worker-Main-1/DEBUG] [net.minecraftforge.coremod.transformer.CoreModBaseTransformer/COREMOD]: Transforming net/minecraft/world/level/levelgen/structure/templatesystem/StructureTemplate
[18May2025 00:29:29.772] [Worker-Main-1/DEBUG] [net.minecraftforge.coremod.transformer.CoreModBaseTransformer/COREMOD]: Transforming net/minecraft/world/level/NaturalSpawner
[18May2025 00:29:29.826] [Worker-Main-1/DEBUG] [mixin/]: Mixing NaturalSpawnerMixin from alexscaves.mixins.json into net.minecraft.world.level.NaturalSpawner
[18May2025 00:29:29.926] [Server thread/INFO] [net.minecraft.server.MinecraftServer/]: Preparing start region for dimension minecraft:overworld
[18May2025 00:29:31.427] [Worker-Main-1/INFO] [net.minecraft.server.level.progress.LoggerChunkProgressListener/]: Preparing spawn area: 0%
[18May2025 00:29:31.433] [Worker-Main-1/INFO] [net.minecraft.server.level.progress.LoggerChunkProgressListener/]: Preparing spawn area: 0%
[18May2025 00:29:31.441] [Worker-Main-1/INFO] [net.minecraft.server.level.progress.LoggerChunkProgressListener/]: Preparing spawn area: 0%
[18May2025 00:29:31.446] [Worker-Main-1/INFO] [net.minecraft.server.level.progress.LoggerChunkProgressListener/]: Preparing spawn area: 0%
[18May2025 00:29:32.066] [Worker-Main-1/INFO] [net.minecraft.server.level.progress.LoggerChunkProgressListener/]: Preparing spawn area: 0%
[18May2025 00:29:32.602] [Worker-Main-1/INFO] [net.minecraft.server.level.progress.LoggerChunkProgressListener/]: Preparing spawn area: 0%
[18May2025 00:29:32.986] [Worker-Main-1/INFO] [net.minecraft.server.level.progress.LoggerChunkProgressListener/]: Preparing spawn area: 0%
[18May2025 00:29:33.608] [Worker-Main-1/INFO] [net.minecraft.server.level.progress.LoggerChunkProgressListener/]: Preparing spawn area: 0%
[18May2025 00:29:34.040] [Worker-Main-1/INFO] [net.minecraft.server.level.progress.LoggerChunkProgressListener/]: Preparing spawn area: 0%
[18May2025 00:29:34.732] [Worker-Main-1/INFO] [net.minecraft.server.level.progress.LoggerChunkProgressListener/]: Preparing spawn area: 0%
[18May2025 00:29:34.976] [Worker-Main-1/INFO] [net.minecraft.server.level.progress.LoggerChunkProgressListener/]: Preparing spawn area: 0%
[18May2025 00:29:35.647] [Worker-Main-1/INFO] [net.minecraft.server.level.progress.LoggerChunkProgressListener/]: Preparing spawn area: 0%
[18May2025 00:29:36.320] [Worker-Main-1/INFO] [net.minecraft.server.level.progress.LoggerChunkProgressListener/]: Preparing spawn area: 0%
[18May2025 00:29:36.432] [Worker-Main-1/INFO] [net.minecraft.server.level.progress.LoggerChunkProgressListener/]: Preparing spawn area: 0%
[18May2025 00:29:36.932] [Worker-Main-1/INFO] [net.minecraft.server.level.progress.LoggerChunkProgressListener/]: Preparing spawn area: 0%
[18May2025 00:29:37.462] [Worker-Main-1/INFO] [net.minecraft.server.level.progress.LoggerChunkProgressListener/]: Preparing spawn area: 0%
[18May2025 00:29:37.934] [Worker-Main-1/INFO] [net.minecraft.server.level.progress.LoggerChunkProgressListener/]: Preparing spawn area: 0%
[18May2025 00:29:38.427] [Worker-Main-1/INFO] [net.minecraft.server.level.progress.LoggerChunkProgressListener/]: Preparing spawn area: 0%
[18May2025 00:29:38.957] [Worker-Main-1/INFO] [net.minecraft.server.level.progress.LoggerChunkProgressListener/]: Preparing spawn area: 0%
[18May2025 00:29:39.502] [Worker-Main-1/INFO] [net.minecraft.server.level.progress.LoggerChunkProgressListener/]: Preparing spawn area: 0%
[18May2025 00:29:39.929] [Worker-Main-1/INFO] [net.minecraft.server.level.progress.LoggerChunkProgressListener/]: Preparing spawn area: 0%
[18May2025 00:29:40.467] [Worker-Main-1/INFO] [net.minecraft.server.level.progress.LoggerChunkProgressListener/]: Preparing spawn area: 0%
[18May2025 00:29:41.252] [Worker-Main-1/INFO] [net.minecraft.server.level.progress.LoggerChunkProgressListener/]: Preparing spawn area: 0%
[18May2025 00:29:41.568] [Worker-Main-1/INFO] [net.minecraft.server.level.progress.LoggerChunkProgressListener/]: Preparing spawn area: 0%
[18May2025 00:29:42.125] [Worker-Main-1/INFO] [net.minecraft.server.level.progress.LoggerChunkProgressListener/]: Preparing spawn area: 0%
[18May2025 00:29:42.511] [Worker-Main-1/INFO] [net.minecraft.server.level.progress.LoggerChunkProgressListener/]: Preparing spawn area: 0%
[18May2025 00:29:42.979] [Worker-Main-1/INFO] [net.minecraft.server.level.progress.LoggerChunkProgressListener/]: Preparing spawn area: 0%
[18May2025 00:29:43.470] [Worker-Main-1/INFO] [net.minecraft.server.level.progress.LoggerChunkProgressListener/]: Preparing spawn area: 0%
[18May2025 00:29:43.931] [Worker-Main-1/INFO] [net.minecraft.server.level.progress.LoggerChunkProgressListener/]: Preparing spawn area: 0%
[18May2025 00:29:44.513] [Worker-Main-1/INFO] [net.minecraft.server.level.progress.LoggerChunkProgressListener/]: Preparing spawn area: 0%
[18May2025 00:29:45.041] [Worker-Main-1/INFO] [net.minecraft.server.level.progress.LoggerChunkProgressListener/]: Preparing spawn area: 0%
[18May2025 00:29:45.469] [Worker-Main-1/INFO] [net.minecraft.server.level.progress.LoggerChunkProgressListener/]: Preparing spawn area: 0%
[18May2025 00:29:45.990] [Worker-Main-1/INFO] [net.minecraft.server.level.progress.LoggerChunkProgressListener/]: Preparing spawn area: 0%
[18May2025 00:29:46.448] [Worker-Main-1/INFO] [net.minecraft.server.level.progress.LoggerChunkProgressListener/]: Preparing spawn area: 0%
[18May2025 00:29:46.934] [Worker-Main-1/INFO] [net.minecraft.server.level.progress.LoggerChunkProgressListener/]: Preparing spawn area: 0%
[18May2025 00:29:47.456] [Worker-Main-1/INFO] [net.minecraft.server.level.progress.LoggerChunkProgressListener/]: Preparing spawn area: 0%
[18May2025 00:29:47.999] [Worker-Main-1/INFO] [net.minecraft.server.level.progress.LoggerChunkProgressListener/]: Preparing spawn area: 0%
[18May2025 00:29:48.454] [Worker-Main-1/INFO] [net.minecraft.server.level.progress.LoggerChunkProgressListener/]: Preparing spawn area: 0%
[18May2025 00:29:48.961] [Worker-Main-1/INFO] [net.minecraft.server.level.progress.LoggerChunkProgressListener/]: Preparing spawn area: 0%
[18May2025 00:29:49.524] [Worker-Main-1/INFO] [net.minecraft.server.level.progress.LoggerChunkProgressListener/]: Preparing spawn area: 0%
[18May2025 00:29:49.985] [Worker-Main-1/INFO] [net.minecraft.server.level.progress.LoggerChunkProgressListener/]: Preparing spawn area: 0%
[18May2025 00:29:50.427] [Worker-Main-1/INFO] [net.minecraft.server.level.progress.LoggerChunkProgressListener/]: Preparing spawn area: 0%
[18May2025 00:29:51.028] [Worker-Main-1/INFO] [net.minecraft.server.level.progress.LoggerChunkProgressListener/]: Preparing spawn area: 0%
[18May2025 00:29:51.427] [Worker-Main-1/INFO] [net.minecraft.server.level.progress.LoggerChunkProgressListener/]: Preparing spawn area: 0%
[18May2025 00:29:51.929] [Worker-Main-1/INFO] [net.minecraft.server.level.progress.LoggerChunkProgressListener/]: Preparing spawn area: 0%
[18May2025 00:29:52.438] [Worker-Main-1/INFO] [net.minecraft.server.level.progress.LoggerChunkProgressListener/]: Preparing spawn area: 0%
[18May2025 00:29:52.975] [Worker-Main-1/INFO] [net.minecraft.server.level.progress.LoggerChunkProgressListener/]: Preparing spawn area: 0%
[18May2025 00:29:53.510] [Worker-Main-1/INFO] [net.minecraft.server.level.progress.LoggerChunkProgressListener/]: Preparing spawn area: 0%
[18May2025 00:29:53.931] [Worker-Main-1/INFO] [net.minecraft.server.level.progress.LoggerChunkProgressListener/]: Preparing spawn area: 0%
[18May2025 00:29:54.444] [Worker-Main-1/INFO] [net.minecraft.server.level.progress.LoggerChunkProgressListener/]: Preparing spawn area: 0%
[18May2025 00:29:54.939] [Worker-Main-1/INFO] [net.minecraft.server.level.progress.LoggerChunkProgressListener/]: Preparing spawn area: 0%
[18May2025 00:29:55.448] [Worker-Main-1/INFO] [net.minecraft.server.level.progress.LoggerChunkProgressListener/]: Preparing spawn area: 0%
[18May2025 00:29:55.931] [Worker-Main-1/INFO] [net.minecraft.server.level.progress.LoggerChunkProgressListener/]: Preparing spawn area: 0%
[18May2025 00:29:56.571] [Worker-Main-1/INFO] [net.minecraft.server.level.progress.LoggerChunkProgressListener/]: Preparing spawn area: 0%
[18May2025 00:29:57.067] [Worker-Main-1/INFO] [net.minecraft.server.level.progress.LoggerChunkProgressListener/]: Preparing spawn area: 0%
[18May2025 00:29:57.449] [Worker-Main-1/INFO] [net.minecraft.server.level.progress.LoggerChunkProgressListener/]: Preparing spawn area: 0%
[18May2025 00:29:57.932] [Worker-Main-1/INFO] [net.minecraft.server.level.progress.LoggerChunkProgressListener/]: Preparing spawn area: 0%
[18May2025 00:29:58.431] [Worker-Main-1/INFO] [net.minecraft.server.level.progress.LoggerChunkProgressListener/]: Preparing spawn area: 0%
[18May2025 00:29:58.995] [Worker-Main-1/INFO] [net.minecraft.server.level.progress.LoggerChunkProgressListener/]: Preparing spawn area: 0%
[18May2025 00:29:59.449] [Worker-Main-1/INFO] [net.minecraft.server.level.progress.LoggerChunkProgressListener/]: Preparing spawn area: 0%
[18May2025 00:29:59.932] [Worker-Main-1/INFO] [net.minecraft.server.level.progress.LoggerChunkProgressListener/]: Preparing spawn area: 0%
[18May2025 00:30:00.437] [Worker-Main-1/INFO] [net.minecraft.server.level.progress.LoggerChunkProgressListener/]: Preparing spawn area: 0%
[18May2025 00:30:01.008] [Worker-Main-1/INFO] [net.minecraft.server.level.progress.LoggerChunkProgressListener/]: Preparing spawn area: 0%
[18May2025 00:30:01.447] [Worker-Main-1/INFO] [net.minecraft.server.level.progress.LoggerChunkProgressListener/]: Preparing spawn area: 0%
[18May2025 00:30:02.023] [Worker-Main-1/INFO] [net.minecraft.server.level.progress.LoggerChunkProgressListener/]: Preparing spawn area: 0%
[18May2025 00:30:02.432] [Worker-Main-1/INFO] [net.minecraft.server.level.progress.LoggerChunkProgressListener/]: Preparing spawn area: 0%
[18May2025 00:30:02.949] [Worker-Main-1/INFO] [net.minecraft.server.level.progress.LoggerChunkProgressListener/]: Preparing spawn area: 0%
[18May2025 00:30:03.439] [Worker-Main-1/INFO] [net.minecraft.server.level.progress.LoggerChunkProgressListener/]: Preparing spawn area: 0%
[18May2025 00:30:03.934] [Worker-Main-1/INFO] [net.minecraft.server.level.progress.LoggerChunkProgressListener/]: Preparing spawn area: 0%
[18May2025 00:30:04.445] [Worker-Main-1/INFO] [net.minecraft.server.level.progress.LoggerChunkProgressListener/]: Preparing spawn area: 0%
[18May2025 00:30:04.970] [Worker-Main-1/INFO] [net.minecraft.server.level.progress.LoggerChunkProgressListener/]: Preparing spawn area: 0%
[18May2025 00:30:05.321] [Worker-Main-1/ERROR] [net.minecraft.world.entity.decoration.HangingEntity/]: Hanging entity at invalid position: BlockPos{x=8, y=-59, z=111}
[18May2025 00:30:05.326] [Worker-Main-1/ERROR] [net.minecraft.world.entity.decoration.HangingEntity/]: Hanging entity at invalid position: BlockPos{x=8, y=-59, z=115}
[18May2025 00:30:05.327] [Worker-Main-1/ERROR] [net.minecraft.world.entity.decoration.HangingEntity/]: Hanging entity at invalid position: BlockPos{x=8, y=-59, z=119}
[18May2025 00:30:05.328] [Worker-Main-1/ERROR] [net.minecraft.world.entity.decoration.HangingEntity/]: Hanging entity at invalid position: BlockPos{x=8, y=-59, z=123}
[18May2025 00:30:05.428] [Worker-Main-1/INFO] [net.minecraft.server.level.progress.LoggerChunkProgressListener/]: Preparing spawn area: 0%
[18May2025 00:30:05.968] [Worker-Main-1/INFO] [net.minecraft.server.level.progress.LoggerChunkProgressListener/]: Preparing spawn area: 0%
[18May2025 00:30:06.427] [Worker-Main-1/INFO] [net.minecraft.server.level.progress.LoggerChunkProgressListener/]: Preparing spawn area: 0%
[18May2025 00:30:06.966] [Worker-Main-1/INFO] [net.minecraft.server.level.progress.LoggerChunkProgressListener/]: Preparing spawn area: 0%
[18May2025 00:30:07.501] [Worker-Main-1/INFO] [net.minecraft.server.level.progress.LoggerChunkProgressListener/]: Preparing spawn area: 0%
[18May2025 00:30:07.979] [Worker-Main-1/INFO] [net.minecraft.server.level.progress.LoggerChunkProgressListener/]: Preparing spawn area: 0%
[18May2025 00:30:08.432] [Worker-Main-1/INFO] [net.minecraft.server.level.progress.LoggerChunkProgressListener/]: Preparing spawn area: 0%
[18May2025 00:30:08.927] [Worker-Main-1/INFO] [net.minecraft.server.level.progress.LoggerChunkProgressListener/]: Preparing spawn area: 0%
[18May2025 00:30:09.213] [Worker-Main-1/ERROR] [net.minecraft.world.entity.decoration.HangingEntity/]: Hanging entity at invalid position: BlockPos{x=8, y=-59, z=95}
[18May2025 00:30:09.215] [Worker-Main-1/ERROR] [net.minecraft.world.entity.decoration.HangingEntity/]: Hanging entity at invalid position: BlockPos{x=8, y=-59, z=99}
[18May2025 00:30:09.215] [Worker-Main-1/ERROR] [net.minecraft.world.entity.decoration.HangingEntity/]: Hanging entity at invalid position: BlockPos{x=8, y=-59, z=103}
[18May2025 00:30:09.216] [Worker-Main-1/ERROR] [net.minecraft.world.entity.decoration.HangingEntity/]: Hanging entity at invalid position: BlockPos{x=8, y=-59, z=107}
[18May2025 00:30:09.440] [Worker-Main-1/INFO] [net.minecraft.server.level.progress.LoggerChunkProgressListener/]: Preparing spawn area: 0%
[18May2025 00:30:09.931] [Worker-Main-1/INFO] [net.minecraft.server.level.progress.LoggerChunkProgressListener/]: Preparing spawn area: 0%
[18May2025 00:30:10.451] [Worker-Main-1/INFO] [net.minecraft.server.level.progress.LoggerChunkProgressListener/]: Preparing spawn area: 0%
[18May2025 00:30:10.971] [Worker-Main-1/INFO] [net.minecraft.server.level.progress.LoggerChunkProgressListener/]: Preparing spawn area: 0%
[18May2025 00:30:11.458] [Worker-Main-1/INFO] [net.minecraft.server.level.progress.LoggerChunkProgressListener/]: Preparing spawn area: 0%
[18May2025 00:30:11.943] [Worker-Main-1/INFO] [net.minecraft.server.level.progress.LoggerChunkProgressListener/]: Preparing spawn area: 0%
[18May2025 00:30:12.447] [Worker-Main-1/INFO] [net.minecraft.server.level.progress.LoggerChunkProgressListener/]: Preparing spawn area: 0%
[18May2025 00:30:12.942] [Worker-Main-1/INFO] [net.minecraft.server.level.progress.LoggerChunkProgressListener/]: Preparing spawn area: 0%
[18May2025 00:30:13.429] [Worker-Main-1/INFO] [net.minecraft.server.level.progress.LoggerChunkProgressListener/]: Preparing spawn area: 0%
[18May2025 00:30:14.013] [Worker-Main-1/INFO] [net.minecraft.server.level.progress.LoggerChunkProgressListener/]: Preparing spawn area: 0%
[18May2025 00:30:14.431] [Worker-Main-1/INFO] [net.minecraft.server.level.progress.LoggerChunkProgressListener/]: Preparing spawn area: 0%
[18May2025 00:30:14.950] [Worker-Main-1/INFO] [net.minecraft.server.level.progress.LoggerChunkProgressListener/]: Preparing spawn area: 0%
[18May2025 00:30:15.069] [Worker-Main-1/ERROR] [net.minecraft.world.entity.decoration.HangingEntity/]: Hanging entity at invalid position: BlockPos{x=8, y=-59, z=79}
[18May2025 00:30:15.071] [Worker-Main-1/ERROR] [net.minecraft.world.entity.decoration.HangingEntity/]: Hanging entity at invalid position: BlockPos{x=8, y=-59, z=83}
[18May2025 00:30:15.071] [Worker-Main-1/ERROR] [net.minecraft.world.entity.decoration.HangingEntity/]: Hanging entity at invalid position: BlockPos{x=8, y=-59, z=87}
[18May2025 00:30:15.071] [Worker-Main-1/ERROR] [net.minecraft.world.entity.decoration.HangingEntity/]: Hanging entity at invalid position: BlockPos{x=8, y=-59, z=91}
[18May2025 00:30:15.468] [Worker-Main-1/INFO] [net.minecraft.server.level.progress.LoggerChunkProgressListener/]: Preparing spawn area: 0%
[18May2025 00:30:15.934] [Worker-Main-1/INFO] [net.minecraft.server.level.progress.LoggerChunkProgressListener/]: Preparing spawn area: 0%
[18May2025 00:30:16.449] [Worker-Main-1/INFO] [net.minecraft.server.level.progress.LoggerChunkProgressListener/]: Preparing spawn area: 0%
[18May2025 00:30:16.957] [Worker-Main-1/INFO] [net.minecraft.server.level.progress.LoggerChunkProgressListener/]: Preparing spawn area: 0%
[18May2025 00:30:17.439] [Worker-Main-1/INFO] [net.minecraft.server.level.progress.LoggerChunkProgressListener/]: Preparing spawn area: 0%
[18May2025 00:30:17.959] [Worker-Main-1/INFO] [net.minecraft.server.level.progress.LoggerChunkProgressListener/]: Preparing spawn area: 0%
[18May2025 00:30:18.447] [Worker-Main-1/INFO] [net.minecraft.server.level.progress.LoggerChunkProgressListener/]: Preparing spawn area: 0%
[18May2025 00:30:18.993] [Worker-Main-1/INFO] [net.minecraft.server.level.progress.LoggerChunkProgressListener/]: Preparing spawn area: 0%
[18May2025 00:30:19.465] [Worker-Main-1/INFO] [net.minecraft.server.level.progress.LoggerChunkProgressListener/]: Preparing spawn area: 0%
[18May2025 00:30:19.966] [Worker-Main-1/INFO] [net.minecraft.server.level.progress.LoggerChunkProgressListener/]: Preparing spawn area: 0%
[18May2025 00:30:20.472] [Worker-Main-1/INFO] [net.minecraft.server.level.progress.LoggerChunkProgressListener/]: Preparing spawn area: 0%
[18May2025 00:30:20.976] [Worker-Main-1/INFO] [net.minecraft.server.level.progress.LoggerChunkProgressListener/]: Preparing spawn area: 0%
[18May2025 00:30:21.329] [Worker-Main-1/ERROR] [net.minecraft.world.entity.decoration.HangingEntity/]: Hanging entity at invalid position: BlockPos{x=8, y=-59, z=79}
[18May2025 00:30:21.331] [Worker-Main-1/ERROR] [net.minecraft.world.entity.decoration.HangingEntity/]: Hanging entity at invalid position: BlockPos{x=8, y=-59, z=83}
[18May2025 00:30:21.331] [Worker-Main-1/ERROR] [net.minecraft.world.entity.decoration.HangingEntity/]: Hanging entity at invalid position: BlockPos{x=8, y=-59, z=87}
[18May2025 00:30:21.332] [Worker-Main-1/ERROR] [net.minecraft.world.entity.decoration.HangingEntity/]: Hanging entity at invalid position: BlockPos{x=8, y=-59, z=91}
[18May2025 00:30:21.455] [Worker-Main-1/INFO] [net.minecraft.server.level.progress.LoggerChunkProgressListener/]: Preparing spawn area: 0%
[18May2025 00:30:22.000] [Worker-Main-1/INFO] [net.minecraft.server.level.progress.LoggerChunkProgressListener/]: Preparing spawn area: 0%
[18May2025 00:30:22.456] [Worker-Main-1/INFO] [net.minecraft.server.level.progress.LoggerChunkProgressListener/]: Preparing spawn area: 0%
[18May2025 00:30:23.004] [Worker-Main-1/INFO] [net.minecraft.server.level.progress.LoggerChunkProgressListener/]: Preparing spawn area: 0%
[18May2025 00:30:23.429] [Worker-Main-1/INFO] [net.minecraft.server.level.progress.LoggerChunkProgressListener/]: Preparing spawn area: 0%
[18May2025 00:30:23.930] [Worker-Main-1/INFO] [net.minecraft.server.level.progress.LoggerChunkProgressListener/]: Preparing spawn area: 0%
[18May2025 00:30:24.493] [Worker-Main-1/INFO] [net.minecraft.server.level.progress.LoggerChunkProgressListener/]: Preparing spawn area: 0%
[18May2025 00:30:24.948] [Worker-Main-1/INFO] [net.minecraft.server.level.progress.LoggerChunkProgressListener/]: Preparing spawn area: 0%
[18May2025 00:30:25.431] [Worker-Main-1/INFO] [net.minecraft.server.level.progress.LoggerChunkProgressListener/]: Preparing spawn area: 0%
[18May2025 00:30:25.976] [Worker-Main-1/INFO] [net.minecraft.server.level.progress.LoggerChunkProgressListener/]: Preparing spawn area: 0%
[18May2025 00:30:26.448] [Worker-Main-1/INFO] [net.minecraft.server.level.progress.LoggerChunkProgressListener/]: Preparing spawn area: 0%
[18May2025 00:30:26.953] [Worker-Main-1/INFO] [net.minecraft.server.level.progress.LoggerChunkProgressListener/]: Preparing spawn area: 0%
[18May2025 00:30:27.467] [Worker-Main-1/INFO] [net.minecraft.server.level.progress.LoggerChunkProgressListener/]: Preparing spawn area: 0%
[18May2025 00:30:27.930] [Worker-Main-1/INFO] [net.minecraft.server.level.progress.LoggerChunkProgressListener/]: Preparing spawn area: 0%
[18May2025 00:30:28.445] [Worker-Main-1/INFO] [net.minecraft.server.level.progress.LoggerChunkProgressListener/]: Preparing spawn area: 0%
[18May2025 00:30:28.951] [Worker-Main-1/INFO] [net.minecraft.server.level.progress.LoggerChunkProgressListener/]: Preparing spawn area: 0%
[18May2025 00:30:29.481] [Worker-Main-1/INFO] [net.minecraft.server.level.progress.LoggerChunkProgressListener/]: Preparing spawn area: 0%
[18May2025 00:30:29.928] [Worker-Main-1/INFO] [net.minecraft.server.level.progress.LoggerChunkProgressListener/]: Preparing spawn area: 0%
[18May2025 00:30:30.453] [Worker-Main-1/INFO] [net.minecraft.server.level.progress.LoggerChunkProgressListener/]: Preparing spawn area: 0%
[18May2025 00:30:30.722] [Worker-Main-1/ERROR] [net.minecraft.world.entity.decoration.HangingEntity/]: Hanging entity at invalid position: BlockPos{x=8, y=-59, z=95}
[18May2025 00:30:30.726] [Worker-Main-1/ERROR] [net.minecraft.world.entity.decoration.HangingEntity/]: Hanging entity at invalid position: BlockPos{x=8, y=-59, z=99}
[18May2025 00:30:30.727] [Worker-Main-1/ERROR] [net.minecraft.world.entity.decoration.HangingEntity/]: Hanging entity at invalid position: BlockPos{x=8, y=-59, z=103}
[18May2025 00:30:30.729] [Worker-Main-1/ERROR] [net.minecraft.world.entity.decoration.HangingEntity/]: Hanging entity at invalid position: BlockPos{x=8, y=-59, z=107}
[18May2025 00:30:30.935] [Worker-Main-1/INFO] [net.minecraft.server.level.progress.LoggerChunkProgressListener/]: Preparing spawn area: 0%
[18May2025 00:30:31.532] [Worker-Main-1/INFO] [net.minecraft.server.level.progress.LoggerChunkProgressListener/]: Preparing spawn area: 0%
[18May2025 00:30:31.961] [Worker-Main-1/INFO] [net.minecraft.server.level.progress.LoggerChunkProgressListener/]: Preparing spawn area: 0%
[18May2025 00:30:32.432] [Worker-Main-1/INFO] [net.minecraft.server.level.progress.LoggerChunkProgressListener/]: Preparing spawn area: 0%
[18May2025 00:30:32.952] [Worker-Main-1/INFO] [net.minecraft.server.level.progress.LoggerChunkProgressListener/]: Preparing spawn area: 0%
[18May2025 00:30:33.430] [Worker-Main-1/INFO] [net.minecraft.server.level.progress.LoggerChunkProgressListener/]: Preparing spawn area: 0%
[18May2025 00:30:33.944] [Worker-Main-1/INFO] [net.minecraft.server.level.progress.LoggerChunkProgressListener/]: Preparing spawn area: 0%
[18May2025 00:30:34.433] [Worker-Main-1/INFO] [net.minecraft.server.level.progress.LoggerChunkProgressListener/]: Preparing spawn area: 0%
[18May2025 00:30:35.010] [Worker-Main-1/INFO] [net.minecraft.server.level.progress.LoggerChunkProgressListener/]: Preparing spawn area: 0%
[18May2025 00:30:35.437] [Worker-Main-1/INFO] [net.minecraft.server.level.progress.LoggerChunkProgressListener/]: Preparing spawn area: 0%
[18May2025 00:30:35.955] [Worker-Main-1/INFO] [net.minecraft.server.level.progress.LoggerChunkProgressListener/]: Preparing spawn area: 0%
[18May2025 00:30:36.440] [Worker-Main-1/INFO] [net.minecraft.server.level.progress.LoggerChunkProgressListener/]: Preparing spawn area: 0%
[18May2025 00:30:36.848] [Worker-Main-1/ERROR] [net.minecraft.world.entity.decoration.HangingEntity/]: Hanging entity at invalid position: BlockPos{x=8, y=-59, z=111}
[18May2025 00:30:36.849] [Worker-Main-1/ERROR] [net.minecraft.world.entity.decoration.HangingEntity/]: Hanging entity at invalid position: BlockPos{x=8, y=-59, z=115}
[18May2025 00:30:36.850] [Worker-Main-1/ERROR] [net.minecraft.world.entity.decoration.HangingEntity/]: Hanging entity at invalid position: BlockPos{x=8, y=-59, z=119}
[18May2025 00:30:36.851] [Worker-Main-1/ERROR] [net.minecraft.world.entity.decoration.HangingEntity/]: Hanging entity at invalid position: BlockPos{x=8, y=-59, z=123}
[18May2025 00:30:36.974] [Worker-Main-1/INFO] [net.minecraft.server.level.progress.LoggerChunkProgressListener/]: Preparing spawn area: 0%
[18May2025 00:30:37.453] [Worker-Main-1/INFO] [net.minecraft.server.level.progress.LoggerChunkProgressListener/]: Preparing spawn area: 0%
[18May2025 00:30:37.934] [Worker-Main-1/INFO] [net.minecraft.server.level.progress.LoggerChunkProgressListener/]: Preparing spawn area: 0%
[18May2025 00:30:38.435] [Worker-Main-1/INFO] [net.minecraft.server.level.progress.LoggerChunkProgressListener/]: Preparing spawn area: 0%
[18May2025 00:30:38.936] [Worker-Main-1/INFO] [net.minecraft.server.level.progress.LoggerChunkProgressListener/]: Preparing spawn area: 0%
[18May2025 00:30:39.472] [Worker-Main-1/INFO] [net.minecraft.server.level.progress.LoggerChunkProgressListener/]: Preparing spawn area: 0%
[18May2025 00:30:39.928] [Worker-Main-1/INFO] [net.minecraft.server.level.progress.LoggerChunkProgressListener/]: Preparing spawn area: 0%
[18May2025 00:30:40.463] [Worker-Main-1/INFO] [net.minecraft.server.level.progress.LoggerChunkProgressListener/]: Preparing spawn area: 0%
[18May2025 00:30:40.984] [Worker-Main-1/INFO] [net.minecraft.server.level.progress.LoggerChunkProgressListener/]: Preparing spawn area: 0%
[18May2025 00:30:41.643] [Worker-Main-1/INFO] [net.minecraft.server.level.progress.LoggerChunkProgressListener/]: Preparing spawn area: 0%
[18May2025 00:30:41.942] [Worker-Main-1/INFO] [net.minecraft.server.level.progress.LoggerChunkProgressListener/]: Preparing spawn area: 4%
[18May2025 00:30:43.006] [Worker-Main-1/INFO] [net.minecraft.server.level.progress.LoggerChunkProgressListener/]: Preparing spawn area: 15%
[18May2025 00:30:43.006] [Worker-Main-1/INFO] [net.minecraft.server.level.progress.LoggerChunkProgressListener/]: Preparing spawn area: 15%
[18May2025 00:30:43.091] [Worker-Main-1/DEBUG] [io.netty.util.internal.ThreadLocalRandom/]: -Dio.netty.initialSeedUniquifier: 0x315c67c66fae8c3a
[18May2025 00:30:43.544] [Worker-Main-1/INFO] [net.minecraft.server.level.progress.LoggerChunkProgressListener/]: Preparing spawn area: 89%
[18May2025 00:30:45.727] [Server thread/INFO] [net.minecraft.server.level.progress.LoggerChunkProgressListener/]: Time elapsed: 75800 ms
[18May2025 00:30:45.728] [Server thread/INFO] [net.minecraft.server.dedicated.DedicatedServer/]: Done (96.593s)! For help, type "help"
[18May2025 00:30:45.748] [Server thread/DEBUG] [net.minecraftforge.network.DualStackUtils/]: Detected IPv6 address: "0:0:0:0:0:0:0:0"
[18May2025 00:30:45.796] [Server thread/DEBUG] [net.minecraftforge.common.ForgeI18n/CORE]: Loading I18N data entries: 2977
[18May2025 00:30:45.802] [Server thread/INFO] [net.minecraftforge.server.permission.PermissionAPI/]: Successfully initialized permission handler forge:default_handler
[18May2025 00:30:45.803] [Server thread/INFO] [boomcow.minezero.MineZero/]: HELLO from server starting
[18May2025 00:35:12.015] [Netty Epoll Server IO #1/DEBUG] [io.netty.util.Recycler/]: -Dio.netty.recycler.maxCapacityPerThread: 4096
[18May2025 00:35:12.015] [Netty Epoll Server IO #1/DEBUG] [io.netty.util.Recycler/]: -Dio.netty.recycler.ratio: 8
[18May2025 00:35:12.016] [Netty Epoll Server IO #1/DEBUG] [io.netty.util.Recycler/]: -Dio.netty.recycler.chunkSize: 32
[18May2025 00:35:12.016] [Netty Epoll Server IO #1/DEBUG] [io.netty.util.Recycler/]: -Dio.netty.recycler.blocking: false
[18May2025 00:35:14.363] [Netty Epoll Server IO #2/DEBUG] [net.minecraftforge.network.HandshakeHandler/FMLHANDSHAKE]: Starting new modded impl connection. Found 26 messages to dispatch.
[18May2025 00:35:14.404] [Server thread/DEBUG] [net.minecraftforge.network.HandshakeHandler/FMLHANDSHAKE]: Sending ticking packet info 'net.minecraftforge.network.HandshakeMessages$S2CModData' to 'fml:handshake' sequence 0
[18May2025 00:35:14.454] [Server thread/DEBUG] [net.minecraftforge.network.HandshakeHandler/FMLHANDSHAKE]: Sending ticking packet info 'net.minecraftforge.network.HandshakeMessages$S2CModList' to 'fml:handshake' sequence 1
[18May2025 00:35:14.504] [Server thread/DEBUG] [net.minecraftforge.network.HandshakeHandler/FMLHANDSHAKE]: Sending ticking packet info 'Registry minecraft:command_argument_type' to 'fml:handshake' sequence 2
[18May2025 00:35:14.554] [Server thread/DEBUG] [net.minecraftforge.network.HandshakeHandler/FMLHANDSHAKE]: Sending ticking packet info 'Registry minecraft:recipe_serializer' to 'fml:handshake' sequence 3
[18May2025 00:35:14.604] [Server thread/DEBUG] [net.minecraftforge.network.HandshakeHandler/FMLHANDSHAKE]: Sending ticking packet info 'Registry minecraft:sound_event' to 'fml:handshake' sequence 4
[18May2025 00:35:14.654] [Server thread/DEBUG] [net.minecraftforge.network.HandshakeHandler/FMLHANDSHAKE]: Sending ticking packet info 'Registry minecraft:particle_type' to 'fml:handshake' sequence 5
[18May2025 00:35:14.704] [Server thread/DEBUG] [net.minecraftforge.network.HandshakeHandler/FMLHANDSHAKE]: Sending ticking packet info 'Registry minecraft:villager_profession' to 'fml:handshake' sequence 6
[18May2025 00:35:14.755] [Server thread/DEBUG] [net.minecraftforge.network.HandshakeHandler/FMLHANDSHAKE]: Sending ticking packet info 'Registry minecraft:item' to 'fml:handshake' sequence 7
[18May2025 00:35:14.760] [Netty Epoll Server IO #2/DEBUG] [net.minecraftforge.network.LoginWrapper/FMLHANDSHAKE]: Recieved login wrapper packet event for channel fml:handshake with index 1
[18May2025 00:35:14.763] [Netty Epoll Server IO #2/DEBUG] [net.minecraftforge.network.HandshakeHandler/FMLHANDSHAKE]: Received client indexed reply 1 of type net.minecraftforge.network.HandshakeMessages$C2SModListReply
[18May2025 00:35:14.763] [Netty Epoll Server IO #2/DEBUG] [net.minecraftforge.network.HandshakeHandler/FMLHANDSHAKE]: Received client connection with modlist [minecraft, geckolib, watching, tacz, betterfpsdist, doctor_nowhere, clumps, modernfix, citadel, alexscaves, entityculling, doppelgangermod, befalltwo, canary, mixinextras, immediatelyfast, cave_dweller, ferritecore, embeddium_extra, cupboard, minezero, fpsreducer, memoryleakfix, the_anomaly, goat_man, forge, the_aberration, embeddium, rubidium, the_boiled_one]
[18May2025 00:35:14.764] [Netty Epoll Server IO #2/DEBUG] [net.minecraftforge.network.NetworkRegistry/NETREGISTRY]: Channel 'fml:loginwrapper' : Version test of 'FML3' from client : ACCEPTED
[18May2025 00:35:14.764] [Netty Epoll Server IO #2/DEBUG] [net.minecraftforge.network.NetworkRegistry/NETREGISTRY]: Channel 'forge:tier_sorting' : Version test of '1.0' from client : ACCEPTED
[18May2025 00:35:14.764] [Netty Epoll Server IO #2/DEBUG] [net.minecraftforge.network.NetworkRegistry/NETREGISTRY]: Channel 'the_anomaly:the_anomaly' : Version test of '1' from client : ACCEPTED
[18May2025 00:35:14.764] [Netty Epoll Server IO #2/DEBUG] [net.minecraftforge.network.NetworkRegistry/NETREGISTRY]: Channel 'alexscaves:main_channel' : Version test of '1' from client : ACCEPTED
[18May2025 00:35:14.765] [Netty Epoll Server IO #2/DEBUG] [net.minecraftforge.network.NetworkRegistry/NETREGISTRY]: Channel 'minecraft:unregister' : Version test of 'FML3' from client : ACCEPTED
[18May2025 00:35:14.765] [Netty Epoll Server IO #2/DEBUG] [net.minecraftforge.network.NetworkRegistry/NETREGISTRY]: Channel 'fml:play' : Version test of 'FML3' from client : ACCEPTED
[18May2025 00:35:14.765] [Netty Epoll Server IO #2/DEBUG] [net.minecraftforge.network.NetworkRegistry/NETREGISTRY]: Channel 'doppelgangermod:doppelgangermod' : Version test of '1' from client : ACCEPTED
[18May2025 00:35:14.765] [Netty Epoll Server IO #2/DEBUG] [net.minecraftforge.network.NetworkRegistry/NETREGISTRY]: Channel 'citadel:main_channel' : Version test of '1' from client : ACCEPTED
[18May2025 00:35:14.765] [Netty Epoll Server IO #2/DEBUG] [net.minecraftforge.network.NetworkRegistry/NETREGISTRY]: Channel 'befalltwo:befalltwo' : Version test of '1' from client : ACCEPTED
[18May2025 00:35:14.765] [Netty Epoll Server IO #2/DEBUG] [net.minecraftforge.network.NetworkRegistry/NETREGISTRY]: Channel 'fml:handshake' : Version test of 'FML3' from client : ACCEPTED
[18May2025 00:35:14.765] [Netty Epoll Server IO #2/DEBUG] [net.minecraftforge.network.NetworkRegistry/NETREGISTRY]: Channel 'tacz:handshake' : Version test of '1.0.4' from client : ACCEPTED
[18May2025 00:35:14.765] [Netty Epoll Server IO #2/DEBUG] [net.minecraftforge.network.NetworkRegistry/NETREGISTRY]: Channel 'the_aberration:the_aberration' : Version test of '1' from client : ACCEPTED
[18May2025 00:35:14.765] [Netty Epoll Server IO #2/DEBUG] [net.minecraftforge.network.NetworkRegistry/NETREGISTRY]: Channel 'doctor_nowhere:doctor_nowhere' : Version test of '1' from client : ACCEPTED
[18May2025 00:35:14.765] [Netty Epoll Server IO #2/DEBUG] [net.minecraftforge.network.NetworkRegistry/NETREGISTRY]: Channel 'goat_man:main' : Version test of '2' from client : ACCEPTED
[18May2025 00:35:14.765] [Netty Epoll Server IO #2/DEBUG] [net.minecraftforge.network.NetworkRegistry/NETREGISTRY]: Channel 'minecraft:register' : Version test of 'FML3' from client : ACCEPTED
[18May2025 00:35:14.766] [Netty Epoll Server IO #2/DEBUG] [net.minecraftforge.network.NetworkRegistry/NETREGISTRY]: Channel 'forge:split' : Version test of '1.1' from client : ACCEPTED
[18May2025 00:35:14.766] [Netty Epoll Server IO #2/DEBUG] [net.minecraftforge.network.NetworkRegistry/NETREGISTRY]: Channel 'tacz:network' : Version test of '1.0.4' from client : ACCEPTED
[18May2025 00:35:14.766] [Netty Epoll Server IO #2/DEBUG] [net.minecraftforge.network.NetworkRegistry/NETREGISTRY]: Channel 'cave_dweller:main' : Version test of '2' from client : ACCEPTED
[18May2025 00:35:14.766] [Netty Epoll Server IO #2/DEBUG] [net.minecraftforge.network.NetworkRegistry/NETREGISTRY]: Channel 'geckolib:main' : Version test of '1' from client : ACCEPTED
[18May2025 00:35:14.766] [Netty Epoll Server IO #2/DEBUG] [net.minecraftforge.network.NetworkRegistry/NETREGISTRY]: Channel 'the_boiled_one:the_boiled_one' : Version test of '1' from client : ACCEPTED
[18May2025 00:35:14.766] [Netty Epoll Server IO #2/DEBUG] [net.minecraftforge.network.NetworkRegistry/NETREGISTRY]: Accepting channel list from client
[18May2025 00:35:14.767] [Netty Epoll Server IO #2/DEBUG] [net.minecraftforge.network.HandshakeHandler/FMLHANDSHAKE]: Accepted client connection mod list
[18May2025 00:35:14.769] [Netty Epoll Server IO #2/DEBUG] [net.minecraftforge.network.LoginWrapper/FMLHANDSHAKE]: Recieved login wrapper packet event for channel fml:handshake with index 2
[18May2025 00:35:14.769] [Netty Epoll Server IO #2/DEBUG] [net.minecraftforge.network.HandshakeHandler/FMLHANDSHAKE]: Received client indexed reply 2 of type net.minecraftforge.network.HandshakeMessages$C2SAcknowledge
[18May2025 00:35:14.770] [Netty Epoll Server IO #2/DEBUG] [net.minecraftforge.network.HandshakeHandler/FMLHANDSHAKE]: Received acknowledgement from client
[18May2025 00:35:14.804] [Server thread/DEBUG] [net.minecraftforge.network.HandshakeHandler/FMLHANDSHAKE]: Sending ticking packet info 'Registry minecraft:potion' to 'fml:handshake' sequence 8
[18May2025 00:35:14.822] [Netty Epoll Server IO #2/DEBUG] [net.minecraftforge.network.LoginWrapper/FMLHANDSHAKE]: Recieved login wrapper packet event for channel fml:handshake with index 3
[18May2025 00:35:14.822] [Netty Epoll Server IO #2/DEBUG] [net.minecraftforge.network.HandshakeHandler/FMLHANDSHAKE]: Received client indexed reply 3 of type net.minecraftforge.network.HandshakeMessages$C2SAcknowledge
[18May2025 00:35:14.822] [Netty Epoll Server IO #2/DEBUG] [net.minecraftforge.network.HandshakeHandler/FMLHANDSHAKE]: Received acknowledgement from client
[18May2025 00:35:14.855] [Server thread/DEBUG] [net.minecraftforge.network.HandshakeHandler/FMLHANDSHAKE]: Sending ticking packet info 'Registry minecraft:painting_variant' to 'fml:handshake' sequence 9
[18May2025 00:35:14.904] [Server thread/DEBUG] [net.minecraftforge.network.HandshakeHandler/FMLHANDSHAKE]: Sending ticking packet info 'Registry forge:fluid_type' to 'fml:handshake' sequence 10
[18May2025 00:35:14.954] [Server thread/DEBUG] [net.minecraftforge.network.HandshakeHandler/FMLHANDSHAKE]: Sending ticking packet info 'Registry minecraft:block_entity_type' to 'fml:handshake' sequence 11
[18May2025 00:35:15.004] [Server thread/DEBUG] [net.minecraftforge.network.HandshakeHandler/FMLHANDSHAKE]: Sending ticking packet info 'Registry forge:display_contexts' to 'fml:handshake' sequence 12
[18May2025 00:35:15.054] [Server thread/DEBUG] [net.minecraftforge.network.HandshakeHandler/FMLHANDSHAKE]: Sending ticking packet info 'Registry minecraft:block' to 'fml:handshake' sequence 13
[18May2025 00:35:15.104] [Server thread/DEBUG] [net.minecraftforge.network.HandshakeHandler/FMLHANDSHAKE]: Sending ticking packet info 'Registry forge:entity_data_serializers' to 'fml:handshake' sequence 14
[18May2025 00:35:15.154] [Server thread/DEBUG] [net.minecraftforge.network.HandshakeHandler/FMLHANDSHAKE]: Sending ticking packet info 'Registry minecraft:mob_effect' to 'fml:handshake' sequence 15
[18May2025 00:35:15.204] [Server thread/DEBUG] [net.minecraftforge.network.HandshakeHandler/FMLHANDSHAKE]: Sending ticking packet info 'Registry minecraft:stat_type' to 'fml:handshake' sequence 16
[18May2025 00:35:15.254] [Server thread/DEBUG] [net.minecraftforge.network.HandshakeHandler/FMLHANDSHAKE]: Sending ticking packet info 'Registry minecraft:menu' to 'fml:handshake' sequence 17
[18May2025 00:35:15.304] [Server thread/DEBUG] [net.minecraftforge.network.HandshakeHandler/FMLHANDSHAKE]: Sending ticking packet info 'Registry minecraft:enchantment' to 'fml:handshake' sequence 18
[18May2025 00:35:15.354] [Server thread/DEBUG] [net.minecraftforge.network.HandshakeHandler/FMLHANDSHAKE]: Sending ticking packet info 'Registry minecraft:fluid' to 'fml:handshake' sequence 19
[18May2025 00:35:15.404] [Server thread/DEBUG] [net.minecraftforge.network.HandshakeHandler/FMLHANDSHAKE]: Sending ticking packet info 'Registry minecraft:entity_type' to 'fml:handshake' sequence 20
[18May2025 00:35:15.454] [Server thread/DEBUG] [net.minecraftforge.network.HandshakeHandler/FMLHANDSHAKE]: Sending ticking packet info 'Config cave_dweller-server.toml' to 'fml:handshake' sequence 21
[18May2025 00:35:15.504] [Server thread/DEBUG] [net.minecraftforge.network.HandshakeHandler/FMLHANDSHAKE]: Sending ticking packet info 'Config tacz-server.toml' to 'fml:handshake' sequence 22
[18May2025 00:35:15.554] [Server thread/DEBUG] [net.minecraftforge.network.HandshakeHandler/FMLHANDSHAKE]: Sending ticking packet info 'Config forge-server.toml' to 'fml:handshake' sequence 23
[18May2025 00:35:15.604] [Server thread/DEBUG] [net.minecraftforge.network.HandshakeHandler/FMLHANDSHAKE]: Sending ticking packet info 'Config goat_man-server.toml' to 'fml:handshake' sequence 24
[18May2025 00:35:15.654] [Server thread/DEBUG] [net.minecraftforge.network.HandshakeHandler/FMLHANDSHAKE]: Sending ticking packet info 'com.tacz.guns.network.message.handshake.ServerMessageSyncedEntityDataMapping' to 'tacz:handshake' sequence 25
[18May2025 00:35:15.683] [Netty Epoll Server IO #2/DEBUG] [net.minecraftforge.network.LoginWrapper/FMLHANDSHAKE]: Recieved login wrapper packet event for channel fml:handshake with index 4
[18May2025 00:35:15.683] [Netty Epoll Server IO #2/DEBUG] [net.minecraftforge.network.HandshakeHandler/FMLHANDSHAKE]: Received client indexed reply 4 of type net.minecraftforge.network.HandshakeMessages$C2SAcknowledge
[18May2025 00:35:15.683] [Netty Epoll Server IO #2/DEBUG] [net.minecraftforge.network.HandshakeHandler/FMLHANDSHAKE]: Received acknowledgement from client
[18May2025 00:35:15.683] [Netty Epoll Server IO #2/DEBUG] [net.minecraftforge.network.LoginWrapper/FMLHANDSHAKE]: Recieved login wrapper packet event for channel fml:handshake with index 5
[18May2025 00:35:15.683] [Netty Epoll Server IO #2/DEBUG] [net.minecraftforge.network.HandshakeHandler/FMLHANDSHAKE]: Received client indexed reply 5 of type net.minecraftforge.network.HandshakeMessages$C2SAcknowledge
[18May2025 00:35:15.683] [Netty Epoll Server IO #2/DEBUG] [net.minecraftforge.network.HandshakeHandler/FMLHANDSHAKE]: Received acknowledgement from client
[18May2025 00:35:15.684] [Netty Epoll Server IO #2/DEBUG] [net.minecraftforge.network.LoginWrapper/FMLHANDSHAKE]: Recieved login wrapper packet event for channel fml:handshake with index 6
[18May2025 00:35:15.684] [Netty Epoll Server IO #2/DEBUG] [net.minecraftforge.network.HandshakeHandler/FMLHANDSHAKE]: Received client indexed reply 6 of type net.minecraftforge.network.HandshakeMessages$C2SAcknowledge
[18May2025 00:35:15.684] [Netty Epoll Server IO #2/DEBUG] [net.minecraftforge.network.HandshakeHandler/FMLHANDSHAKE]: Received acknowledgement from client
[18May2025 00:35:15.794] [Netty Epoll Server IO #2/DEBUG] [net.minecraftforge.network.LoginWrapper/FMLHANDSHAKE]: Recieved login wrapper packet event for channel fml:handshake with index 7
[18May2025 00:35:15.795] [Netty Epoll Server IO #2/DEBUG] [net.minecraftforge.network.HandshakeHandler/FMLHANDSHAKE]: Received client indexed reply 7 of type net.minecraftforge.network.HandshakeMessages$C2SAcknowledge
[18May2025 00:35:15.795] [Netty Epoll Server IO #2/DEBUG] [net.minecraftforge.network.HandshakeHandler/FMLHANDSHAKE]: Received acknowledgement from client
[18May2025 00:35:15.795] [Netty Epoll Server IO #2/DEBUG] [net.minecraftforge.network.LoginWrapper/FMLHANDSHAKE]: Recieved login wrapper packet event for channel fml:handshake with index 8
[18May2025 00:35:15.795] [Netty Epoll Server IO #2/DEBUG] [net.minecraftforge.network.HandshakeHandler/FMLHANDSHAKE]: Received client indexed reply 8 of type net.minecraftforge.network.HandshakeMessages$C2SAcknowledge
[18May2025 00:35:15.795] [Netty Epoll Server IO #2/DEBUG] [net.minecraftforge.network.HandshakeHandler/FMLHANDSHAKE]: Received acknowledgement from client
[18May2025 00:35:15.796] [Netty Epoll Server IO #2/DEBUG] [net.minecraftforge.network.LoginWrapper/FMLHANDSHAKE]: Recieved login wrapper packet event for channel fml:handshake with index 9
[18May2025 00:35:15.796] [Netty Epoll Server IO #2/DEBUG] [net.minecraftforge.network.HandshakeHandler/FMLHANDSHAKE]: Received client indexed reply 9 of type net.minecraftforge.network.HandshakeMessages$C2SAcknowledge
[18May2025 00:35:15.796] [Netty Epoll Server IO #2/DEBUG] [net.minecraftforge.network.HandshakeHandler/FMLHANDSHAKE]: Received acknowledgement from client
[18May2025 00:35:15.796] [Netty Epoll Server IO #2/DEBUG] [net.minecraftforge.network.LoginWrapper/FMLHANDSHAKE]: Recieved login wrapper packet event for channel fml:handshake with index 10
[18May2025 00:35:15.796] [Netty Epoll Server IO #2/DEBUG] [net.minecraftforge.network.HandshakeHandler/FMLHANDSHAKE]: Received client indexed reply 10 of type net.minecraftforge.network.HandshakeMessages$C2SAcknowledge
[18May2025 00:35:15.796] [Netty Epoll Server IO #2/DEBUG] [net.minecraftforge.network.HandshakeHandler/FMLHANDSHAKE]: Received acknowledgement from client
[18May2025 00:35:15.797] [Netty Epoll Server IO #2/DEBUG] [net.minecraftforge.network.LoginWrapper/FMLHANDSHAKE]: Recieved login wrapper packet event for channel fml:handshake with index 11
[18May2025 00:35:15.797] [Netty Epoll Server IO #2/DEBUG] [net.minecraftforge.network.HandshakeHandler/FMLHANDSHAKE]: Received client indexed reply 11 of type net.minecraftforge.network.HandshakeMessages$C2SAcknowledge
[18May2025 00:35:15.797] [Netty Epoll Server IO #2/DEBUG] [net.minecraftforge.network.HandshakeHandler/FMLHANDSHAKE]: Received acknowledgement from client
[18May2025 00:35:15.797] [Netty Epoll Server IO #2/DEBUG] [net.minecraftforge.network.LoginWrapper/FMLHANDSHAKE]: Recieved login wrapper packet event for channel fml:handshake with index 12
[18May2025 00:35:15.797] [Netty Epoll Server IO #2/DEBUG] [net.minecraftforge.network.HandshakeHandler/FMLHANDSHAKE]: Received client indexed reply 12 of type net.minecraftforge.network.HandshakeMessages$C2SAcknowledge
[18May2025 00:35:15.797] [Netty Epoll Server IO #2/DEBUG] [net.minecraftforge.network.HandshakeHandler/FMLHANDSHAKE]: Received acknowledgement from client
[18May2025 00:35:16.095] [Netty Epoll Server IO #2/DEBUG] [net.minecraftforge.network.LoginWrapper/FMLHANDSHAKE]: Recieved login wrapper packet event for channel fml:handshake with index 13
[18May2025 00:35:16.095] [Netty Epoll Server IO #2/DEBUG] [net.minecraftforge.network.HandshakeHandler/FMLHANDSHAKE]: Received client indexed reply 13 of type net.minecraftforge.network.HandshakeMessages$C2SAcknowledge
[18May2025 00:35:16.095] [Netty Epoll Server IO #2/DEBUG] [net.minecraftforge.network.HandshakeHandler/FMLHANDSHAKE]: Received acknowledgement from client
[18May2025 00:35:16.095] [Netty Epoll Server IO #2/DEBUG] [net.minecraftforge.network.LoginWrapper/FMLHANDSHAKE]: Recieved login wrapper packet event for channel fml:handshake with index 14
[18May2025 00:35:16.095] [Netty Epoll Server IO #2/DEBUG] [net.minecraftforge.network.HandshakeHandler/FMLHANDSHAKE]: Received client indexed reply 14 of type net.minecraftforge.network.HandshakeMessages$C2SAcknowledge
[18May2025 00:35:16.095] [Netty Epoll Server IO #2/DEBUG] [net.minecraftforge.network.HandshakeHandler/FMLHANDSHAKE]: Received acknowledgement from client
[18May2025 00:35:16.096] [Netty Epoll Server IO #2/DEBUG] [net.minecraftforge.network.LoginWrapper/FMLHANDSHAKE]: Recieved login wrapper packet event for channel fml:handshake with index 15
[18May2025 00:35:16.096] [Netty Epoll Server IO #2/DEBUG] [net.minecraftforge.network.HandshakeHandler/FMLHANDSHAKE]: Received client indexed reply 15 of type net.minecraftforge.network.HandshakeMessages$C2SAcknowledge
[18May2025 00:35:16.096] [Netty Epoll Server IO #2/DEBUG] [net.minecraftforge.network.HandshakeHandler/FMLHANDSHAKE]: Received acknowledgement from client
[18May2025 00:35:16.096] [Netty Epoll Server IO #2/DEBUG] [net.minecraftforge.network.LoginWrapper/FMLHANDSHAKE]: Recieved login wrapper packet event for channel fml:handshake with index 16
[18May2025 00:35:16.096] [Netty Epoll Server IO #2/DEBUG] [net.minecraftforge.network.HandshakeHandler/FMLHANDSHAKE]: Received client indexed reply 16 of type net.minecraftforge.network.HandshakeMessages$C2SAcknowledge
[18May2025 00:35:16.096] [Netty Epoll Server IO #2/DEBUG] [net.minecraftforge.network.HandshakeHandler/FMLHANDSHAKE]: Received acknowledgement from client
[18May2025 00:35:16.097] [Netty Epoll Server IO #2/DEBUG] [net.minecraftforge.network.LoginWrapper/FMLHANDSHAKE]: Recieved login wrapper packet event for channel fml:handshake with index 17
[18May2025 00:35:16.097] [Netty Epoll Server IO #2/DEBUG] [net.minecraftforge.network.HandshakeHandler/FMLHANDSHAKE]: Received client indexed reply 17 of type net.minecraftforge.network.HandshakeMessages$C2SAcknowledge
[18May2025 00:35:16.097] [Netty Epoll Server IO #2/DEBUG] [net.minecraftforge.network.HandshakeHandler/FMLHANDSHAKE]: Received acknowledgement from client
[18May2025 00:35:16.097] [Netty Epoll Server IO #2/DEBUG] [net.minecraftforge.network.LoginWrapper/FMLHANDSHAKE]: Recieved login wrapper packet event for channel fml:handshake with index 18
[18May2025 00:35:16.097] [Netty Epoll Server IO #2/DEBUG] [net.minecraftforge.network.HandshakeHandler/FMLHANDSHAKE]: Received client indexed reply 18 of type net.minecraftforge.network.HandshakeMessages$C2SAcknowledge
[18May2025 00:35:16.097] [Netty Epoll Server IO #2/DEBUG] [net.minecraftforge.network.HandshakeHandler/FMLHANDSHAKE]: Received acknowledgement from client
[18May2025 00:35:16.097] [Netty Epoll Server IO #2/DEBUG] [net.minecraftforge.network.LoginWrapper/FMLHANDSHAKE]: Recieved login wrapper packet event for channel fml:handshake with index 19
[18May2025 00:35:16.097] [Netty Epoll Server IO #2/DEBUG] [net.minecraftforge.network.HandshakeHandler/FMLHANDSHAKE]: Received client indexed reply 19 of type net.minecraftforge.network.HandshakeMessages$C2SAcknowledge
[18May2025 00:35:16.097] [Netty Epoll Server IO #2/DEBUG] [net.minecraftforge.network.HandshakeHandler/FMLHANDSHAKE]: Received acknowledgement from client
[18May2025 00:35:16.429] [Netty Epoll Server IO #2/DEBUG] [net.minecraftforge.network.LoginWrapper/FMLHANDSHAKE]: Recieved login wrapper packet event for channel fml:handshake with index 20
[18May2025 00:35:16.430] [Netty Epoll Server IO #2/DEBUG] [net.minecraftforge.network.HandshakeHandler/FMLHANDSHAKE]: Received client indexed reply 20 of type net.minecraftforge.network.HandshakeMessages$C2SAcknowledge
[18May2025 00:35:16.430] [Netty Epoll Server IO #2/DEBUG] [net.minecraftforge.network.HandshakeHandler/FMLHANDSHAKE]: Received acknowledgement from client
[18May2025 00:35:16.431] [Netty Epoll Server IO #2/DEBUG] [net.minecraftforge.network.LoginWrapper/FMLHANDSHAKE]: Recieved login wrapper packet event for channel fml:handshake with index 21
[18May2025 00:35:16.431] [Netty Epoll Server IO #2/DEBUG] [net.minecraftforge.network.HandshakeHandler/FMLHANDSHAKE]: Received client indexed reply 21 of type net.minecraftforge.network.HandshakeMessages$C2SAcknowledge
[18May2025 00:35:16.431] [Netty Epoll Server IO #2/DEBUG] [net.minecraftforge.network.HandshakeHandler/FMLHANDSHAKE]: Received acknowledgement from client
[18May2025 00:35:16.431] [Netty Epoll Server IO #2/DEBUG] [net.minecraftforge.network.LoginWrapper/FMLHANDSHAKE]: Recieved login wrapper packet event for channel fml:handshake with index 22
[18May2025 00:35:16.432] [Netty Epoll Server IO #2/DEBUG] [net.minecraftforge.network.HandshakeHandler/FMLHANDSHAKE]: Received client indexed reply 22 of type net.minecraftforge.network.HandshakeMessages$C2SAcknowledge
[18May2025 00:35:16.432] [Netty Epoll Server IO #2/DEBUG] [net.minecraftforge.network.HandshakeHandler/FMLHANDSHAKE]: Received acknowledgement from client
[18May2025 00:35:16.432] [Netty Epoll Server IO #2/DEBUG] [net.minecraftforge.network.LoginWrapper/FMLHANDSHAKE]: Recieved login wrapper packet event for channel fml:handshake with index 23
[18May2025 00:35:16.432] [Netty Epoll Server IO #2/DEBUG] [net.minecraftforge.network.HandshakeHandler/FMLHANDSHAKE]: Received client indexed reply 23 of type net.minecraftforge.network.HandshakeMessages$C2SAcknowledge
[18May2025 00:35:16.432] [Netty Epoll Server IO #2/DEBUG] [net.minecraftforge.network.HandshakeHandler/FMLHANDSHAKE]: Received acknowledgement from client
[18May2025 00:35:16.432] [Netty Epoll Server IO #2/DEBUG] [net.minecraftforge.network.LoginWrapper/FMLHANDSHAKE]: Recieved login wrapper packet event for channel fml:handshake with index 24
[18May2025 00:35:16.432] [Netty Epoll Server IO #2/DEBUG] [net.minecraftforge.network.HandshakeHandler/FMLHANDSHAKE]: Received client indexed reply 24 of type net.minecraftforge.network.HandshakeMessages$C2SAcknowledge
[18May2025 00:35:16.432] [Netty Epoll Server IO #2/DEBUG] [net.minecraftforge.network.HandshakeHandler/FMLHANDSHAKE]: Received acknowledgement from client
[18May2025 00:35:16.486] [Netty Epoll Server IO #2/DEBUG] [net.minecraftforge.network.LoginWrapper/FMLHANDSHAKE]: Recieved login wrapper packet event for channel tacz:handshake with index 25
[18May2025 00:35:16.486] [Netty Epoll Server IO #2/DEBUG] [net.minecraftforge.network.HandshakeHandler/FMLHANDSHAKE]: Received client indexed reply 25 of type com.tacz.guns.network.message.handshake.Acknowledge
[18May2025 00:35:16.486] [Netty Epoll Server IO #2/DEBUG] [tacz/HANDSHAKE_ACKNOWLEDGE]: Received acknowledgement from client
[18May2025 00:35:16.504] [Server thread/DEBUG] [net.minecraftforge.network.HandshakeHandler/FMLHANDSHAKE]: Handshake complete!
[18May2025 00:35:16.572] [Server thread/DEBUG] [mixin/]: Mixing FoodDataMixin from alexscaves.mixins.json into net.minecraft.world.food.FoodData
[18May2025 00:35:16.625] [Server thread/INFO] [net.minecraft.server.players.PlayerList/]: Reinhard_VA[/[::1]:56828] logged in with entity id 296 at (-0.5, 129.0, -8.5)
[18May2025 00:35:16.647] [Server thread/DEBUG] [net.minecraftforge.network.filters.NetworkFilters/]: Injected net.minecraftforge.network.filters.ForgeConnectionNetworkFilter@2a2bbfaa into net.minecraft.network.Connection@1d74c436
[18May2025 00:35:16.849] [Server thread/INFO] [net.minecraft.server.MinecraftServer/]: Reinhard_VA joined the game
[18May2025 00:35:17.505] [Server thread/WARN] [net.minecraft.server.level.ServerLevel/]: Tried to add entity the_anomaly:anomaly_viewer but it was marked as removed already
[18May2025 00:35:17.779] [Server thread/WARN] [net.minecraft.server.level.ServerLevel/]: Tried to add entity the_anomaly:anomaly_trap but it was marked as removed already
[18May2025 00:35:18.151] [Server thread/DEBUG] [tacz/SYNC_BASE_TIMESTAMP]: Update server base timestamp: 1747528518135
[18May2025 00:35:18.215] [Server thread/WARN] [net.minecraft.server.level.ServerLevel/]: Tried to add entity the_anomaly:anomaly_viewer but it was marked as removed already
[18May2025 00:35:19.338] [Server thread/WARN] [net.minecraft.server.level.ServerLevel/]: Tried to add entity the_anomaly:anomaly_trap but it was marked as removed already
[18May2025 00:35:19.669] [Server thread/WARN] [net.minecraft.server.level.ServerLevel/]: Tried to add entity the_anomaly:anomaly_viewer but it was marked as removed already
[18May2025 00:35:19.784] [Server thread/WARN] [net.minecraft.server.level.ServerLevel/]: Tried to add entity the_anomaly:anomaly_trap but it was marked as removed already
[18May2025 00:35:19.836] [Server thread/WARN] [net.minecraft.server.level.ServerLevel/]: Tried to add entity the_anomaly:anomaly_viewer but it was marked as removed already
[18May2025 00:35:20.915] [Server thread/WARN] [net.minecraft.server.level.ServerLevel/]: Tried to add entity the_anomaly:anomaly_viewer but it was marked as removed already
[18May2025 00:35:20.940] [Server thread/WARN] [net.minecraft.server.level.ServerLevel/]: Tried to add entity the_anomaly:anomaly_viewer but it was marked as removed already
[18May2025 00:35:20.970] [Server thread/WARN] [net.minecraft.server.level.ServerLevel/]: Tried to add entity the_anomaly:anomaly_viewer but it was marked as removed already
[18May2025 00:35:21.031] [Server thread/WARN] [net.minecraft.server.level.ServerLevel/]: Tried to add entity the_anomaly:anomaly_viewer but it was marked as removed already
[18May2025 00:35:21.508] [Server thread/WARN] [net.minecraft.server.level.ServerLevel/]: Tried to add entity the_anomaly:anomaly_viewer but it was marked as removed already
[18May2025 00:35:21.782] [Server thread/WARN] [net.minecraft.server.level.ServerLevel/]: Tried to add entity the_anomaly:anomaly_viewer but it was marked as removed already
[18May2025 00:35:21.868] [Server thread/WARN] [net.minecraft.server.level.ServerLevel/]: Tried to add entity the_anomaly:anomaly_viewer but it was marked as removed already
[18May2025 00:35:21.920] [Server thread/WARN] [net.minecraft.server.level.ServerLevel/]: Tried to add entity the_anomaly:anomaly_visitor_2 but it was marked as removed already
[18May2025 00:35:22.017] [Server thread/WARN] [net.minecraft.server.level.ServerLevel/]: Tried to add entity the_anomaly:anomaly_viewer but it was marked as removed already
[18May2025 00:35:22.021] [Server thread/WARN] [net.minecraft.server.level.ServerLevel/]: Tried to add entity the_anomaly:anomaly_visitor but it was marked as removed already
[18May2025 00:35:22.347] [Server thread/WARN] [net.minecraft.server.level.ServerLevel/]: Tried to add entity the_anomaly:anomaly_escape but it was marked as removed already
[18May2025 00:35:22.477] [Server thread/WARN] [net.minecraft.server.level.ServerLevel/]: Tried to add entity the_anomaly:anomaly_trap but it was marked as removed already
[18May2025 00:35:22.483] [Server thread/WARN] [net.minecraft.server.level.ServerLevel/]: Tried to add entity the_anomaly:anomaly_escape but it was marked as removed already
[18May2025 00:35:22.492] [Server thread/WARN] [net.minecraft.server.level.ServerLevel/]: Tried to add entity the_anomaly:anomaly_escape but it was marked as removed already
[18May2025 00:35:22.587] [Server thread/WARN] [net.minecraft.server.level.ServerLevel/]: Tried to add entity the_aberration:stalking but it was marked as removed already
[18May2025 00:35:22.651] [Server thread/WARN] [net.minecraft.server.level.ServerLevel/]: Tried to add entity the_anomaly:anomaly_viewer but it was marked as removed already
[18May2025 00:35:22.861] [Server thread/WARN] [net.minecraft.server.level.ServerLevel/]: Tried to add entity the_anomaly:anomaly_viewer but it was marked as removed already
[18May2025 00:35:22.915] [Server thread/WARN] [net.minecraft.server.level.ServerLevel/]: Tried to add entity the_anomaly:anomaly_escape but it was marked as removed already
[18May2025 00:35:23.031] [Server thread/WARN] [net.minecraft.server.level.ServerLevel/]: Tried to add entity the_anomaly:anomaly_trap but it was marked as removed already
[18May2025 00:35:23.072] [Server thread/WARN] [net.minecraft.server.level.ServerLevel/]: Tried to add entity the_anomaly:anomaly_escape but it was marked as removed already
[18May2025 00:35:23.315] [Server thread/WARN] [net.minecraft.server.level.ServerLevel/]: Tried to add entity the_anomaly:anomaly_escape but it was marked as removed already
[18May2025 00:35:23.370] [Server thread/WARN] [net.minecraft.server.level.ServerLevel/]: Tried to add entity the_anomaly:anomaly_trap but it was marked as removed already
[18May2025 00:35:23.370] [Server thread/WARN] [net.minecraft.server.level.ServerLevel/]: Tried to add entity the_anomaly:anomaly_escape but it was marked as removed already
[18May2025 00:35:23.511] [Server thread/WARN] [net.minecraft.server.level.ServerLevel/]: Tried to add entity the_anomaly:anomaly_viewer but it was marked as removed already
[18May2025 00:35:23.666] [Server thread/WARN] [net.minecraft.server.level.ServerLevel/]: Tried to add entity the_anomaly:anomaly_escape but it was marked as removed already
[18May2025 00:35:23.705] [Server thread/WARN] [net.minecraft.server.level.ServerLevel/]: Tried to add entity the_anomaly:anomaly_trap but it was marked as removed already
[18May2025 00:35:23.877] [Server thread/WARN] [net.minecraft.server.level.ServerLevel/]: Tried to add entity the_anomaly:anomaly_trap but it was marked as removed already
[18May2025 00:35:24.110] [Server thread/WARN] [net.minecraft.server.level.ServerLevel/]: Tried to add entity the_anomaly:anomaly_trap but it was marked as removed already
[18May2025 00:35:24.318] [Server thread/WARN] [net.minecraft.server.level.ServerLevel/]: Tried to add entity the_anomaly:anomaly_viewer but it was marked as removed already
[18May2025 00:35:24.319] [Server thread/WARN] [net.minecraft.server.level.ServerLevel/]: Tried to add entity the_anomaly:anomaly_escape but it was marked as removed already
[18May2025 00:35:24.469] [Server thread/WARN] [net.minecraft.server.level.ServerLevel/]: Tried to add entity the_anomaly:anomaly_trap but it was marked as removed already
[18May2025 00:35:24.664] [Server thread/WARN] [net.minecraft.server.level.ServerLevel/]: Tried to add entity the_anomaly:anomaly_trap but it was marked as removed already
[18May2025 00:35:25.548] [Server thread/WARN] [net.minecraft.server.level.ServerLevel/]: Tried to add entity the_anomaly:anomaly_escape but it was marked as removed already
[18May2025 00:35:25.805] [Server thread/WARN] [net.minecraft.server.level.ServerLevel/]: Tried to add entity the_anomaly:anomaly_viewer but it was marked as removed already
[18May2025 00:35:25.859] [Server thread/WARN] [net.minecraft.server.level.ServerLevel/]: Tried to add entity the_anomaly:anomaly_trap but it was marked as removed already
[18May2025 00:35:25.958] [Server thread/WARN] [net.minecraft.server.level.ServerLevel/]: Tried to add entity the_anomaly:anomaly_visitor_2 but it was marked as removed already
[18May2025 00:35:26.165] [Server thread/WARN] [net.minecraft.server.level.ServerLevel/]: Tried to add entity the_anomaly:anomaly_viewer but it was marked as removed already
[18May2025 00:35:26.215] [Server thread/WARN] [net.minecraft.server.level.ServerLevel/]: Tried to add entity the_anomaly:anomaly_escape but it was marked as removed already
[18May2025 00:35:26.707] [Server thread/WARN] [net.minecraft.server.level.ServerLevel/]: Tried to add entity the_anomaly:anomaly_viewer but it was marked as removed already
[18May2025 00:35:27.115] [Server thread/WARN] [net.minecraft.server.level.ServerLevel/]: Tried to add entity the_anomaly:anomaly_trap but it was marked as removed already
[18May2025 00:35:27.371] [Server thread/WARN] [net.minecraft.server.level.ServerLevel/]: Tried to add entity the_anomaly:anomaly_viewer but it was marked as removed already
[18May2025 00:35:27.695] [Server thread/WARN] [net.minecraft.server.level.ServerLevel/]: Tried to add entity the_anomaly:anomaly_trap but it was marked as removed already
[18May2025 00:35:27.741] [Server thread/WARN] [net.minecraft.server.level.ServerLevel/]: Tried to add entity the_anomaly:anomaly_viewer but it was marked as removed already
[18May2025 00:35:27.760] [Server thread/WARN] [net.minecraft.server.level.ServerLevel/]: Tried to add entity the_anomaly:anomaly_viewer but it was marked as removed already
[18May2025 00:35:28.017] [Server thread/WARN] [net.minecraft.server.level.ServerLevel/]: Tried to add entity the_anomaly:anomaly_escape but it was marked as removed already
[18May2025 00:35:28.619] [Server thread/WARN] [net.minecraft.server.level.ServerLevel/]: Tried to add entity the_anomaly:anomaly_escape but it was marked as removed already
[18May2025 00:35:28.714] [Server thread/WARN] [net.minecraft.server.level.ServerLevel/]: Tried to add entity the_anomaly:anomaly_escape but it was marked as removed already
[18May2025 00:35:28.719] [Server thread/WARN] [net.minecraft.server.level.ServerLevel/]: Tried to add entity the_anomaly:anomaly_escape but it was marked as removed already
[18May2025 00:35:30.063] [Server thread/WARN] [net.minecraft.server.level.ServerLevel/]: Tried to add entity the_anomaly:anomaly_viewer but it was marked as removed already
[18May2025 00:35:30.220] [Server thread/WARN] [net.minecraft.server.level.ServerLevel/]: Tried to add entity the_anomaly:anomaly_trap but it was marked as removed already
[18May2025 00:35:30.314] [Server thread/WARN] [net.minecraft.server.level.ServerLevel/]: Tried to add entity the_anomaly:anomaly_visitor_2 but it was marked as removed already
[18May2025 00:35:30.358] [Server thread/WARN] [net.minecraft.server.level.ServerLevel/]: Tried to add entity the_anomaly:anomaly_trap but it was marked as removed already
[18May2025 00:35:30.654] [Server thread/WARN] [net.minecraft.server.level.ServerLevel/]: Tried to add entity the_anomaly:anomaly_escape but it was marked as removed already
[18May2025 00:35:30.807] [Server thread/WARN] [net.minecraft.server.level.ServerLevel/]: Tried to add entity the_anomaly:anomaly_viewer but it was marked as removed already
[18May2025 00:35:30.861] [Server thread/WARN] [net.minecraft.server.level.ServerLevel/]: Tried to add entity the_anomaly:anomaly_viewer but it was marked as removed already
[18May2025 00:35:31.066] [Server thread/WARN] [net.minecraft.server.level.ServerLevel/]: Tried to add entity the_anomaly:anomaly_escape but it was marked as removed already
[18May2025 00:35:31.066] [Server thread/WARN] [net.minecraft.server.level.ServerLevel/]: Tried to add entity the_anomaly:anomaly_trap but it was marked as removed already
[18May2025 00:35:31.221] [Server thread/WARN] [net.minecraft.server.level.ServerLevel/]: Tried to add entity the_anomaly:anomaly_viewer but it was marked as removed already
[18May2025 00:35:31.463] [Server thread/WARN] [net.minecraft.server.level.ServerLevel/]: Tried to add entity the_anomaly:anomaly_viewer but it was marked as removed already
[18May2025 00:35:31.535] [Server thread/WARN] [net.minecraft.server.level.ServerLevel/]: Tried to add entity the_anomaly:anomaly_escape but it was marked as removed already
[18May2025 00:35:31.657] [Server thread/WARN] [net.minecraft.server.level.ServerLevel/]: Tried to add entity the_anomaly:anomaly_viewer but it was marked as removed already
[18May2025 00:35:31.810] [Server thread/WARN] [net.minecraft.server.level.ServerLevel/]: Tried to add entity the_anomaly:anomaly_escape but it was marked as removed already
[18May2025 00:35:32.416] [Server thread/WARN] [net.minecraft.server.level.ServerLevel/]: Tried to add entity the_anomaly:anomaly_trap but it was marked as removed already
[18May2025 00:35:32.558] [Server thread/WARN] [net.minecraft.server.level.ServerLevel/]: Tried to add entity the_anomaly:anomaly_escape but it was marked as removed already
[18May2025 00:35:32.610] [Server thread/WARN] [net.minecraft.server.level.ServerLevel/]: Tried to add entity the_anomaly:anomaly_viewer but it was marked as removed already
[18May2025 00:35:33.258] [Server thread/WARN] [net.minecraft.server.level.ServerLevel/]: Tried to add entity the_anomaly:anomaly_escape but it was marked as removed already
[18May2025 00:35:33.304] [Server thread/WARN] [net.minecraft.server.level.ServerLevel/]: Tried to add entity the_anomaly:anomaly_trap but it was marked as removed already
[18May2025 00:35:33.313] [Server thread/WARN] [net.minecraft.server.level.ServerLevel/]: Tried to add entity the_anomaly:anomaly_trap but it was marked as removed already
[18May2025 00:35:33.857] [Server thread/WARN] [net.minecraft.server.level.ServerLevel/]: Tried to add entity the_anomaly:anomaly_viewer but it was marked as removed already
[18May2025 00:35:33.862] [Server thread/WARN] [net.minecraft.server.level.ServerLevel/]: Tried to add entity the_anomaly:anomaly_viewer but it was marked as removed already
[18May2025 00:35:34.209] [Server thread/WARN] [net.minecraft.server.level.ServerLevel/]: Tried to add entity the_anomaly:anomaly_escape but it was marked as removed already
[18May2025 00:35:34.262] [Server thread/WARN] [net.minecraft.server.level.ServerLevel/]: Tried to add entity the_anomaly:anomaly_escape but it was marked as removed already
[18May2025 00:35:34.311] [Server thread/WARN] [net.minecraft.server.level.ServerLevel/]: Tried to add entity the_anomaly:anomaly_viewer but it was marked as removed already
[18May2025 00:35:34.517] [Server thread/WARN] [net.minecraft.server.level.ServerLevel/]: Tried to add entity the_anomaly:anomaly_escape but it was marked as removed already
[18May2025 00:35:34.607] [Server thread/WARN] [net.minecraft.server.level.ServerLevel/]: Tried to add entity the_anomaly:anomaly_viewer but it was marked as removed already
[18May2025 00:35:34.705] [Server thread/WARN] [net.minecraft.server.level.ServerLevel/]: Tried to add entity the_anomaly:anomaly_trap but it was marked as removed already
[18May2025 00:35:34.827] [Server thread/WARN] [net.minecraft.server.level.ServerLevel/]: Tried to add entity the_anomaly:anomaly_escape but it was marked as removed already
[18May2025 00:35:35.057] [Server thread/WARN] [net.minecraft.server.level.ServerLevel/]: Tried to add entity the_anomaly:anomaly_viewer but it was marked as removed already
[18May2025 00:35:35.105] [Server thread/WARN] [net.minecraft.server.level.ServerLevel/]: Tried to add entity the_anomaly:anomaly_escape but it was marked as removed already
[18May2025 00:35:35.408] [Server thread/WARN] [net.minecraft.server.level.ServerLevel/]: Tried to add entity the_anomaly:anomaly_escape but it was marked as removed already
[18May2025 00:35:35.819] [Server thread/WARN] [net.minecraft.server.level.ServerLevel/]: Tried to add entity the_anomaly:anomaly_viewer but it was marked as removed already
[18May2025 00:35:35.819] [Server thread/WARN] [net.minecraft.server.level.ServerLevel/]: Tried to add entity the_anomaly:anomaly_trap but it was marked as removed already
[18May2025 00:35:35.865] [Server thread/WARN] [net.minecraft.server.level.ServerLevel/]: Tried to add entity the_anomaly:anomaly_escape but it was marked as removed already
[18May2025 00:35:36.012] [Server thread/WARN] [net.minecraft.server.level.ServerLevel/]: Tried to add entity the_anomaly:anomaly_trap but it was marked as removed already
[18May2025 00:35:36.158] [Server thread/WARN] [net.minecraft.server.level.ServerLevel/]: Tried to add entity the_anomaly:anomaly_escape but it was marked as removed already
[18May2025 00:35:36.165] [Server thread/WARN] [net.minecraft.server.level.ServerLevel/]: Tried to add entity the_anomaly:anomaly_escape but it was marked as removed already
[18May2025 00:35:36.208] [Server thread/WARN] [net.minecraft.server.level.ServerLevel/]: Tried to add entity the_anomaly:anomaly_trap but it was marked as removed already
[18May2025 00:35:36.566] [Server thread/WARN] [net.minecraft.server.level.ServerLevel/]: Tried to add entity the_anomaly:anomaly_escape but it was marked as removed already
[18May2025 00:35:36.609] [Server thread/WARN] [net.minecraft.server.level.ServerLevel/]: Tried to add entity the_anomaly:anomaly_trap but it was marked as removed already
[18May2025 00:35:36.661] [Server thread/WARN] [net.minecraft.server.level.ServerLevel/]: Tried to add entity the_anomaly:anomaly_escape but it was marked as removed already
[18May2025 00:35:36.668] [Server thread/WARN] [net.minecraft.server.level.ServerLevel/]: Tried to add entity the_anomaly:anomaly_escape but it was marked as removed already
[18May2025 00:35:36.723] [Server thread/WARN] [net.minecraft.server.level.ServerLevel/]: Tried to add entity the_anomaly:anomaly_escape but it was marked as removed already
[18May2025 00:35:36.843] [Worker-Main-7/ERROR] [net.minecraft.world.entity.decoration.HangingEntity/]: Hanging entity at invalid position: BlockPos{x=8, y=-59, z=79}
[18May2025 00:35:36.845] [Worker-Main-7/ERROR] [net.minecraft.world.entity.decoration.HangingEntity/]: Hanging entity at invalid position: BlockPos{x=8, y=-59, z=83}
[18May2025 00:35:36.847] [Worker-Main-7/ERROR] [net.minecraft.world.entity.decoration.HangingEntity/]: Hanging entity at invalid position: BlockPos{x=8, y=-59, z=87}
[18May2025 00:35:36.847] [Worker-Main-7/ERROR] [net.minecraft.world.entity.decoration.HangingEntity/]: Hanging entity at invalid position: BlockPos{x=8, y=-59, z=91}
[18May2025 00:35:36.859] [Worker-Main-7/ERROR] [net.minecraft.world.entity.decoration.HangingEntity/]: Hanging entity at invalid position: BlockPos{x=8, y=-59, z=95}
[18May2025 00:35:36.862] [Worker-Main-7/ERROR] [net.minecraft.world.entity.decoration.HangingEntity/]: Hanging entity at invalid position: BlockPos{x=8, y=-59, z=99}
[18May2025 00:35:36.868] [Worker-Main-7/ERROR] [net.minecraft.world.entity.decoration.HangingEntity/]: Hanging entity at invalid position: BlockPos{x=8, y=-59, z=103}
[18May2025 00:35:36.869] [Worker-Main-7/ERROR] [net.minecraft.world.entity.decoration.HangingEntity/]: Hanging entity at invalid position: BlockPos{x=8, y=-59, z=107}
[18May2025 00:35:36.972] [Worker-Main-7/ERROR] [net.minecraft.world.entity.decoration.HangingEntity/]: Hanging entity at invalid position: BlockPos{x=8, y=-59, z=111}
[18May2025 00:35:36.973] [Worker-Main-7/ERROR] [net.minecraft.world.entity.decoration.HangingEntity/]: Hanging entity at invalid position: BlockPos{x=8, y=-59, z=115}
[18May2025 00:35:36.973] [Worker-Main-7/ERROR] [net.minecraft.world.entity.decoration.HangingEntity/]: Hanging entity at invalid position: BlockPos{x=8, y=-59, z=119}
[18May2025 00:35:36.973] [Worker-Main-7/ERROR] [net.minecraft.world.entity.decoration.HangingEntity/]: Hanging entity at invalid position: BlockPos{x=8, y=-59, z=123}
[18May2025 00:35:37.046] [Worker-Main-7/ERROR] [net.minecraft.world.entity.decoration.HangingEntity/]: Hanging entity at invalid position: BlockPos{x=8, y=-59, z=79}
[18May2025 00:35:37.047] [Worker-Main-7/ERROR] [net.minecraft.world.entity.decoration.HangingEntity/]: Hanging entity at invalid position: BlockPos{x=8, y=-59, z=83}
[18May2025 00:35:37.048] [Worker-Main-7/ERROR] [net.minecraft.world.entity.decoration.HangingEntity/]: Hanging entity at invalid position: BlockPos{x=8, y=-59, z=87}
[18May2025 00:35:37.051] [Worker-Main-7/ERROR] [net.minecraft.world.entity.decoration.HangingEntity/]: Hanging entity at invalid position: BlockPos{x=8, y=-59, z=91}
[18May2025 00:35:37.333] [Worker-Main-7/ERROR] [net.minecraft.world.entity.decoration.HangingEntity/]: Hanging entity at invalid position: BlockPos{x=8, y=-59, z=95}
[18May2025 00:35:37.334] [Worker-Main-7/ERROR] [net.minecraft.world.entity.decoration.HangingEntity/]: Hanging entity at invalid position: BlockPos{x=8, y=-59, z=99}
[18May2025 00:35:37.335] [Worker-Main-7/ERROR] [net.minecraft.world.entity.decoration.HangingEntity/]: Hanging entity at invalid position: BlockPos{x=8, y=-59, z=103}
[18May2025 00:35:37.335] [Worker-Main-7/ERROR] [net.minecraft.world.entity.decoration.HangingEntity/]: Hanging entity at invalid position: BlockPos{x=8, y=-59, z=107}
[18May2025 00:35:37.341] [Worker-Main-7/ERROR] [net.minecraft.world.entity.decoration.HangingEntity/]: Hanging entity at invalid position: BlockPos{x=8, y=-59, z=111}
[18May2025 00:35:37.342] [Worker-Main-7/ERROR] [net.minecraft.world.entity.decoration.HangingEntity/]: Hanging entity at invalid position: BlockPos{x=8, y=-59, z=115}
[18May2025 00:35:37.343] [Worker-Main-7/ERROR] [net.minecraft.world.entity.decoration.HangingEntity/]: Hanging entity at invalid position: BlockPos{x=8, y=-59, z=119}
[18May2025 00:35:37.343] [Worker-Main-7/ERROR] [net.minecraft.world.entity.decoration.HangingEntity/]: Hanging entity at invalid position: BlockPos{x=8, y=-59, z=123}
[18May2025 00:35:37.348] [Worker-Main-7/ERROR] [net.minecraft.world.entity.decoration.HangingEntity/]: Hanging entity at invalid position: BlockPos{x=8, y=-59, z=79}
[18May2025 00:35:37.349] [Worker-Main-7/ERROR] [net.minecraft.world.entity.decoration.HangingEntity/]: Hanging entity at invalid position: BlockPos{x=8, y=-59, z=83}
[18May2025 00:35:37.350] [Worker-Main-7/ERROR] [net.minecraft.world.entity.decoration.HangingEntity/]: Hanging entity at invalid position: BlockPos{x=8, y=-59, z=87}
[18May2025 00:35:37.350] [Worker-Main-7/ERROR] [net.minecraft.world.entity.decoration.HangingEntity/]: Hanging entity at invalid position: BlockPos{x=8, y=-59, z=91}
[18May2025 00:35:37.416] [Server thread/WARN] [net.minecraft.server.level.ServerLevel/]: Tried to add entity the_anomaly:anomaly_viewer but it was marked as removed already
[18May2025 00:35:37.460] [Server thread/WARN] [net.minecraft.server.level.ServerLevel/]: Tried to add entity the_anomaly:anomaly_trap but it was marked as removed already
[18May2025 00:35:37.721] [Server thread/WARN] [net.minecraft.server.level.ServerLevel/]: Tried to add entity the_anomaly:anomaly_viewer but it was marked as removed already
[18May2025 00:35:37.736] [Server thread/WARN] [net.minecraft.server.level.ServerLevel/]: Tried to add entity the_anomaly:anomaly_escape but it was marked as removed already
[18May2025 00:35:37.781] [Server thread/WARN] [net.minecraft.server.level.ServerLevel/]: Tried to add entity the_anomaly:anomaly_viewer but it was marked as removed already
[18May2025 00:35:37.958] [Server thread/WARN] [net.minecraft.server.level.ServerLevel/]: Tried to add entity the_anomaly:anomaly_viewer but it was marked as removed already
[18May2025 00:35:38.114] [Server thread/WARN] [net.minecraft.server.level.ServerLevel/]: Tried to add entity the_anomaly:anomaly_trap but it was marked as removed already
[18May2025 00:35:38.165] [Worker-Main-7/ERROR] [net.minecraft.world.entity.decoration.HangingEntity/]: Hanging entity at invalid position: BlockPos{x=8, y=-59, z=95}
[18May2025 00:35:38.166] [Worker-Main-7/ERROR] [net.minecraft.world.entity.decoration.HangingEntity/]: Hanging entity at invalid position: BlockPos{x=8, y=-59, z=99}
[18May2025 00:35:38.167] [Worker-Main-7/ERROR] [net.minecraft.world.entity.decoration.HangingEntity/]: Hanging entity at invalid position: BlockPos{x=8, y=-59, z=103}
[18May2025 00:35:38.169] [Worker-Main-7/ERROR] [net.minecraft.world.entity.decoration.HangingEntity/]: Hanging entity at invalid position: BlockPos{x=8, y=-59, z=107}
[18May2025 00:35:38.554] [Server thread/WARN] [net.minecraft.server.level.ServerLevel/]: Tried to add entity the_anomaly:anomaly_trap but it was marked as removed already
[18May2025 00:35:38.557] [Server thread/WARN] [net.minecraft.server.level.ServerLevel/]: Tried to add entity the_anomaly:anomaly_escape but it was marked as removed already
[18May2025 00:35:39.010] [Server thread/WARN] [net.minecraft.server.level.ServerLevel/]: Tried to add entity the_anomaly:anomaly_trap but it was marked as removed already
[18May2025 00:35:39.308] [Server thread/WARN] [net.minecraft.server.level.ServerLevel/]: Tried to add entity the_anomaly:anomaly_viewer but it was marked as removed already
[18May2025 00:35:39.356] [Server thread/WARN] [net.minecraft.server.level.ServerLevel/]: Tried to add entity the_anomaly:anomaly_trap but it was marked as removed already
[18May2025 00:35:39.807] [Server thread/WARN] [net.minecraft.server.level.ServerLevel/]: Tried to add entity the_anomaly:anomaly_trap but it was marked as removed already
[18May2025 00:35:39.957] [Server thread/WARN] [net.minecraft.server.level.ServerLevel/]: Tried to add entity the_anomaly:anomaly_visitor_2 but it was marked as removed already
[18May2025 00:35:40.006] [Server thread/WARN] [net.minecraft.server.level.ServerLevel/]: Tried to add entity the_anomaly:anomaly_trap but it was marked as removed already
[18May2025 00:35:40.806] [Server thread/WARN] [net.minecraft.server.level.ServerLevel/]: Tried to add entity the_anomaly:anomaly_viewer but it was marked as removed already
[18May2025 00:35:41.209] [Server thread/WARN] [net.minecraft.server.level.ServerLevel/]: Tried to add entity the_anomaly:anomaly_trap but it was marked as removed already
[18May2025 00:35:41.404] [Server thread/WARN] [net.minecraft.server.level.ServerLevel/]: Tried to add entity the_anomaly:anomaly_trap but it was marked as removed already
[18May2025 00:35:41.506] [Server thread/WARN] [net.minecraft.server.level.ServerLevel/]: Tried to add entity the_anomaly:anomaly_trap but it was marked as removed already
[18May2025 00:35:41.859] [Server thread/WARN] [net.minecraft.server.level.ServerLevel/]: Tried to add entity the_anomaly:anomaly_trap but it was marked as removed already
[18May2025 00:35:42.158] [Server thread/WARN] [net.minecraft.server.level.ServerLevel/]: Tried to add entity the_anomaly:anomaly_viewer but it was marked as removed already
[18May2025 00:35:42.455] [Server thread/WARN] [net.minecraft.server.level.ServerLevel/]: Tried to add entity the_anomaly:anomaly_trap but it was marked as removed already
[18May2025 00:35:42.555] [Server thread/WARN] [net.minecraft.server.level.ServerLevel/]: Tried to add entity the_anomaly:anomaly_viewer but it was marked as removed already
[18May2025 00:35:42.955] [Server thread/WARN] [net.minecraft.server.level.ServerLevel/]: Tried to add entity the_anomaly:anomaly_viewer but it was marked as removed already
[18May2025 00:35:43.104] [Server thread/WARN] [net.minecraft.server.level.ServerLevel/]: Tried to add entity the_anomaly:anomaly_trap but it was marked as removed already
[18May2025 00:35:43.106] [Server thread/WARN] [net.minecraft.server.level.ServerLevel/]: Tried to add entity the_anomaly:anomaly_viewer but it was marked as removed already
[18May2025 00:35:43.254] [Server thread/WARN] [net.minecraft.server.level.ServerLevel/]: Tried to add entity the_anomaly:anomaly_visitor but it was marked as removed already
[18May2025 00:35:43.356] [Server thread/WARN] [net.minecraft.server.level.ServerLevel/]: Tried to add entity the_anomaly:anomaly_viewer but it was marked as removed already
[18May2025 00:35:44.206] [Server thread/WARN] [net.minecraft.server.level.ServerLevel/]: Tried to add entity the_anomaly:anomaly_trap but it was marked as removed already
[18May2025 00:35:44.254] [Server thread/WARN] [net.minecraft.server.level.ServerLevel/]: Tried to add entity the_anomaly:anomaly_trap but it was marked as removed already
[18May2025 00:35:44.756] [Server thread/WARN] [net.minecraft.server.level.ServerLevel/]: Tried to add entity the_anomaly:anomaly_viewer but it was marked as removed already
[18May2025 00:35:44.804] [Server thread/WARN] [net.minecraft.server.level.ServerLevel/]: Tried to add entity the_anomaly:anomaly_viewer but it was marked as removed already
[18May2025 00:35:45.270] [Server thread/WARN] [net.minecraft.server.level.ServerLevel/]: Tried to add entity the_anomaly:anomaly_viewer but it was marked as removed already
[18May2025 00:35:45.755] [Server thread/WARN] [net.minecraft.server.level.ServerLevel/]: Tried to add entity the_anomaly:anomaly_viewer but it was marked as removed already
[18May2025 00:35:45.791] [Server thread/DEBUG] [net.minecraftforge.common.ForgeHooks/WP]: Gathering id map for writing to world save world
[18May2025 00:35:45.807] [Server thread/DEBUG] [net.minecraftforge.common.ForgeHooks/WP]: ID Map collection complete world
[18May2025 00:35:46.067] [Server thread/WARN] [net.minecraft.server.level.ServerLevel/]: Tried to add entity the_anomaly:anomaly_viewer but it was marked as removed already
[18May2025 00:35:46.404] [Server thread/WARN] [net.minecraft.server.level.ServerLevel/]: Tried to add entity the_anomaly:anomaly_trap but it was marked as removed already
[18May2025 00:35:46.654] [Server thread/WARN] [net.minecraft.server.level.ServerLevel/]: Tried to add entity the_anomaly:anomaly_trap but it was marked as removed already
[18May2025 00:35:47.405] [Server thread/WARN] [net.minecraft.server.level.ServerLevel/]: Tried to add entity the_anomaly:anomaly_viewer but it was marked as removed already
[18May2025 00:35:47.904] [Server thread/WARN] [net.minecraft.server.level.ServerLevel/]: Tried to add entity the_anomaly:anomaly_trap but it was marked as removed already
[18May2025 00:35:47.904] [Server thread/WARN] [net.minecraft.server.level.ServerLevel/]: Tried to add entity the_anomaly:anomaly_viewer but it was marked as removed already
[18May2025 00:35:48.204] [Server thread/WARN] [net.minecraft.server.level.ServerLevel/]: Tried to add entity the_anomaly:anomaly_viewer but it was marked as removed already
[18May2025 00:35:48.406] [Server thread/WARN] [net.minecraft.server.level.ServerLevel/]: Tried to add entity the_anomaly:anomaly_trap but it was marked as removed already
[18May2025 00:35:48.456] [Server thread/WARN] [net.minecraft.server.level.ServerLevel/]: Tried to add entity the_anomaly:anomaly_viewer but it was marked as removed already
[18May2025 00:35:48.706] [Server thread/WARN] [net.minecraft.server.level.ServerLevel/]: Tried to add entity the_anomaly:anomaly_trap but it was marked as removed already
[18May2025 00:35:48.905] [Server thread/WARN] [net.minecraft.server.level.ServerLevel/]: Tried to add entity the_anomaly:anomaly_trap but it was marked as removed already
[18May2025 00:35:49.157] [Server thread/WARN] [net.minecraft.server.level.ServerLevel/]: Tried to add entity the_anomaly:anomaly_viewer but it was marked as removed already
[18May2025 00:35:49.207] [Server thread/WARN] [net.minecraft.server.level.ServerLevel/]: Tried to add entity the_anomaly:anomaly_viewer but it was marked as removed already
[18May2025 00:35:49.304] [Server thread/WARN] [net.minecraft.server.level.ServerLevel/]: Tried to add entity the_anomaly:anomaly_trap but it was marked as removed already
[18May2025 00:35:50.216] [Server thread/WARN] [net.minecraft.server.level.ServerLevel/]: Tried to add entity the_anomaly:anomaly_trap but it was marked as removed already
[18May2025 00:35:50.225] [Server thread/WARN] [net.minecraft.server.level.ServerLevel/]: Tried to add entity the_anomaly:anomaly_viewer but it was marked as removed already
[18May2025 00:35:50.554] [Server thread/WARN] [net.minecraft.server.level.ServerLevel/]: Tried to add entity the_anomaly:anomaly_visitor_2 but it was marked as removed already
[18May2025 00:35:50.855] [Server thread/WARN] [net.minecraft.server.level.ServerLevel/]: Tried to add entity the_anomaly:anomaly_trap but it was marked as removed already
[18May2025 00:35:50.906] [Server thread/WARN] [net.minecraft.server.level.ServerLevel/]: Tried to add entity the_anomaly:anomaly_viewer but it was marked as removed already
[18May2025 00:35:51.305] [Server thread/WARN] [net.minecraft.server.level.ServerLevel/]: Tried to add entity the_anomaly:anomaly_viewer but it was marked as removed already
[18May2025 00:35:51.507] [Server thread/WARN] [net.minecraft.server.level.ServerLevel/]: Tried to add entity the_anomaly:anomaly_escape but it was marked as removed already
[18May2025 00:35:51.761] [Server thread/WARN] [net.minecraft.server.level.ServerLevel/]: Tried to add entity the_anomaly:anomaly_escape but it was marked as removed already
[18May2025 00:35:51.854] [Server thread/WARN] [net.minecraft.server.level.ServerLevel/]: Tried to add entity the_anomaly:anomaly_trap but it was marked as removed already
[18May2025 00:35:51.855] [Server thread/WARN] [net.minecraft.server.level.ServerLevel/]: Tried to add entity the_anomaly:anomaly_trap but it was marked as removed already
[18May2025 00:35:52.207] [Server thread/WARN] [net.minecraft.server.level.ServerLevel/]: Tried to add entity the_anomaly:anomaly_escape but it was marked as removed already
[18May2025 00:35:52.605] [Server thread/WARN] [net.minecraft.server.level.ServerLevel/]: Tried to add entity the_anomaly:anomaly_trap but it was marked as removed already
[18May2025 00:35:52.756] [Server thread/WARN] [net.minecraft.server.level.ServerLevel/]: Tried to add entity the_anomaly:anomaly_escape but it was marked as removed already
[18May2025 00:35:53.006] [Server thread/WARN] [net.minecraft.server.level.ServerLevel/]: Tried to add entity the_anomaly:anomaly_viewer but it was marked as removed already
[18May2025 00:35:53.204] [Server thread/WARN] [net.minecraft.server.level.ServerLevel/]: Tried to add entity the_anomaly:anomaly_viewer but it was marked as removed already
[18May2025 00:35:53.406] [Server thread/WARN] [net.minecraft.server.level.ServerLevel/]: Tried to add entity the_anomaly:anomaly_trap but it was marked as removed already
[18May2025 00:35:53.455] [Server thread/WARN] [net.minecraft.server.level.ServerLevel/]: Tried to add entity the_anomaly:anomaly_viewer but it was marked as removed already
[18May2025 00:35:53.555] [Server thread/WARN] [net.minecraft.server.level.ServerLevel/]: Tried to add entity the_anomaly:anomaly_escape but it was marked as removed already
[18May2025 00:35:53.707] [Server thread/WARN] [net.minecraft.server.level.ServerLevel/]: Tried to add entity the_anomaly:anomaly_viewer but it was marked as removed already
[18May2025 00:35:53.855] [Server thread/WARN] [net.minecraft.server.level.ServerLevel/]: Tried to add entity the_anomaly:anomaly_escape but it was marked as removed already
[18May2025 00:35:53.856] [Server thread/WARN] [net.minecraft.server.level.ServerLevel/]: Tried to add entity the_anomaly:anomaly_viewer but it was marked as removed already
[18May2025 00:35:54.005] [Server thread/WARN] [net.minecraft.server.level.ServerLevel/]: Tried to add entity the_anomaly:anomaly_escape but it was marked as removed already
[18May2025 00:35:54.156] [Server thread/WARN] [net.minecraft.server.level.ServerLevel/]: Tried to add entity the_anomaly:anomaly_escape but it was marked as removed already
[18May2025 00:35:54.255] [Server thread/WARN] [net.minecraft.server.level.ServerLevel/]: Tried to add entity the_anomaly:anomaly_trap but it was marked as removed already
[18May2025 00:35:54.256] [Server thread/WARN] [net.minecraft.server.level.ServerLevel/]: Tried to add entity the_anomaly:anomaly_viewer but it was marked as removed already
[18May2025 00:35:54.456] [Server thread/WARN] [net.minecraft.server.level.ServerLevel/]: Tried to add entity the_anomaly:anomaly_viewer but it was marked as removed already
[18May2025 00:35:54.957] [Server thread/WARN] [net.minecraft.server.level.ServerLevel/]: Tried to add entity the_anomaly:anomaly_trap but it was marked as removed already
[18May2025 00:35:55.307] [Server thread/WARN] [net.minecraft.server.level.ServerLevel/]: Tried to add entity the_anomaly:anomaly_escape but it was marked as removed already
[18May2025 00:35:55.308] [Server thread/WARN] [net.minecraft.server.level.ServerLevel/]: Tried to add entity the_anomaly:anomaly_escape but it was marked as removed already
[18May2025 00:35:55.361] [Server thread/WARN] [net.minecraft.server.level.ServerLevel/]: Tried to add entity the_anomaly:anomaly_trap but it was marked as removed already
[18May2025 00:35:55.458] [Server thread/WARN] [net.minecraft.server.level.ServerLevel/]: Tried to add entity the_anomaly:anomaly_viewer but it was marked as removed already
[18May2025 00:35:55.504] [Server thread/WARN] [net.minecraft.server.level.ServerLevel/]: Tried to add entity the_anomaly:anomaly_trap but it was marked as removed already
[18May2025 00:35:55.955] [Server thread/WARN] [net.minecraft.server.level.ServerLevel/]: Tried to add entity the_anomaly:anomaly_visitor_2 but it was marked as removed already
[18May2025 00:35:56.355] [Server thread/WARN] [net.minecraft.server.level.ServerLevel/]: Tried to add entity the_anomaly:anomaly_visitor_2 but it was marked as removed already
[18May2025 00:35:56.356] [Server thread/WARN] [net.minecraft.server.level.ServerLevel/]: Tried to add entity the_anomaly:anomaly_escape but it was marked as removed already
[18May2025 00:35:56.508] [Server thread/WARN] [net.minecraft.server.level.ServerLevel/]: Tried to add entity the_anomaly:anomaly_trap but it was marked as removed already
[18May2025 00:35:56.905] [Server thread/WARN] [net.minecraft.server.level.ServerLevel/]: Tried to add entity the_anomaly:anomaly_escape but it was marked as removed already
[18May2025 00:35:56.956] [Server thread/WARN] [net.minecraft.server.level.ServerLevel/]: Tried to add entity the_anomaly:anomaly_escape but it was marked as removed already
[18May2025 00:35:57.105] [Server thread/WARN] [net.minecraft.server.level.ServerLevel/]: Tried to add entity the_anomaly:anomaly_trap but it was marked as removed already
[18May2025 00:35:57.548] [Server thread/INFO] [net.minecraft.server.MinecraftServer/]: [Reinhard_VA: Set own game mode to Creative Mode]
[18May2025 00:35:57.806] [Server thread/WARN] [net.minecraft.server.level.ServerLevel/]: Tried to add entity the_anomaly:anomaly_viewer but it was marked as removed already
[18May2025 00:35:57.907] [Server thread/WARN] [net.minecraft.server.level.ServerLevel/]: Tried to add entity the_anomaly:anomaly_escape but it was marked as removed already
[18May2025 00:35:57.911] [Server thread/WARN] [net.minecraft.server.level.ServerLevel/]: Tried to add entity the_anomaly:anomaly_viewer but it was marked as removed already
[18May2025 00:35:58.154] [Server thread/WARN] [net.minecraft.server.level.ServerLevel/]: Tried to add entity the_anomaly:anomaly_trap but it was marked as removed already
[18May2025 00:35:58.256] [Server thread/WARN] [net.minecraft.server.level.ServerLevel/]: Tried to add entity the_anomaly:anomaly_viewer but it was marked as removed already
[18May2025 00:35:58.754] [Server thread/WARN] [net.minecraft.server.level.ServerLevel/]: Tried to add entity the_anomaly:anomaly_escape but it was marked as removed already
[18May2025 00:35:58.804] [Server thread/WARN] [net.minecraft.server.level.ServerLevel/]: Tried to add entity the_anomaly:anomaly_viewer but it was marked as removed already
[18May2025 00:35:58.857] [Server thread/WARN] [net.minecraft.server.level.ServerLevel/]: Tried to add entity the_anomaly:anomaly_trap but it was marked as removed already
[18May2025 00:35:58.904] [Server thread/WARN] [net.minecraft.server.level.ServerLevel/]: Tried to add entity the_anomaly:anomaly_viewer but it was marked as removed already
[18May2025 00:35:59.755] [Server thread/WARN] [net.minecraft.server.level.ServerLevel/]: Tried to add entity the_anomaly:anomaly_viewer but it was marked as removed already
[18May2025 00:35:59.806] [Server thread/WARN] [net.minecraft.server.level.ServerLevel/]: Tried to add entity the_anomaly:anomaly_viewer but it was marked as removed already
[18May2025 00:36:00.005] [Server thread/WARN] [net.minecraft.server.level.ServerLevel/]: Tried to add entity the_anomaly:anomaly_visitor_2 but it was marked as removed already
[18May2025 00:36:00.154] [Server thread/WARN] [net.minecraft.server.level.ServerLevel/]: Tried to add entity the_anomaly:anomaly_trap but it was marked as removed already
[18May2025 00:36:00.155] [Server thread/WARN] [net.minecraft.server.level.ServerLevel/]: Tried to add entity the_anomaly:anomaly_trap but it was marked as removed already
[18May2025 00:36:00.206] [Server thread/WARN] [net.minecraft.server.level.ServerLevel/]: Tried to add entity the_anomaly:anomaly_trap but it was marked as removed already
[18May2025 00:36:00.477] [Server thread/INFO] [net.minecraft.server.MinecraftServer/]: [Reinhard_VA: Set own game mode to Survival Mode]
[18May2025 00:36:00.504] [Server thread/WARN] [net.minecraft.server.level.ServerLevel/]: Tried to add entity the_anomaly:anomaly_escape but it was marked as removed already
[18May2025 00:36:00.656] [Server thread/WARN] [net.minecraft.server.level.ServerLevel/]: Tried to add entity the_anomaly:anomaly_trap but it was marked as removed already
[18May2025 00:36:01.006] [Server thread/WARN] [net.minecraft.server.level.ServerLevel/]: Tried to add entity the_anomaly:anomaly_escape but it was marked as removed already
[18May2025 00:36:01.255] [Server thread/WARN] [net.minecraft.server.level.ServerLevel/]: Tried to add entity the_anomaly:anomaly_trap but it was marked as removed already
[18May2025 00:36:01.756] [Server thread/WARN] [net.minecraft.server.level.ServerLevel/]: Tried to add entity the_anomaly:anomaly_trap but it was marked as removed already
[18May2025 00:36:01.955] [Server thread/WARN] [net.minecraft.server.level.ServerLevel/]: Tried to add entity the_anomaly:anomaly_trap but it was marked as removed already
[18May2025 00:36:01.956] [Server thread/WARN] [net.minecraft.server.level.ServerLevel/]: Tried to add entity the_anomaly:anomaly_viewer but it was marked as removed already
[18May2025 00:36:02.654] [Server thread/WARN] [net.minecraft.server.level.ServerLevel/]: Tried to add entity the_anomaly:anomaly_escape but it was marked as removed already
[18May2025 00:36:02.806] [Server thread/WARN] [net.minecraft.server.level.ServerLevel/]: Tried to add entity the_anomaly:anomaly_trap but it was marked as removed already
[18May2025 00:36:02.806] [Server thread/WARN] [net.minecraft.server.level.ServerLevel/]: Tried to add entity the_anomaly:anomaly_trap but it was marked as removed already
[18May2025 00:36:03.254] [Server thread/WARN] [net.minecraft.server.level.ServerLevel/]: Tried to add entity the_anomaly:anomaly_trap but it was marked as removed already
[18May2025 00:36:03.408] [Server thread/WARN] [net.minecraft.server.level.ServerLevel/]: Tried to add entity the_anomaly:anomaly_trap but it was marked as removed already
[18May2025 00:36:03.413] [Server thread/WARN] [net.minecraft.server.level.ServerLevel/]: Tried to add entity the_anomaly:anomaly_visitor_2 but it was marked as removed already
[18May2025 00:36:03.755] [Server thread/WARN] [net.minecraft.server.level.ServerLevel/]: Tried to add entity the_anomaly:anomaly_viewer but it was marked as removed already
[18May2025 00:36:03.955] [Server thread/WARN] [net.minecraft.server.level.ServerLevel/]: Tried to add entity the_anomaly:anomaly_trap but it was marked as removed already
[18May2025 00:36:04.207] [Server thread/WARN] [net.minecraft.server.level.ServerLevel/]: Tried to add entity the_anomaly:anomaly_escape but it was marked as removed already
[18May2025 00:36:04.304] [Server thread/WARN] [net.minecraft.server.level.ServerLevel/]: Tried to add entity the_anomaly:anomaly_viewer but it was marked as removed already
[18May2025 00:36:04.355] [Server thread/WARN] [net.minecraft.server.level.ServerLevel/]: Tried to add entity the_anomaly:anomaly_viewer but it was marked as removed already
[18May2025 00:36:04.804] [Server thread/WARN] [net.minecraft.server.level.ServerLevel/]: Tried to add entity the_anomaly:anomaly_trap but it was marked as removed already
[18May2025 00:36:04.905] [Server thread/WARN] [net.minecraft.server.level.ServerLevel/]: Tried to add entity the_anomaly:anomaly_escape but it was marked as removed already
[18May2025 00:36:05.206] [Server thread/WARN] [net.minecraft.server.level.ServerLevel/]: Tried to add entity the_anomaly:anomaly_trap but it was marked as removed already
[18May2025 00:36:05.505] [Server thread/WARN] [net.minecraft.server.level.ServerLevel/]: Tried to add entity the_anomaly:anomaly_trap but it was marked as removed already
[18May2025 00:36:05.604] [Server thread/WARN] [net.minecraft.server.level.ServerLevel/]: Tried to add entity the_anomaly:anomaly_escape but it was marked as removed already
[18May2025 00:36:05.955] [Server thread/WARN] [net.minecraft.server.level.ServerLevel/]: Tried to add entity the_anomaly:anomaly_viewer but it was marked as removed already
[18May2025 00:36:07.305] [Server thread/WARN] [net.minecraft.server.level.ServerLevel/]: Tried to add entity the_anomaly:anomaly_viewer but it was marked as removed already
[18May2025 00:36:07.604] [Server thread/WARN] [net.minecraft.server.level.ServerLevel/]: Tried to add entity the_anomaly:anomaly_viewer but it was marked as removed already
[18May2025 00:36:07.854] [Server thread/WARN] [net.minecraft.server.level.ServerLevel/]: Tried to add entity the_anomaly:anomaly_escape but it was marked as removed already
[18May2025 00:36:07.956] [Server thread/WARN] [net.minecraft.server.level.ServerLevel/]: Tried to add entity the_anomaly:anomaly_trap but it was marked as removed already
[18May2025 00:36:08.154] [Server thread/WARN] [net.minecraft.server.level.ServerLevel/]: Tried to add entity the_anomaly:anomaly_escape but it was marked as removed already
[18May2025 00:36:08.255] [Server thread/WARN] [net.minecraft.server.level.ServerLevel/]: Tried to add entity the_anomaly:anomaly_trap but it was marked as removed already
[18May2025 00:36:08.406] [Server thread/WARN] [net.minecraft.server.level.ServerLevel/]: Tried to add entity the_anomaly:anomaly_viewer but it was marked as removed already
[18May2025 00:36:08.506] [Server thread/WARN] [net.minecraft.server.level.ServerLevel/]: Tried to add entity the_anomaly:anomaly_escape but it was marked as removed already
[18May2025 00:36:08.555] [Server thread/WARN] [net.minecraft.server.level.ServerLevel/]: Tried to add entity the_anomaly:anomaly_escape but it was marked as removed already
[18May2025 00:36:08.556] [Server thread/WARN] [net.minecraft.server.level.ServerLevel/]: Tried to add entity the_anomaly:anomaly_viewer but it was marked as removed already
[18May2025 00:36:08.706] [Server thread/WARN] [net.minecraft.server.level.ServerLevel/]: Tried to add entity the_anomaly:anomaly_trap but it was marked as removed already
[18May2025 00:36:09.205] [Server thread/WARN] [net.minecraft.server.level.ServerLevel/]: Tried to add entity the_anomaly:anomaly_viewer but it was marked as removed already
[18May2025 00:36:09.604] [Server thread/WARN] [net.minecraft.server.level.ServerLevel/]: Tried to add entity the_anomaly:anomaly_viewer but it was marked as removed already
[18May2025 00:36:09.607] [Server thread/WARN] [net.minecraft.server.level.ServerLevel/]: Tried to add entity the_anomaly:anomaly_trap but it was marked as removed already
[18May2025 00:36:09.805] [Server thread/WARN] [net.minecraft.server.level.ServerLevel/]: Tried to add entity the_anomaly:anomaly_escape but it was marked as removed already
[18May2025 00:36:10.104] [Server thread/WARN] [net.minecraft.server.level.ServerLevel/]: Tried to add entity the_anomaly:anomaly_viewer but it was marked as removed already
[18May2025 00:36:10.557] [Server thread/WARN] [net.minecraft.server.level.ServerLevel/]: Tried to add entity the_anomaly:anomaly_escape but it was marked as removed already
[18May2025 00:36:10.706] [Server thread/WARN] [net.minecraft.server.level.ServerLevel/]: Tried to add entity the_anomaly:anomaly_escape but it was marked as removed already
[18May2025 00:36:11.055] [Server thread/WARN] [net.minecraft.server.level.ServerLevel/]: Tried to add entity the_anomaly:anomaly_viewer but it was marked as removed already
[18May2025 00:36:11.117] [Server thread/WARN] [net.minecraft.server.level.ServerLevel/]: Tried to add entity the_anomaly:anomaly_escape but it was marked as removed already
[18May2025 00:36:11.504] [Server thread/WARN] [net.minecraft.server.level.ServerLevel/]: Tried to add entity the_anomaly:anomaly_trap but it was marked as removed already
[18May2025 00:36:12.056] [Server thread/WARN] [net.minecraft.server.level.ServerLevel/]: Tried to add entity the_anomaly:anomaly_trap but it was marked as removed already
[18May2025 00:36:12.104] [Server thread/WARN] [net.minecraft.server.level.ServerLevel/]: Tried to add entity the_anomaly:anomaly_escape but it was marked as removed already
[18May2025 00:36:12.157] [Server thread/WARN] [net.minecraft.server.level.ServerLevel/]: Tried to add entity the_anomaly:anomaly_viewer but it was marked as removed already
[18May2025 00:36:12.255] [Server thread/WARN] [net.minecraft.server.level.ServerLevel/]: Tried to add entity the_anomaly:anomaly_viewer but it was marked as removed already
[18May2025 00:36:12.255] [Server thread/WARN] [net.minecraft.server.level.ServerLevel/]: Tried to add entity the_anomaly:anomaly_escape but it was marked as removed already
[18May2025 00:36:12.405] [Server thread/WARN] [net.minecraft.server.level.ServerLevel/]: Tried to add entity the_anomaly:anomaly_viewer but it was marked as removed already
[18May2025 00:36:12.755] [Server thread/WARN] [net.minecraft.server.level.ServerLevel/]: Tried to add entity the_anomaly:anomaly_trap but it was marked as removed already
[18May2025 00:36:12.804] [Server thread/WARN] [net.minecraft.server.level.ServerLevel/]: Tried to add entity the_anomaly:anomaly_escape but it was marked as removed already
[18May2025 00:36:12.855] [Server thread/WARN] [net.minecraft.server.level.ServerLevel/]: Tried to add entity the_anomaly:anomaly_escape but it was marked as removed already
[18May2025 00:36:12.954] [Server thread/WARN] [net.minecraft.server.level.ServerLevel/]: Tried to add entity the_anomaly:anomaly_trap but it was marked as removed already
[18May2025 00:36:13.405] [Server thread/WARN] [net.minecraft.server.level.ServerLevel/]: Tried to add entity the_anomaly:anomaly_trap but it was marked as removed already
[18May2025 00:36:13.556] [Server thread/WARN] [net.minecraft.server.level.ServerLevel/]: Tried to add entity the_anomaly:anomaly_viewer but it was marked as removed already
[18May2025 00:36:14.406] [Server thread/WARN] [net.minecraft.server.level.ServerLevel/]: Tried to add entity the_anomaly:anomaly_escape but it was marked as removed already
[18May2025 00:36:14.458] [Server thread/WARN] [net.minecraft.server.level.ServerLevel/]: Tried to add entity the_anomaly:anomaly_escape but it was marked as removed already
[18May2025 00:36:14.956] [Server thread/WARN] [net.minecraft.server.level.ServerLevel/]: Tried to add entity the_anomaly:anomaly_viewer but it was marked as removed already
[18May2025 00:36:15.005] [Server thread/WARN] [net.minecraft.server.level.ServerLevel/]: Tried to add entity the_anomaly:anomaly_trap but it was marked as removed already
[18May2025 00:36:15.159] [Server thread/WARN] [net.minecraft.server.level.ServerLevel/]: Tried to add entity the_anomaly:anomaly_viewer but it was marked as removed already
[18May2025 00:36:15.206] [Server thread/WARN] [net.minecraft.server.level.ServerLevel/]: Tried to add entity the_anomaly:anomaly_viewer but it was marked as removed already
[18May2025 00:36:15.305] [Server thread/WARN] [net.minecraft.server.level.ServerLevel/]: Tried to add entity the_anomaly:anomaly_visitor but it was marked as removed already
[18May2025 00:36:15.905] [Server thread/WARN] [net.minecraft.server.level.ServerLevel/]: Tried to add entity the_anomaly:anomaly_viewer but it was marked as removed already
[18May2025 00:36:16.054] [Server thread/WARN] [net.minecraft.server.level.ServerLevel/]: Tried to add entity the_anomaly:anomaly_viewer but it was marked as removed already
[18May2025 00:36:16.310] [Server thread/WARN] [net.minecraft.server.level.ServerLevel/]: Tried to add entity the_anomaly:anomaly_viewer but it was marked as removed already
[18May2025 00:36:16.311] [Server thread/WARN] [net.minecraft.server.level.ServerLevel/]: Tried to add entity the_anomaly:anomaly_viewer but it was marked as removed already
[18May2025 00:36:16.356] [Server thread/WARN] [net.minecraft.server.level.ServerLevel/]: Tried to add entity the_anomaly:anomaly_trap but it was marked as removed already
[18May2025 00:36:16.514] [Server thread/INFO] [net.minecraft.server.MinecraftServer/]: [Reinhard_VA: Gamerule keepInventory is now set to: true]
[18May2025 00:36:16.904] [Server thread/WARN] [net.minecraft.server.level.ServerLevel/]: Tried to add entity the_anomaly:anomaly_viewer but it was marked as removed already
[18May2025 00:36:16.956] [Server thread/WARN] [net.minecraft.server.level.ServerLevel/]: Tried to add entity the_anomaly:anomaly_viewer but it was marked as removed already
[18May2025 00:36:17.554] [Server thread/WARN] [net.minecraft.server.level.ServerLevel/]: Tried to add entity the_anomaly:anomaly_trap but it was marked as removed already
[18May2025 00:36:17.555] [Server thread/WARN] [net.minecraft.server.level.ServerLevel/]: Tried to add entity the_anomaly:anomaly_trap but it was marked as removed already
[18May2025 00:36:17.604] [Server thread/WARN] [net.minecraft.server.level.ServerLevel/]: Tried to add entity the_anomaly:anomaly_escape but it was marked as removed already
[18May2025 00:36:18.158] [Server thread/WARN] [net.minecraft.server.level.ServerLevel/]: Tried to add entity the_anomaly:anomaly_escape but it was marked as removed already
[18May2025 00:36:18.404] [Server thread/WARN] [net.minecraft.server.level.ServerLevel/]: Tried to add entity the_anomaly:anomaly_visitor_2 but it was marked as removed already
[18May2025 00:36:18.455] [Server thread/WARN] [net.minecraft.server.level.ServerLevel/]: Tried to add entity the_anomaly:anomaly_trap but it was marked as removed already
[18May2025 00:36:18.957] [Server thread/WARN] [net.minecraft.server.level.ServerLevel/]: Tried to add entity the_anomaly:anomaly_viewer but it was marked as removed already
[18May2025 00:36:19.105] [Server thread/WARN] [net.minecraft.server.level.ServerLevel/]: Tried to add entity the_anomaly:anomaly_trap but it was marked as removed already
[18May2025 00:36:19.106] [Server thread/WARN] [net.minecraft.server.level.ServerLevel/]: Tried to add entity the_anomaly:anomaly_trap but it was marked as removed already
[18May2025 00:36:19.355] [Server thread/WARN] [net.minecraft.server.level.ServerLevel/]: Tried to add entity the_anomaly:anomaly_trap but it was marked as removed already
[18May2025 00:36:19.356] [Server thread/WARN] [net.minecraft.server.level.ServerLevel/]: Tried to add entity the_anomaly:anomaly_viewer but it was marked as removed already
[18May2025 00:36:19.357] [Server thread/WARN] [net.minecraft.server.level.ServerLevel/]: Tried to add entity the_anomaly:anomaly_viewer but it was marked as removed already
[18May2025 00:36:19.755] [Server thread/WARN] [net.minecraft.server.level.ServerLevel/]: Tried to add entity the_anomaly:anomaly_escape but it was marked as removed already
[18May2025 00:36:19.955] [Server thread/WARN] [net.minecraft.server.level.ServerLevel/]: Tried to add entity the_anomaly:anomaly_escape but it was marked as removed already
[18May2025 00:36:20.207] [Server thread/WARN] [net.minecraft.server.level.ServerLevel/]: Tried to add entity the_anomaly:anomaly_visitor_2 but it was marked as removed already
[18May2025 00:36:20.405] [Server thread/WARN] [net.minecraft.server.level.ServerLevel/]: Tried to add entity the_anomaly:anomaly_escape but it was marked as removed already
[18May2025 00:36:21.405] [Server thread/WARN] [net.minecraft.server.level.ServerLevel/]: Tried to add entity the_anomaly:anomaly_escape but it was marked as removed already
[18May2025 00:36:21.854] [Server thread/WARN] [net.minecraft.server.level.ServerLevel/]: Tried to add entity the_anomaly:anomaly_trap but it was marked as removed already
[18May2025 00:36:22.710] [Server thread/WARN] [net.minecraft.server.level.ServerLevel/]: Tried to add entity the_anomaly:anomaly_viewer but it was marked as removed already
[18May2025 00:36:23.055] [Server thread/WARN] [net.minecraft.server.level.ServerLevel/]: Tried to add entity the_anomaly:anomaly_trap but it was marked as removed already
[18May2025 00:36:23.404] [Server thread/WARN] [net.minecraft.server.level.ServerLevel/]: Tried to add entity the_anomaly:anomaly_escape but it was marked as removed already
[18May2025 00:36:23.505] [Server thread/WARN] [net.minecraft.server.level.ServerLevel/]: Tried to add entity the_anomaly:anomaly_viewer but it was marked as removed already
[18May2025 00:36:23.555] [Server thread/WARN] [net.minecraft.server.level.ServerLevel/]: Tried to add entity the_anomaly:anomaly_escape but it was marked as removed already
[18May2025 00:36:23.707] [Server thread/WARN] [net.minecraft.server.level.ServerLevel/]: Tried to add entity the_anomaly:anomaly_escape but it was marked as removed already
[18May2025 00:36:23.756] [Server thread/WARN] [net.minecraft.server.level.ServerLevel/]: Tried to add entity the_anomaly:anomaly_viewer but it was marked as removed already
[18May2025 00:36:23.906] [Server thread/WARN] [net.minecraft.server.level.ServerLevel/]: Tried to add entity the_anomaly:anomaly_viewer but it was marked as removed already
[18May2025 00:36:24.056] [Server thread/WARN] [net.minecraft.server.level.ServerLevel/]: Tried to add entity the_anomaly:anomaly_viewer but it was marked as removed already
[18May2025 00:36:24.455] [Server thread/WARN] [net.minecraft.server.level.ServerLevel/]: Tried to add entity the_anomaly:anomaly_trap but it was marked as removed already
[18May2025 00:36:24.456] [Server thread/WARN] [net.minecraft.server.level.ServerLevel/]: Tried to add entity the_anomaly:anomaly_trap but it was marked as removed already
[18May2025 00:36:25.054] [Server thread/WARN] [net.minecraft.server.level.ServerLevel/]: Tried to add entity the_anomaly:anomaly_escape but it was marked as removed already
[18May2025 00:36:25.056] [Server thread/WARN] [net.minecraft.server.level.ServerLevel/]: Tried to add entity the_anomaly:anomaly_visitor_2 but it was marked as removed already
[18May2025 00:36:25.158] [Server thread/WARN] [net.minecraft.server.level.ServerLevel/]: Tried to add entity the_anomaly:anomaly_viewer but it was marked as removed already
[18May2025 00:36:25.604] [Server thread/WARN] [net.minecraft.server.level.ServerLevel/]: Tried to add entity the_anomaly:anomaly_viewer but it was marked as removed already
[18May2025 00:36:25.606] [Server thread/WARN] [net.minecraft.server.level.ServerLevel/]: Tried to add entity the_anomaly:anomaly_escape but it was marked as removed already
[18May2025 00:36:25.710] [Server thread/WARN] [net.minecraft.server.level.ServerLevel/]: Tried to add entity the_anomaly:anomaly_escape but it was marked as removed already
[18May2025 00:36:25.905] [Server thread/WARN] [net.minecraft.server.level.ServerLevel/]: Tried to add entity the_anomaly:anomaly_viewer but it was marked as removed already
[18May2025 00:36:25.907] [Server thread/WARN] [net.minecraft.server.level.ServerLevel/]: Tried to add entity the_anomaly:anomaly_viewer but it was marked as removed already
[18May2025 00:36:26.006] [Server thread/WARN] [net.minecraft.server.level.ServerLevel/]: Tried to add entity the_anomaly:anomaly_escape but it was marked as removed already
[18May2025 00:36:26.254] [Server thread/WARN] [net.minecraft.server.level.ServerLevel/]: Tried to add entity the_anomaly:anomaly_viewer but it was marked as removed already
[18May2025 00:36:26.506] [Server thread/WARN] [net.minecraft.server.level.ServerLevel/]: Tried to add entity the_anomaly:anomaly_trap but it was marked as removed already
[18May2025 00:36:26.514] [Server thread/INFO] [net.minecraft.server.MinecraftServer/]: [Reinhard_VA: Gamerule doImmediateRespawn is now set to: true]
[18May2025 00:36:27.454] [Server thread/WARN] [net.minecraft.server.level.ServerLevel/]: Tried to add entity the_anomaly:anomaly_viewer but it was marked as removed already
[18May2025 00:36:27.658] [Server thread/WARN] [net.minecraft.server.level.ServerLevel/]: Tried to add entity the_anomaly:anomaly_viewer but it was marked as removed already
[18May2025 00:36:27.658] [Server thread/WARN] [net.minecraft.server.level.ServerLevel/]: Tried to add entity the_anomaly:anomaly_escape but it was marked as removed already
[18May2025 00:36:27.658] [Server thread/WARN] [net.minecraft.server.level.ServerLevel/]: Tried to add entity the_anomaly:anomaly_escape but it was marked as removed already
[18May2025 00:36:27.705] [Server thread/WARN] [net.minecraft.server.level.ServerLevel/]: Tried to add entity the_anomaly:anomaly_trap but it was marked as removed already
[18May2025 00:36:27.955] [Server thread/WARN] [net.minecraft.server.level.ServerLevel/]: Tried to add entity the_anomaly:anomaly_escape but it was marked as removed already
[18May2025 00:36:28.004] [Server thread/WARN] [net.minecraft.server.level.ServerLevel/]: Tried to add entity the_anomaly:anomaly_escape but it was marked as removed already
[18May2025 00:36:28.456] [Server thread/WARN] [net.minecraft.server.level.ServerLevel/]: Tried to add entity the_anomaly:anomaly_viewer but it was marked as removed already
[18May2025 00:36:28.505] [Server thread/WARN] [net.minecraft.server.level.ServerLevel/]: Tried to add entity the_anomaly:anomaly_viewer but it was marked as removed already
[18May2025 00:36:28.655] [Server thread/WARN] [net.minecraft.server.level.ServerLevel/]: Tried to add entity the_anomaly:anomaly_trap but it was marked as removed already
[18May2025 00:36:28.704] [Server thread/WARN] [net.minecraft.server.level.ServerLevel/]: Tried to add entity the_anomaly:anomaly_viewer but it was marked as removed already
[18May2025 00:36:28.904] [Server thread/WARN] [net.minecraft.server.level.ServerLevel/]: Tried to add entity the_anomaly:anomaly_viewer but it was marked as removed already
[18May2025 00:36:29.004] [Server thread/WARN] [net.minecraft.server.level.ServerLevel/]: Tried to add entity the_anomaly:anomaly_viewer but it was marked as removed already
[18May2025 00:36:29.905] [Server thread/WARN] [net.minecraft.server.level.ServerLevel/]: Tried to add entity the_anomaly:anomaly_escape but it was marked as removed already
[18May2025 00:36:29.954] [Server thread/WARN] [net.minecraft.server.level.ServerLevel/]: Tried to add entity the_anomaly:anomaly_viewer but it was marked as removed already
[18May2025 00:36:30.160] [Server thread/WARN] [net.minecraft.server.level.ServerLevel/]: Tried to add entity the_anomaly:anomaly_trap but it was marked as removed already
[18May2025 00:36:30.254] [Server thread/WARN] [net.minecraft.server.level.ServerLevel/]: Tried to add entity the_anomaly:anomaly_trap but it was marked as removed already
[18May2025 00:36:30.256] [Server thread/WARN] [net.minecraft.server.level.ServerLevel/]: Tried to add entity the_anomaly:anomaly_trap but it was marked as removed already
[18May2025 00:36:30.357] [Server thread/WARN] [net.minecraft.server.level.ServerLevel/]: Tried to add entity the_anomaly:anomaly_visitor_2 but it was marked as removed already
[18May2025 00:36:30.856] [Server thread/WARN] [net.minecraft.server.level.ServerLevel/]: Tried to add entity the_anomaly:anomaly_viewer but it was marked as removed already
[18May2025 00:36:30.906] [Server thread/WARN] [net.minecraft.server.level.ServerLevel/]: Tried to add entity the_anomaly:anomaly_trap but it was marked as removed already
[18May2025 00:36:31.106] [Server thread/WARN] [net.minecraft.server.level.ServerLevel/]: Tried to add entity the_anomaly:anomaly_viewer but it was marked as removed already
[18May2025 00:36:31.106] [Server thread/WARN] [net.minecraft.server.level.ServerLevel/]: Tried to add entity the_anomaly:anomaly_escape but it was marked as removed already
[18May2025 00:36:31.154] [Server thread/WARN] [net.minecraft.server.level.ServerLevel/]: Tried to add entity the_anomaly:anomaly_trap but it was marked as removed already
[18May2025 00:36:31.256] [Server thread/WARN] [net.minecraft.server.level.ServerLevel/]: Tried to add entity the_anomaly:anomaly_trap but it was marked as removed already
[18May2025 00:36:31.405] [Server thread/WARN] [net.minecraft.server.level.ServerLevel/]: Tried to add entity the_anomaly:anomaly_escape but it was marked as removed already
[18May2025 00:36:31.505] [Server thread/WARN] [net.minecraft.server.level.ServerLevel/]: Tried to add entity the_anomaly:anomaly_viewer but it was marked as removed already
[18May2025 00:36:31.505] [Server thread/WARN] [net.minecraft.server.level.ServerLevel/]: Tried to add entity the_anomaly:anomaly_trap but it was marked as removed already
[18May2025 00:36:32.156] [Server thread/WARN] [net.minecraft.server.level.ServerLevel/]: Tried to add entity the_anomaly:anomaly_escape but it was marked as removed already
[18May2025 00:36:32.605] [Server thread/WARN] [net.minecraft.server.level.ServerLevel/]: Tried to add entity the_anomaly:anomaly_trap but it was marked as removed already
[18May2025 00:36:32.657] [Server thread/WARN] [net.minecraft.server.level.ServerLevel/]: Tried to add entity the_anomaly:anomaly_escape but it was marked as removed already
[18May2025 00:36:33.256] [Server thread/WARN] [net.minecraft.server.level.ServerLevel/]: Tried to add entity the_anomaly:anomaly_trap but it was marked as removed already
[18May2025 00:36:33.905] [Server thread/WARN] [net.minecraft.server.level.ServerLevel/]: Tried to add entity the_anomaly:anomaly_viewer but it was marked as removed already
[18May2025 00:36:33.955] [Server thread/WARN] [net.minecraft.server.level.ServerLevel/]: Tried to add entity the_anomaly:anomaly_viewer but it was marked as removed already
[18May2025 00:36:33.957] [Server thread/WARN] [net.minecraft.server.level.ServerLevel/]: Tried to add entity the_anomaly:anomaly_escape but it was marked as removed already
[18May2025 00:36:34.455] [Server thread/WARN] [net.minecraft.server.level.ServerLevel/]: Tried to add entity the_anomaly:anomaly_trap but it was marked as removed already
[18May2025 00:36:34.455] [Server thread/WARN] [net.minecraft.server.level.ServerLevel/]: Tried to add entity the_anomaly:anomaly_escape but it was marked as removed already
[18May2025 00:36:34.456] [Server thread/WARN] [net.minecraft.server.level.ServerLevel/]: Tried to add entity the_anomaly:anomaly_trap but it was marked as removed already
[18May2025 00:36:34.606] [Server thread/WARN] [net.minecraft.server.level.ServerLevel/]: Tried to add entity the_anomaly:anomaly_escape but it was marked as removed already
[18May2025 00:36:34.657] [Server thread/WARN] [net.minecraft.server.level.ServerLevel/]: Tried to add entity the_anomaly:anomaly_viewer but it was marked as removed already
[18May2025 00:36:34.907] [Server thread/WARN] [net.minecraft.server.level.ServerLevel/]: Tried to add entity the_anomaly:anomaly_viewer but it was marked as removed already
[18May2025 00:36:35.158] [Server thread/WARN] [net.minecraft.server.level.ServerLevel/]: Tried to add entity the_anomaly:anomaly_trap but it was marked as removed already
[18May2025 00:36:35.256] [Server thread/WARN] [net.minecraft.server.level.ServerLevel/]: Tried to add entity the_anomaly:anomaly_viewer but it was marked as removed already
[18May2025 00:36:35.605] [Server thread/WARN] [net.minecraft.server.level.ServerLevel/]: Tried to add entity the_anomaly:anomaly_viewer but it was marked as removed already
[18May2025 00:36:35.906] [Server thread/WARN] [net.minecraft.server.level.ServerLevel/]: Tried to add entity the_anomaly:anomaly_visitor_2 but it was marked as removed already
[18May2025 00:36:36.104] [Server thread/WARN] [net.minecraft.server.level.ServerLevel/]: Tried to add entity the_anomaly:anomaly_escape but it was marked as removed already
[18May2025 00:36:36.156] [Server thread/WARN] [net.minecraft.server.level.ServerLevel/]: Tried to add entity the_anomaly:anomaly_trap but it was marked as removed already
[18May2025 00:36:36.955] [Server thread/WARN] [net.minecraft.server.level.ServerLevel/]: Tried to add entity the_anomaly:anomaly_viewer but it was marked as removed already
[18May2025 00:36:37.304] [Server thread/WARN] [net.minecraft.server.level.ServerLevel/]: Tried to add entity the_anomaly:anomaly_viewer but it was marked as removed already
[18May2025 00:36:37.604] [Server thread/WARN] [net.minecraft.server.level.ServerLevel/]: Tried to add entity the_anomaly:anomaly_escape but it was marked as removed already
[18May2025 00:36:37.607] [Server thread/WARN] [net.minecraft.server.level.ServerLevel/]: Tried to add entity the_anomaly:anomaly_viewer but it was marked as removed already
[18May2025 00:36:37.854] [Server thread/WARN] [net.minecraft.server.level.ServerLevel/]: Tried to add entity the_anomaly:anomaly_escape but it was marked as removed already
[18May2025 00:36:38.206] [Server thread/WARN] [net.minecraft.server.level.ServerLevel/]: Tried to add entity the_anomaly:anomaly_escape but it was marked as removed already
[18May2025 00:36:38.506] [Server thread/WARN] [net.minecraft.server.level.ServerLevel/]: Tried to add entity the_anomaly:anomaly_viewer but it was marked as removed already
[18May2025 00:36:38.654] [Server thread/WARN] [net.minecraft.server.level.ServerLevel/]: Tried to add entity the_anomaly:anomaly_escape but it was marked as removed already
[18May2025 00:36:38.655] [Server thread/WARN] [net.minecraft.server.level.ServerLevel/]: Tried to add entity the_anomaly:anomaly_trap but it was marked as removed already
[18May2025 00:36:38.655] [Server thread/WARN] [net.minecraft.server.level.ServerLevel/]: Tried to add entity the_anomaly:anomaly_trap but it was marked as removed already
[18May2025 00:36:38.704] [Server thread/WARN] [net.minecraft.server.level.ServerLevel/]: Tried to add entity the_anomaly:anomaly_viewer but it was marked as removed already
[18May2025 00:36:39.104] [Server thread/WARN] [net.minecraft.server.level.ServerLevel/]: Tried to add entity the_anomaly:anomaly_escape but it was marked as removed already
[18May2025 00:36:39.154] [Server thread/WARN] [net.minecraft.server.level.ServerLevel/]: Tried to add entity the_anomaly:anomaly_viewer but it was marked as removed already
[18May2025 00:36:39.304] [Server thread/WARN] [net.minecraft.server.level.ServerLevel/]: Tried to add entity the_anomaly:anomaly_viewer but it was marked as removed already
[18May2025 00:36:39.756] [Server thread/WARN] [net.minecraft.server.level.ServerLevel/]: Tried to add entity the_anomaly:anomaly_trap but it was marked as removed already
[18May2025 00:36:39.954] [Server thread/WARN] [net.minecraft.server.level.ServerLevel/]: Tried to add entity the_anomaly:anomaly_trap but it was marked as removed already
[18May2025 00:36:39.956] [Server thread/WARN] [net.minecraft.server.level.ServerLevel/]: Tried to add entity the_anomaly:anomaly_escape but it was marked as removed already
[18May2025 00:36:40.454] [Server thread/WARN] [net.minecraft.server.level.ServerLevel/]: Tried to add entity the_anomaly:anomaly_trap but it was marked as removed already
[18May2025 00:36:40.505] [Server thread/WARN] [net.minecraft.server.level.ServerLevel/]: Tried to add entity the_anomaly:anomaly_trap but it was marked as removed already
[18May2025 00:36:40.856] [Server thread/WARN] [net.minecraft.server.level.ServerLevel/]: Tried to add entity the_anomaly:anomaly_viewer but it was marked as removed already
[18May2025 00:36:40.956] [Server thread/WARN] [net.minecraft.server.level.ServerLevel/]: Tried to add entity the_anomaly:anomaly_viewer but it was marked as removed already
[18May2025 00:36:41.055] [Server thread/WARN] [net.minecraft.server.level.ServerLevel/]: Tried to add entity the_anomaly:anomaly_trap but it was marked as removed already
[18May2025 00:36:41.555] [Server thread/WARN] [net.minecraft.server.level.ServerLevel/]: Tried to add entity the_anomaly:anomaly_escape but it was marked as removed already
[18May2025 00:36:41.905] [Server thread/WARN] [net.minecraft.server.level.ServerLevel/]: Tried to add entity the_anomaly:anomaly_viewer but it was marked as removed already
[18May2025 00:36:42.104] [Server thread/WARN] [net.minecraft.server.level.ServerLevel/]: Tried to add entity the_anomaly:anomaly_viewer but it was marked as removed already
[18May2025 00:36:42.105] [Server thread/WARN] [net.minecraft.server.level.ServerLevel/]: Tried to add entity the_anomaly:anomaly_escape but it was marked as removed already
[18May2025 00:36:42.155] [Server thread/WARN] [net.minecraft.server.level.ServerLevel/]: Tried to add entity the_anomaly:anomaly_escape but it was marked as removed already
[18May2025 00:36:42.606] [Server thread/WARN] [net.minecraft.server.level.ServerLevel/]: Tried to add entity the_anomaly:anomaly_viewer but it was marked as removed already
[18May2025 00:36:42.606] [Server thread/WARN] [net.minecraft.server.level.ServerLevel/]: Tried to add entity the_anomaly:anomaly_escape but it was marked as removed already
[18May2025 00:36:42.731] [Server thread/WARN] [net.minecraft.server.level.ServerLevel/]: Tried to add entity the_anomaly:anomaly_trap but it was marked as removed already
[18May2025 00:36:42.858] [Server thread/WARN] [net.minecraft.server.level.ServerLevel/]: Tried to add entity the_anomaly:anomaly_viewer but it was marked as removed already
[18May2025 00:36:43.113] [Server thread/WARN] [net.minecraft.server.level.ServerLevel/]: Tried to add entity the_anomaly:anomaly_trap but it was marked as removed already
[18May2025 00:36:43.114] [Server thread/WARN] [net.minecraft.server.level.ServerLevel/]: Tried to add entity the_anomaly:anomaly_viewer but it was marked as removed already
[18May2025 00:36:43.457] [Server thread/WARN] [net.minecraft.server.level.ServerLevel/]: Tried to add entity the_anomaly:anomaly_viewer but it was marked as removed already
[18May2025 00:36:43.459] [Server thread/WARN] [net.minecraft.server.level.ServerLevel/]: Tried to add entity the_anomaly:anomaly_escape but it was marked as removed already
[18May2025 00:36:44.023] [Server thread/WARN] [net.minecraft.server.level.ServerLevel/]: Tried to add entity the_anomaly:anomaly_viewer but it was marked as removed already
[18May2025 00:36:44.063] [Server thread/WARN] [net.minecraft.server.level.ServerLevel/]: Tried to add entity the_anomaly:anomaly_viewer but it was marked as removed already
[18May2025 00:36:44.287] [Worker-Main-7/ERROR] [net.minecraft.world.entity.decoration.HangingEntity/]: Hanging entity at invalid position: BlockPos{x=8, y=-59, z=111}
[18May2025 00:36:44.289] [Worker-Main-7/ERROR] [net.minecraft.world.entity.decoration.HangingEntity/]: Hanging entity at invalid position: BlockPos{x=8, y=-59, z=115}
[18May2025 00:36:44.290] [Worker-Main-7/ERROR] [net.minecraft.world.entity.decoration.HangingEntity/]: Hanging entity at invalid position: BlockPos{x=8, y=-59, z=119}
[18May2025 00:36:44.290] [Worker-Main-7/ERROR] [net.minecraft.world.entity.decoration.HangingEntity/]: Hanging entity at invalid position: BlockPos{x=8, y=-59, z=123}
[18May2025 00:36:44.304] [Server thread/WARN] [net.minecraft.server.level.ServerLevel/]: Tried to add entity the_anomaly:anomaly_trap but it was marked as removed already
[18May2025 00:36:44.505] [Server thread/WARN] [net.minecraft.server.level.ServerLevel/]: Tried to add entity the_anomaly:anomaly_trap but it was marked as removed already
[18May2025 00:36:45.110] [Server thread/WARN] [net.minecraft.server.level.ServerLevel/]: Tried to add entity the_anomaly:anomaly_visitor_2 but it was marked as removed already
[18May2025 00:36:45.707] [Server thread/WARN] [net.minecraft.server.level.ServerLevel/]: Tried to add entity the_anomaly:anomaly_viewer but it was marked as removed already
[18May2025 00:36:45.710] [Server thread/WARN] [net.minecraft.server.level.ServerLevel/]: Tried to add entity the_anomaly:anomaly_escape but it was marked as removed already
[18May2025 00:36:45.782] [Worker-Main-7/ERROR] [net.minecraft.world.entity.decoration.HangingEntity/]: Hanging entity at invalid position: BlockPos{x=8, y=-59, z=111}
[18May2025 00:36:45.783] [Worker-Main-7/ERROR] [net.minecraft.world.entity.decoration.HangingEntity/]: Hanging entity at invalid position: BlockPos{x=8, y=-59, z=115}
[18May2025 00:36:45.783] [Worker-Main-7/ERROR] [net.minecraft.world.entity.decoration.HangingEntity/]: Hanging entity at invalid position: BlockPos{x=8, y=-59, z=119}
[18May2025 00:36:45.784] [Worker-Main-7/ERROR] [net.minecraft.world.entity.decoration.HangingEntity/]: Hanging entity at invalid position: BlockPos{x=8, y=-59, z=123}
[18May2025 00:36:46.707] [Server thread/WARN] [net.minecraft.server.level.ServerLevel/]: Tried to add entity the_anomaly:anomaly_escape but it was marked as removed already
[18May2025 00:36:46.758] [Server thread/WARN] [net.minecraft.server.level.ServerLevel/]: Tried to add entity the_anomaly:anomaly_viewer but it was marked as removed already
[18May2025 00:36:46.758] [Server thread/WARN] [net.minecraft.server.level.ServerLevel/]: Tried to add entity the_anomaly:anomaly_trap but it was marked as removed already
[18May2025 00:36:47.005] [Server thread/WARN] [net.minecraft.server.level.ServerLevel/]: Tried to add entity the_anomaly:anomaly_trap but it was marked as removed already
[18May2025 00:36:47.455] [Server thread/WARN] [net.minecraft.server.level.ServerLevel/]: Tried to add entity the_anomaly:anomaly_viewer but it was marked as removed already
[18May2025 00:36:47.667] [Server thread/WARN] [net.minecraft.server.level.ServerLevel/]: Tried to add entity the_anomaly:anomaly_trap but it was marked as removed already
[18May2025 00:36:47.707] [Server thread/WARN] [net.minecraft.server.level.ServerLevel/]: Tried to add entity the_anomaly:anomaly_trap but it was marked as removed already
[18May2025 00:36:47.757] [Server thread/WARN] [net.minecraft.server.level.ServerLevel/]: Tried to add entity the_anomaly:anomaly_viewer but it was marked as removed already
[18May2025 00:36:48.206] [Server thread/WARN] [net.minecraft.server.level.ServerLevel/]: Tried to add entity the_anomaly:anomaly_viewer but it was marked as removed already
[18May2025 00:36:48.355] [Server thread/WARN] [net.minecraft.server.level.ServerLevel/]: Tried to add entity the_anomaly:anomaly_escape but it was marked as removed already
[18May2025 00:36:48.406] [Server thread/WARN] [net.minecraft.server.level.ServerLevel/]: Tried to add entity the_anomaly:anomaly_trap but it was marked as removed already
[18May2025 00:36:48.505] [Server thread/WARN] [net.minecraft.server.level.ServerLevel/]: Tried to add entity the_anomaly:anomaly_escape but it was marked as removed already
[18May2025 00:36:48.505] [Server thread/WARN] [net.minecraft.server.level.ServerLevel/]: Tried to add entity the_anomaly:anomaly_escape but it was marked as removed already
[18May2025 00:36:48.805] [Server thread/WARN] [net.minecraft.server.level.ServerLevel/]: Tried to add entity the_anomaly:anomaly_trap but it was marked as removed already
[18May2025 00:36:48.856] [Server thread/WARN] [net.minecraft.server.level.ServerLevel/]: Tried to add entity the_anomaly:anomaly_trap but it was marked as removed already
[18May2025 00:36:48.906] [Server thread/WARN] [net.minecraft.server.level.ServerLevel/]: Tried to add entity the_anomaly:anomaly_trap but it was marked as removed already
[18May2025 00:36:49.054] [Server thread/WARN] [net.minecraft.server.level.ServerLevel/]: Tried to add entity the_anomaly:anomaly_viewer but it was marked as removed already
[18May2025 00:36:49.206] [Server thread/WARN] [net.minecraft.server.level.ServerLevel/]: Tried to add entity the_anomaly:anomaly_viewer but it was marked as removed already
[18May2025 00:36:49.256] [Server thread/WARN] [net.minecraft.server.level.ServerLevel/]: Tried to add entity the_anomaly:anomaly_escape but it was marked as removed already
[18May2025 00:36:49.355] [Server thread/WARN] [net.minecraft.server.level.ServerLevel/]: Tried to add entity the_anomaly:anomaly_trap but it was marked as removed already
[18May2025 00:36:49.356] [Server thread/WARN] [net.minecraft.server.level.ServerLevel/]: Tried to add entity the_anomaly:anomaly_escape but it was marked as removed already
[18May2025 00:36:49.505] [Server thread/WARN] [net.minecraft.server.level.ServerLevel/]: Tried to add entity the_anomaly:anomaly_trap but it was marked as removed already
[18May2025 00:36:49.754] [Server thread/WARN] [net.minecraft.server.level.ServerLevel/]: Tried to add entity the_anomaly:anomaly_viewer but it was marked as removed already
[18May2025 00:36:49.854] [Server thread/WARN] [net.minecraft.server.level.ServerLevel/]: Tried to add entity the_anomaly:anomaly_viewer but it was marked as removed already
[18May2025 00:36:49.905] [Server thread/WARN] [net.minecraft.server.level.ServerLevel/]: Tried to add entity the_anomaly:anomaly_trap but it was marked as removed already
[18May2025 00:36:49.954] [Server thread/WARN] [net.minecraft.server.level.ServerLevel/]: Tried to add entity the_anomaly:anomaly_escape but it was marked as removed already
[18May2025 00:36:50.506] [Server thread/WARN] [net.minecraft.server.level.ServerLevel/]: Tried to add entity the_anomaly:anomaly_viewer but it was marked as removed already
[18May2025 00:36:51.256] [Server thread/WARN] [net.minecraft.server.level.ServerLevel/]: Tried to add entity the_anomaly:anomaly_escape but it was marked as removed already
[18May2025 00:36:51.305] [Server thread/WARN] [net.minecraft.server.level.ServerLevel/]: Tried to add entity the_anomaly:anomaly_escape but it was marked as removed already
[18May2025 00:36:51.508] [Server thread/WARN] [net.minecraft.server.level.ServerLevel/]: Tried to add entity the_anomaly:anomaly_escape but it was marked as removed already
[18May2025 00:36:51.656] [Server thread/WARN] [net.minecraft.server.level.ServerLevel/]: Tried to add entity the_anomaly:anomaly_viewer but it was marked as removed already
[18May2025 00:36:51.956] [Server thread/WARN] [net.minecraft.server.level.ServerLevel/]: Tried to add entity the_anomaly:anomaly_trap but it was marked as removed already
[18May2025 00:36:51.956] [Server thread/WARN] [net.minecraft.server.level.ServerLevel/]: Tried to add entity the_anomaly:anomaly_escape but it was marked as removed already
[18May2025 00:36:52.304] [Server thread/WARN] [net.minecraft.server.level.ServerLevel/]: Tried to add entity the_anomaly:anomaly_viewer but it was marked as removed already
[18May2025 00:36:52.455] [Server thread/WARN] [net.minecraft.server.level.ServerLevel/]: Tried to add entity the_anomaly:anomaly_viewer but it was marked as removed already
[18May2025 00:36:52.704] [Server thread/WARN] [net.minecraft.server.level.ServerLevel/]: Tried to add entity the_anomaly:anomaly_escape but it was marked as removed already
[18May2025 00:36:52.806] [Server thread/WARN] [net.minecraft.server.level.ServerLevel/]: Tried to add entity the_anomaly:anomaly_escape but it was marked as removed already
[18May2025 00:36:52.956] [Server thread/WARN] [net.minecraft.server.level.ServerLevel/]: Tried to add entity the_anomaly:anomaly_trap but it was marked as removed already
[18May2025 00:36:53.509] [Server thread/WARN] [net.minecraft.server.level.ServerLevel/]: Tried to add entity the_anomaly:anomaly_escape but it was marked as removed already
[18May2025 00:36:54.005] [Server thread/WARN] [net.minecraft.server.level.ServerLevel/]: Tried to add entity the_anomaly:anomaly_trap but it was marked as removed already
[18May2025 00:36:54.257] [Server thread/WARN] [net.minecraft.server.level.ServerLevel/]: Tried to add entity the_anomaly:anomaly_trap but it was marked as removed already
[18May2025 00:36:54.404] [Server thread/WARN] [net.minecraft.server.level.ServerLevel/]: Tried to add entity the_anomaly:anomaly_escape but it was marked as removed already
[18May2025 00:36:54.710] [Server thread/WARN] [net.minecraft.server.level.ServerLevel/]: Tried to add entity the_anomaly:anomaly_escape but it was marked as removed already
[18May2025 00:36:54.804] [Server thread/WARN] [net.minecraft.server.level.ServerLevel/]: Tried to add entity the_anomaly:anomaly_trap but it was marked as removed already
[18May2025 00:36:55.758] [Server thread/WARN] [net.minecraft.server.level.ServerLevel/]: Tried to add entity the_anomaly:anomaly_escape but it was marked as removed already
[18May2025 00:36:56.131] [Server thread/WARN] [net.minecraft.server.level.ServerLevel/]: Tried to add entity the_anomaly:anomaly_viewer but it was marked as removed already
[18May2025 00:36:56.319] [Server thread/WARN] [net.minecraft.server.level.ServerLevel/]: Tried to add entity the_anomaly:anomaly_trap but it was marked as removed already
[18May2025 00:36:56.559] [Server thread/WARN] [net.minecraft.server.level.ServerLevel/]: Tried to add entity the_anomaly:anomaly_viewer but it was marked as removed already
[18May2025 00:36:56.804] [Server thread/WARN] [net.minecraft.server.level.ServerLevel/]: Tried to add entity the_anomaly:anomaly_trap but it was marked as removed already
[18May2025 00:36:56.807] [Server thread/WARN] [net.minecraft.server.level.ServerLevel/]: Tried to add entity the_anomaly:anomaly_trap but it was marked as removed already
[18May2025 00:36:56.906] [Server thread/WARN] [net.minecraft.server.level.ServerLevel/]: Tried to add entity the_anomaly:anomaly_trap but it was marked as removed already
[18May2025 00:36:57.256] [Server thread/WARN] [net.minecraft.server.level.ServerLevel/]: Tried to add entity the_anomaly:anomaly_trap but it was marked as removed already
[18May2025 00:36:57.257] [Server thread/WARN] [net.minecraft.server.level.ServerLevel/]: Tried to add entity the_anomaly:anomaly_escape but it was marked as removed already
[18May2025 00:36:57.405] [Server thread/WARN] [net.minecraft.server.level.ServerLevel/]: Tried to add entity the_anomaly:anomaly_viewer but it was marked as removed already
[18May2025 00:36:57.456] [Server thread/WARN] [net.minecraft.server.level.ServerLevel/]: Tried to add entity the_anomaly:anomaly_trap but it was marked as removed already
[18May2025 00:36:57.678] [Server thread/WARN] [net.minecraft.server.level.ServerLevel/]: Tried to add entity the_anomaly:anomaly_escape but it was marked as removed already
[18May2025 00:36:57.774] [Server thread/WARN] [net.minecraft.server.level.ServerLevel/]: Tried to add entity the_anomaly:anomaly_escape but it was marked as removed already
[18May2025 00:36:57.857] [Server thread/WARN] [net.minecraft.server.level.ServerLevel/]: Tried to add entity the_anomaly:anomaly_escape but it was marked as removed already
[18May2025 00:36:57.860] [Server thread/WARN] [net.minecraft.server.level.ServerLevel/]: Tried to add entity the_anomaly:anomaly_escape but it was marked as removed already
[18May2025 00:36:57.906] [Server thread/WARN] [net.minecraft.server.level.ServerLevel/]: Tried to add entity the_anomaly:anomaly_viewer but it was marked as removed already
[18May2025 00:36:58.005] [Server thread/WARN] [net.minecraft.server.level.ServerLevel/]: Tried to add entity the_anomaly:anomaly_escape but it was marked as removed already
[18May2025 00:36:58.009] [Server thread/WARN] [net.minecraft.server.level.ServerLevel/]: Tried to add entity the_anomaly:anomaly_viewer but it was marked as removed already
[18May2025 00:36:58.206] [Server thread/WARN] [net.minecraft.server.level.ServerLevel/]: Tried to add entity the_anomaly:anomaly_escape but it was marked as removed already
[18May2025 00:36:58.256] [Server thread/WARN] [net.minecraft.server.level.ServerLevel/]: Tried to add entity the_anomaly:anomaly_viewer but it was marked as removed already
[18May2025 00:36:58.654] [Server thread/WARN] [net.minecraft.server.level.ServerLevel/]: Tried to add entity the_anomaly:anomaly_viewer but it was marked as removed already
[18May2025 00:36:58.655] [Server thread/WARN] [net.minecraft.server.level.ServerLevel/]: Tried to add entity the_anomaly:anomaly_trap but it was marked as removed already
[18May2025 00:36:58.854] [Server thread/WARN] [net.minecraft.server.level.ServerLevel/]: Tried to add entity the_anomaly:anomaly_escape but it was marked as removed already
[18May2025 00:36:59.057] [Server thread/WARN] [net.minecraft.server.level.ServerLevel/]: Tried to add entity the_anomaly:anomaly_viewer but it was marked as removed already
[18May2025 00:36:59.106] [Server thread/WARN] [net.minecraft.server.level.ServerLevel/]: Tried to add entity the_anomaly:anomaly_trap but it was marked as removed already
[18May2025 00:36:59.154] [Server thread/WARN] [net.minecraft.server.level.ServerLevel/]: Tried to add entity the_anomaly:anomaly_viewer but it was marked as removed already
[18May2025 00:36:59.754] [Server thread/WARN] [net.minecraft.server.level.ServerLevel/]: Tried to add entity the_anomaly:anomaly_trap but it was marked as removed already
[18May2025 00:37:00.161] [Server thread/WARN] [net.minecraft.server.level.ServerLevel/]: Tried to add entity the_anomaly:anomaly_trap but it was marked as removed already
[18May2025 00:37:00.211] [Server thread/WARN] [net.minecraft.server.level.ServerLevel/]: Tried to add entity the_anomaly:anomaly_viewer but it was marked as removed already
[18May2025 00:37:00.264] [Server thread/WARN] [net.minecraft.server.level.ServerLevel/]: Tried to add entity the_anomaly:anomaly_trap but it was marked as removed already
[18May2025 00:37:00.264] [Server thread/WARN] [net.minecraft.server.level.ServerLevel/]: Tried to add entity the_anomaly:anomaly_trap but it was marked as removed already
[18May2025 00:37:00.411] [Server thread/WARN] [net.minecraft.server.level.ServerLevel/]: Tried to add entity the_anomaly:anomaly_trap but it was marked as removed already
[18May2025 00:37:00.456] [Server thread/WARN] [net.minecraft.server.level.ServerLevel/]: Tried to add entity the_anomaly:anomaly_escape but it was marked as removed already
[18May2025 00:37:00.562] [Server thread/WARN] [net.minecraft.server.level.ServerLevel/]: Tried to add entity the_anomaly:anomaly_viewer but it was marked as removed already
[18May2025 00:37:00.564] [Server thread/WARN] [net.minecraft.server.level.ServerLevel/]: Tried to add entity the_anomaly:anomaly_trap but it was marked as removed already
[18May2025 00:37:00.607] [Server thread/WARN] [net.minecraft.server.level.ServerLevel/]: Tried to add entity the_anomaly:anomaly_trap but it was marked as removed already
[18May2025 00:37:00.808] [Server thread/WARN] [net.minecraft.server.level.ServerLevel/]: Tried to add entity the_anomaly:anomaly_trap but it was marked as removed already
[18May2025 00:37:01.156] [Server thread/WARN] [net.minecraft.server.level.ServerLevel/]: Tried to add entity the_anomaly:anomaly_trap but it was marked as removed already
[18May2025 00:37:01.207] [Server thread/WARN] [net.minecraft.server.level.ServerLevel/]: Tried to add entity the_anomaly:anomaly_viewer but it was marked as removed already
[18May2025 00:37:01.555] [Server thread/WARN] [net.minecraft.server.level.ServerLevel/]: Tried to add entity the_anomaly:anomaly_viewer but it was marked as removed already
[18May2025 00:37:01.556] [Server thread/WARN] [net.minecraft.server.level.ServerLevel/]: Tried to add entity the_anomaly:anomaly_trap but it was marked as removed already
[18May2025 00:37:01.607] [Server thread/WARN] [net.minecraft.server.level.ServerLevel/]: Tried to add entity the_anomaly:anomaly_viewer but it was marked as removed already
[18May2025 00:37:01.856] [Server thread/WARN] [net.minecraft.server.level.ServerLevel/]: Tried to add entity the_anomaly:anomaly_viewer but it was marked as removed already
[18May2025 00:37:01.910] [Server thread/WARN] [net.minecraft.server.level.ServerLevel/]: Tried to add entity the_anomaly:anomaly_trap but it was marked as removed already
[18May2025 00:37:01.911] [Server thread/WARN] [net.minecraft.server.level.ServerLevel/]: Tried to add entity the_anomaly:anomaly_escape but it was marked as removed already
[18May2025 00:37:02.060] [Server thread/WARN] [net.minecraft.server.level.ServerLevel/]: Tried to add entity the_anomaly:anomaly_escape but it was marked as removed already
[18May2025 00:37:02.155] [Server thread/WARN] [net.minecraft.server.level.ServerLevel/]: Tried to add entity the_anomaly:anomaly_escape but it was marked as removed already
[18May2025 00:37:02.156] [Server thread/WARN] [net.minecraft.server.level.ServerLevel/]: Tried to add entity the_anomaly:anomaly_viewer but it was marked as removed already
[18May2025 00:37:02.416] [Server thread/WARN] [net.minecraft.server.level.ServerLevel/]: Tried to add entity the_anomaly:anomaly_viewer but it was marked as removed already
[18May2025 00:37:02.565] [Server thread/WARN] [net.minecraft.server.level.ServerLevel/]: Tried to add entity the_anomaly:anomaly_escape but it was marked as removed already
[18May2025 00:37:02.808] [Server thread/WARN] [net.minecraft.server.level.ServerLevel/]: Tried to add entity the_anomaly:anomaly_trap but it was marked as removed already
[18May2025 00:37:02.812] [Server thread/WARN] [net.minecraft.server.level.ServerLevel/]: Tried to add entity the_anomaly:anomaly_viewer but it was marked as removed already
[18May2025 00:37:03.106] [Server thread/WARN] [net.minecraft.server.level.ServerLevel/]: Tried to add entity the_anomaly:anomaly_escape but it was marked as removed already
[18May2025 00:37:03.108] [Server thread/WARN] [net.minecraft.server.level.ServerLevel/]: Tried to add entity the_anomaly:anomaly_visitor_2 but it was marked as removed already
[18May2025 00:37:03.108] [Server thread/WARN] [net.minecraft.server.level.ServerLevel/]: Tried to add entity the_anomaly:anomaly_viewer but it was marked as removed already
[18May2025 00:37:03.256] [Server thread/WARN] [net.minecraft.server.level.ServerLevel/]: Tried to add entity the_anomaly:anomaly_escape but it was marked as removed already
[18May2025 00:37:03.657] [Server thread/WARN] [net.minecraft.server.level.ServerLevel/]: Tried to add entity the_anomaly:anomaly_escape but it was marked as removed already
[18May2025 00:37:03.708] [Server thread/WARN] [net.minecraft.server.level.ServerLevel/]: Tried to add entity the_anomaly:anomaly_escape but it was marked as removed already
[18May2025 00:37:03.760] [Server thread/WARN] [net.minecraft.server.level.ServerLevel/]: Tried to add entity the_anomaly:anomaly_escape but it was marked as removed already
[18May2025 00:37:04.107] [Server thread/WARN] [net.minecraft.server.level.ServerLevel/]: Tried to add entity the_anomaly:anomaly_trap but it was marked as removed already
[18May2025 00:37:04.206] [Server thread/WARN] [net.minecraft.server.level.ServerLevel/]: Tried to add entity the_anomaly:anomaly_escape but it was marked as removed already
[18May2025 00:37:04.208] [Server thread/WARN] [net.minecraft.server.level.ServerLevel/]: Tried to add entity the_anomaly:anomaly_viewer but it was marked as removed already
[18May2025 00:37:04.456] [Server thread/WARN] [net.minecraft.server.level.ServerLevel/]: Tried to add entity the_anomaly:anomaly_viewer but it was marked as removed already
[18May2025 00:37:04.554] [Server thread/WARN] [net.minecraft.server.level.ServerLevel/]: Tried to add entity the_anomaly:anomaly_viewer but it was marked as removed already
[18May2025 00:37:04.705] [Server thread/WARN] [net.minecraft.server.level.ServerLevel/]: Tried to add entity the_anomaly:anomaly_viewer but it was marked as removed already
[18May2025 00:37:05.006] [Server thread/WARN] [net.minecraft.server.level.ServerLevel/]: Tried to add entity the_anomaly:anomaly_escape but it was marked as removed already
[18May2025 00:37:05.056] [Server thread/WARN] [net.minecraft.server.level.ServerLevel/]: Tried to add entity the_anomaly:anomaly_shadow_stalker but it was marked as removed already
[18May2025 00:37:05.457] [Server thread/WARN] [net.minecraft.server.level.ServerLevel/]: Tried to add entity the_anomaly:anomaly_viewer but it was marked as removed already
[18May2025 00:37:05.604] [Server thread/WARN] [net.minecraft.server.level.ServerLevel/]: Tried to add entity the_anomaly:anomaly_visitor_2 but it was marked as removed already
[18May2025 00:37:05.655] [Server thread/WARN] [net.minecraft.server.level.ServerLevel/]: Tried to add entity the_anomaly:anomaly_viewer but it was marked as removed already
[18May2025 00:37:05.705] [Server thread/WARN] [net.minecraft.server.level.ServerLevel/]: Tried to add entity the_anomaly:anomaly_visitor_2 but it was marked as removed already
[18May2025 00:37:05.806] [Server thread/WARN] [net.minecraft.server.level.ServerLevel/]: Tried to add entity the_anomaly:anomaly_viewer but it was marked as removed already
[18May2025 00:37:05.905] [Server thread/WARN] [net.minecraft.server.level.ServerLevel/]: Tried to add entity the_anomaly:anomaly_trap but it was marked as removed already
[18May2025 00:37:05.905] [Server thread/WARN] [net.minecraft.server.level.ServerLevel/]: Tried to add entity the_anomaly:anomaly_escape but it was marked as removed already
[18May2025 00:37:06.055] [Server thread/WARN] [net.minecraft.server.level.ServerLevel/]: Tried to add entity the_anomaly:anomaly_viewer but it was marked as removed already
[18May2025 00:37:06.156] [Server thread/WARN] [net.minecraft.server.level.ServerLevel/]: Tried to add entity the_anomaly:anomaly_trap but it was marked as removed already
[18May2025 00:37:06.207] [Server thread/WARN] [net.minecraft.server.level.ServerLevel/]: Tried to add entity the_anomaly:anomaly_trap but it was marked as removed already
[18May2025 00:37:06.354] [Server thread/WARN] [net.minecraft.server.level.ServerLevel/]: Tried to add entity the_anomaly:anomaly_trap but it was marked as removed already
[18May2025 00:37:06.454] [Server thread/WARN] [net.minecraft.server.level.ServerLevel/]: Tried to add entity the_anomaly:anomaly_trap but it was marked as removed already
[18May2025 00:37:06.504] [Server thread/WARN] [net.minecraft.server.level.ServerLevel/]: Tried to add entity the_anomaly:anomaly_escape but it was marked as removed already
[18May2025 00:37:06.558] [Server thread/WARN] [net.minecraft.server.level.ServerLevel/]: Tried to add entity the_anomaly:anomaly_visitor but it was marked as removed already
[18May2025 00:37:06.805] [Server thread/WARN] [net.minecraft.server.level.ServerLevel/]: Tried to add entity the_anomaly:anomaly_escape but it was marked as removed already
[18May2025 00:37:06.854] [Server thread/WARN] [net.minecraft.server.level.ServerLevel/]: Tried to add entity the_anomaly:anomaly_trap but it was marked as removed already
[18May2025 00:37:06.954] [Server thread/WARN] [net.minecraft.server.level.ServerLevel/]: Tried to add entity the_anomaly:anomaly_escape but it was marked as removed already
[18May2025 00:37:07.157] [Server thread/WARN] [net.minecraft.server.level.ServerLevel/]: Tried to add entity the_anomaly:anomaly_escape but it was marked as removed already
[18May2025 00:37:07.557] [Server thread/WARN] [net.minecraft.server.level.ServerLevel/]: Tried to add entity the_anomaly:anomaly_trap but it was marked as removed already
[18May2025 00:37:07.804] [Server thread/WARN] [net.minecraft.server.level.ServerLevel/]: Tried to add entity the_anomaly:anomaly_viewer but it was marked as removed already
[18May2025 00:37:07.857] [Server thread/WARN] [net.minecraft.server.level.ServerLevel/]: Tried to add entity the_anomaly:anomaly_trap but it was marked as removed already
[18May2025 00:37:08.016] [Server thread/INFO] [net.minecraft.server.MinecraftServer/]: Reinhard_VA fell from a high place
[18May2025 00:37:08.655] [Server thread/WARN] [net.minecraft.server.level.ServerLevel/]: Tried to add entity the_anomaly:anomaly_trap but it was marked as removed already
[18May2025 00:37:08.768] [Server thread/DEBUG] [tacz/SYNC_BASE_TIMESTAMP]: Update server base timestamp: 1747528628768
[18May2025 00:37:09.157] [Server thread/WARN] [net.minecraft.server.level.ServerLevel/]: Tried to add entity the_anomaly:anomaly_viewer but it was marked as removed already
[18May2025 00:37:09.355] [Server thread/WARN] [net.minecraft.server.level.ServerLevel/]: Tried to add entity the_anomaly:anomaly_viewer but it was marked as removed already
[18May2025 00:37:09.556] [Server thread/WARN] [net.minecraft.server.level.ServerLevel/]: Tried to add entity the_anomaly:anomaly_trap but it was marked as removed already
[18May2025 00:37:09.756] [Server thread/WARN] [net.minecraft.server.level.ServerLevel/]: Tried to add entity the_anomaly:anomaly_trap but it was marked as removed already
[18May2025 00:37:10.505] [Server thread/WARN] [net.minecraft.server.level.ServerLevel/]: Tried to add entity the_anomaly:anomaly_trap but it was marked as removed already
[18May2025 00:37:10.906] [Server thread/WARN] [net.minecraft.server.level.ServerLevel/]: Tried to add entity the_anomaly:anomaly_trap but it was marked as removed already
[18May2025 00:37:11.705] [Server thread/WARN] [net.minecraft.server.level.ServerLevel/]: Tried to add entity the_anomaly:anomaly_viewer but it was marked as removed already
[18May2025 00:37:12.355] [Server thread/WARN] [net.minecraft.server.level.ServerLevel/]: Tried to add entity the_anomaly:anomaly_trap but it was marked as removed already
[18May2025 00:37:12.404] [Server thread/WARN] [net.minecraft.server.level.ServerLevel/]: Tried to add entity the_anomaly:anomaly_visitor_2 but it was marked as removed already
[18May2025 00:37:12.556] [Server thread/WARN] [net.minecraft.server.level.ServerLevel/]: Tried to add entity the_anomaly:anomaly_trap but it was marked as removed already
[18May2025 00:37:13.055] [Server thread/WARN] [net.minecraft.server.level.ServerLevel/]: Tried to add entity the_anomaly:anomaly_viewer but it was marked as removed already
[18May2025 00:37:13.706] [Server thread/WARN] [net.minecraft.server.level.ServerLevel/]: Tried to add entity the_anomaly:anomaly_visitor_2 but it was marked as removed already
[18May2025 00:37:13.805] [Server thread/WARN] [net.minecraft.server.level.ServerLevel/]: Tried to add entity the_anomaly:anomaly_viewer but it was marked as removed already
[18May2025 00:37:14.355] [Server thread/WARN] [net.minecraft.server.level.ServerLevel/]: Tried to add entity the_anomaly:anomaly_viewer but it was marked as removed already
[18May2025 00:37:14.655] [Server thread/WARN] [net.minecraft.server.level.ServerLevel/]: Tried to add entity the_anomaly:anomaly_viewer but it was marked as removed already
[18May2025 00:37:15.205] [Server thread/WARN] [net.minecraft.server.level.ServerLevel/]: Tried to add entity the_anomaly:anomaly_visitor but it was marked as removed already
[18May2025 00:37:15.356] [Server thread/WARN] [net.minecraft.server.level.ServerLevel/]: Tried to add entity the_anomaly:anomaly_viewer but it was marked as removed already
[18May2025 00:37:16.055] [Server thread/WARN] [net.minecraft.server.level.ServerLevel/]: Tried to add entity the_anomaly:anomaly_viewer but it was marked as removed already
[18May2025 00:37:16.454] [Server thread/WARN] [net.minecraft.server.level.ServerLevel/]: Tried to add entity the_anomaly:anomaly_escape but it was marked as removed already
[18May2025 00:37:16.606] [Server thread/WARN] [net.minecraft.server.level.ServerLevel/]: Tried to add entity the_anomaly:anomaly_viewer but it was marked as removed already
[18May2025 00:37:17.005] [Server thread/WARN] [net.minecraft.server.level.ServerLevel/]: Tried to add entity the_anomaly:anomaly_trap but it was marked as removed already
[18May2025 00:37:17.656] [Server thread/WARN] [net.minecraft.server.level.ServerLevel/]: Tried to add entity the_anomaly:anomaly_viewer but it was marked as removed already
[18May2025 00:37:18.104] [Server thread/WARN] [net.minecraft.server.level.ServerLevel/]: Tried to add entity the_anomaly:anomaly_viewer but it was marked as removed already
[18May2025 00:37:18.305] [Server thread/WARN] [net.minecraft.server.level.ServerLevel/]: Tried to add entity the_anomaly:anomaly_trap but it was marked as removed already
[18May2025 00:37:18.407] [Server thread/WARN] [net.minecraft.server.level.ServerLevel/]: Tried to add entity the_anomaly:anomaly_viewer but it was marked as removed already
[18May2025 00:37:18.506] [Server thread/WARN] [net.minecraft.server.level.ServerLevel/]: Tried to add entity the_anomaly:anomaly_viewer but it was marked as removed already
[18May2025 00:37:19.054] [Server thread/WARN] [net.minecraft.server.level.ServerLevel/]: Tried to add entity the_anomaly:anomaly_viewer but it was marked as removed already
[18May2025 00:37:19.207] [Server thread/WARN] [net.minecraft.server.level.ServerLevel/]: Tried to add entity the_anomaly:anomaly_viewer but it was marked as removed already
[18May2025 00:37:19.705] [Server thread/WARN] [net.minecraft.server.level.ServerLevel/]: Tried to add entity the_anomaly:anomaly_trap but it was marked as removed already
[18May2025 00:37:19.706] [Server thread/WARN] [net.minecraft.server.level.ServerLevel/]: Tried to add entity the_anomaly:anomaly_trap but it was marked as removed already
[18May2025 00:37:20.256] [Server thread/WARN] [net.minecraft.server.level.ServerLevel/]: Tried to add entity the_anomaly:anomaly_escape but it was marked as removed already
[18May2025 00:37:20.507] [Server thread/WARN] [net.minecraft.server.level.ServerLevel/]: Tried to add entity the_anomaly:anomaly_trap but it was marked as removed already
[18May2025 00:37:20.556] [Server thread/WARN] [net.minecraft.server.level.ServerLevel/]: Tried to add entity the_anomaly:anomaly_trap but it was marked as removed already
[18May2025 00:37:20.654] [Server thread/WARN] [net.minecraft.server.level.ServerLevel/]: Tried to add entity the_anomaly:anomaly_escape but it was marked as removed already
[18May2025 00:37:20.654] [Server thread/WARN] [net.minecraft.server.level.ServerLevel/]: Tried to add entity the_anomaly:anomaly_trap but it was marked as removed already
[18May2025 00:37:20.655] [Server thread/WARN] [net.minecraft.server.level.ServerLevel/]: Tried to add entity the_anomaly:anomaly_trap but it was marked as removed already
[18May2025 00:37:20.657] [Server thread/WARN] [net.minecraft.server.level.ServerLevel/]: Tried to add entity the_anomaly:anomaly_escape but it was marked as removed already
[18May2025 00:37:20.657] [Server thread/WARN] [net.minecraft.server.level.ServerLevel/]: Tried to add entity the_anomaly:anomaly_viewer but it was marked as removed already
[18May2025 00:37:20.705] [Server thread/WARN] [net.minecraft.server.level.ServerLevel/]: Tried to add entity the_anomaly:anomaly_viewer but it was marked as removed already
[18May2025 00:37:21.054] [Server thread/WARN] [net.minecraft.server.level.ServerLevel/]: Tried to add entity the_anomaly:anomaly_trap but it was marked as removed already
[18May2025 00:37:21.155] [Server thread/WARN] [net.minecraft.server.level.ServerLevel/]: Tried to add entity the_anomaly:anomaly_trap but it was marked as removed already
[18May2025 00:37:21.506] [Server thread/WARN] [net.minecraft.server.level.ServerLevel/]: Tried to add entity the_anomaly:anomaly_escape but it was marked as removed already
[18May2025 00:37:21.855] [Server thread/WARN] [net.minecraft.server.level.ServerLevel/]: Tried to add entity the_anomaly:anomaly_viewer but it was marked as removed already
[18May2025 00:37:21.855] [Server thread/WARN] [net.minecraft.server.level.ServerLevel/]: Tried to add entity the_anomaly:anomaly_trap but it was marked as removed already
[18May2025 00:37:22.055] [Server thread/WARN] [net.minecraft.server.level.ServerLevel/]: Tried to add entity the_anomaly:anomaly_escape but it was marked as removed already
[18May2025 00:37:22.105] [Server thread/WARN] [net.minecraft.server.level.ServerLevel/]: Tried to add entity the_anomaly:anomaly_trap but it was marked as removed already
[18May2025 00:37:22.156] [Server thread/WARN] [net.minecraft.server.level.ServerLevel/]: Tried to add entity the_anomaly:anomaly_viewer but it was marked as removed already
[18May2025 00:37:22.204] [Server thread/WARN] [net.minecraft.server.level.ServerLevel/]: Tried to add entity the_anomaly:anomaly_viewer but it was marked as removed already
[18May2025 00:37:22.204] [Server thread/WARN] [net.minecraft.server.level.ServerLevel/]: Tried to add entity the_anomaly:anomaly_trap but it was marked as removed already
[18May2025 00:37:22.405] [Server thread/WARN] [net.minecraft.server.level.ServerLevel/]: Tried to add entity the_anomaly:anomaly_trap but it was marked as removed already
[18May2025 00:37:22.555] [Server thread/WARN] [net.minecraft.server.level.ServerLevel/]: Tried to add entity the_anomaly:anomaly_escape but it was marked as removed already
[18May2025 00:37:22.604] [Server thread/WARN] [net.minecraft.server.level.ServerLevel/]: Tried to add entity the_anomaly:anomaly_viewer but it was marked as removed already
[18May2025 00:37:22.606] [Server thread/WARN] [net.minecraft.server.level.ServerLevel/]: Tried to add entity the_anomaly:anomaly_escape but it was marked as removed already
[18May2025 00:37:22.756] [Server thread/WARN] [net.minecraft.server.level.ServerLevel/]: Tried to add entity the_anomaly:anomaly_viewer but it was marked as removed already
[18May2025 00:37:23.006] [Server thread/WARN] [net.minecraft.server.level.ServerLevel/]: Tried to add entity the_anomaly:anomaly_escape but it was marked as removed already
[18May2025 00:37:23.104] [Server thread/WARN] [net.minecraft.server.level.ServerLevel/]: Tried to add entity the_anomaly:anomaly_visitor but it was marked as removed already
[18May2025 00:37:23.106] [Server thread/WARN] [net.minecraft.server.level.ServerLevel/]: Tried to add entity the_anomaly:anomaly_viewer but it was marked as removed already
[18May2025 00:37:23.204] [Server thread/WARN] [net.minecraft.server.level.ServerLevel/]: Tried to add entity the_anomaly:anomaly_escape but it was marked as removed already
[18May2025 00:37:23.705] [Server thread/WARN] [net.minecraft.server.level.ServerLevel/]: Tried to add entity the_anomaly:anomaly_viewer but it was marked as removed already
[18May2025 00:37:23.706] [Server thread/WARN] [net.minecraft.server.level.ServerLevel/]: Tried to add entity the_anomaly:anomaly_visitor but it was marked as removed already
[18May2025 00:37:23.755] [Server thread/WARN] [net.minecraft.server.level.ServerLevel/]: Tried to add entity the_anomaly:anomaly_escape but it was marked as removed already
[18May2025 00:37:23.859] [Server thread/WARN] [net.minecraft.server.level.ServerLevel/]: Tried to add entity the_anomaly:anomaly_escape but it was marked as removed already
[18May2025 00:37:24.263] [Server thread/WARN] [net.minecraft.server.level.ServerLevel/]: Tried to add entity the_anomaly:anomaly_viewer but it was marked as removed already
[18May2025 00:37:24.405] [Server thread/WARN] [net.minecraft.server.level.ServerLevel/]: Tried to add entity the_anomaly:anomaly_escape but it was marked as removed already
[18May2025 00:37:24.657] [Server thread/WARN] [net.minecraft.server.level.ServerLevel/]: Tried to add entity the_anomaly:anomaly_trap but it was marked as removed already
[18May2025 00:37:25.156] [Server thread/WARN] [net.minecraft.server.level.ServerLevel/]: Tried to add entity the_anomaly:anomaly_viewer but it was marked as removed already
[18May2025 00:37:25.159] [Server thread/WARN] [net.minecraft.server.level.ServerLevel/]: Tried to add entity the_anomaly:anomaly_escape but it was marked as removed already
[18May2025 00:37:25.455] [Server thread/WARN] [net.minecraft.server.level.ServerLevel/]: Tried to add entity the_anomaly:anomaly_trap but it was marked as removed already
[18May2025 00:37:26.057] [Server thread/WARN] [net.minecraft.server.level.ServerLevel/]: Tried to add entity the_anomaly:anomaly_escape but it was marked as removed already
[18May2025 00:37:26.104] [Server thread/WARN] [net.minecraft.server.level.ServerLevel/]: Tried to add entity the_anomaly:anomaly_viewer but it was marked as removed already
[18May2025 00:37:26.309] [Server thread/WARN] [net.minecraft.server.level.ServerLevel/]: Tried to add entity the_anomaly:anomaly_viewer but it was marked as removed already
[18May2025 00:37:26.558] [Server thread/WARN] [net.minecraft.server.level.ServerLevel/]: Tried to add entity the_anomaly:anomaly_viewer but it was marked as removed already
[18May2025 00:37:26.559] [Server thread/WARN] [net.minecraft.server.level.ServerLevel/]: Tried to add entity the_anomaly:anomaly_escape but it was marked as removed already
[18May2025 00:37:26.560] [Server thread/WARN] [net.minecraft.server.level.ServerLevel/]: Tried to add entity the_anomaly:anomaly_escape but it was marked as removed already
[18May2025 00:37:26.596] [Worker-Main-7/ERROR] [net.minecraft.world.entity.decoration.HangingEntity/]: Hanging entity at invalid position: BlockPos{x=8, y=-59, z=95}
[18May2025 00:37:26.597] [Worker-Main-7/ERROR] [net.minecraft.world.entity.decoration.HangingEntity/]: Hanging entity at invalid position: BlockPos{x=8, y=-59, z=99}
[18May2025 00:37:26.597] [Worker-Main-7/ERROR] [net.minecraft.world.entity.decoration.HangingEntity/]: Hanging entity at invalid position: BlockPos{x=8, y=-59, z=103}
[18May2025 00:37:26.597] [Worker-Main-7/ERROR] [net.minecraft.world.entity.decoration.HangingEntity/]: Hanging entity at invalid position: BlockPos{x=8, y=-59, z=107}
[18May2025 00:37:26.676] [Server thread/WARN] [net.minecraft.server.level.ServerLevel/]: Tried to add entity the_anomaly:anomaly_viewer but it was marked as removed already
[18May2025 00:37:26.720] [Server thread/WARN] [net.minecraft.server.level.ServerLevel/]: Tried to add entity the_anomaly:anomaly_viewer but it was marked as removed already
[18May2025 00:37:27.153] [Worker-Main-7/ERROR] [net.minecraft.world.entity.decoration.HangingEntity/]: Hanging entity at invalid position: BlockPos{x=8, y=-59, z=79}
[18May2025 00:37:27.154] [Worker-Main-7/ERROR] [net.minecraft.world.entity.decoration.HangingEntity/]: Hanging entity at invalid position: BlockPos{x=8, y=-59, z=83}
[18May2025 00:37:27.154] [Worker-Main-7/ERROR] [net.minecraft.world.entity.decoration.HangingEntity/]: Hanging entity at invalid position: BlockPos{x=8, y=-59, z=87}
[18May2025 00:37:27.154] [Worker-Main-7/ERROR] [net.minecraft.world.entity.decoration.HangingEntity/]: Hanging entity at invalid position: BlockPos{x=8, y=-59, z=91}
[18May2025 00:37:27.241] [Server thread/WARN] [net.minecraft.server.level.ServerLevel/]: Tried to add entity the_anomaly:anomaly_escape but it was marked as removed already
[18May2025 00:37:27.256] [Server thread/WARN] [net.minecraft.server.level.ServerLevel/]: Tried to add entity the_anomaly:anomaly_escape but it was marked as removed already
[18May2025 00:37:27.296] [Server thread/WARN] [net.minecraft.server.level.ServerLevel/]: Tried to add entity the_anomaly:anomaly_trap but it was marked as removed already
[18May2025 00:37:27.301] [Server thread/WARN] [net.minecraft.server.level.ServerLevel/]: Tried to add entity the_anomaly:anomaly_trap but it was marked as removed already
[18May2025 00:37:27.756] [Server thread/WARN] [net.minecraft.server.level.ServerLevel/]: Tried to add entity the_anomaly:anomaly_escape but it was marked as removed already
[18May2025 00:37:28.006] [Server thread/WARN] [net.minecraft.server.level.ServerLevel/]: Tried to add entity the_anomaly:anomaly_viewer but it was marked as removed already
[18May2025 00:37:28.106] [Server thread/WARN] [net.minecraft.server.level.ServerLevel/]: Tried to add entity the_anomaly:anomaly_viewer but it was marked as removed already
[18May2025 00:37:28.107] [Server thread/WARN] [net.minecraft.server.level.ServerLevel/]: Tried to add entity the_anomaly:anomaly_trap but it was marked as removed already
[18May2025 00:37:28.107] [Server thread/WARN] [net.minecraft.server.level.ServerLevel/]: Tried to add entity the_anomaly:anomaly_viewer but it was marked as removed already
[18May2025 00:37:28.206] [Server thread/WARN] [net.minecraft.server.level.ServerLevel/]: Tried to add entity the_anomaly:anomaly_escape but it was marked as removed already
[18May2025 00:37:28.504] [Server thread/WARN] [net.minecraft.server.level.ServerLevel/]: Tried to add entity the_anomaly:anomaly_viewer but it was marked as removed already
[18May2025 00:37:29.355] [Server thread/WARN] [net.minecraft.server.level.ServerLevel/]: Tried to add entity the_anomaly:anomaly_viewer but it was marked as removed already
[18May2025 00:37:29.756] [Server thread/WARN] [net.minecraft.server.level.ServerLevel/]: Tried to add entity the_anomaly:anomaly_trap but it was marked as removed already
[18May2025 00:37:30.004] [Server thread/WARN] [net.minecraft.server.level.ServerLevel/]: Tried to add entity the_anomaly:anomaly_viewer but it was marked as removed already
[18May2025 00:37:30.006] [Server thread/WARN] [net.minecraft.server.level.ServerLevel/]: Tried to add entity the_anomaly:anomaly_viewer but it was marked as removed already
[18May2025 00:37:30.255] [Server thread/WARN] [net.minecraft.server.level.ServerLevel/]: Tried to add entity the_anomaly:anomaly_visitor but it was marked as removed already
[18May2025 00:37:30.256] [Server thread/WARN] [net.minecraft.server.level.ServerLevel/]: Tried to add entity the_anomaly:anomaly_trap but it was marked as removed already
[18May2025 00:37:30.663] [Server thread/WARN] [net.minecraft.server.level.ServerLevel/]: Tried to add entity the_anomaly:anomaly_trap but it was marked as removed already
[18May2025 00:37:31.054] [Server thread/WARN] [net.minecraft.server.level.ServerLevel/]: Tried to add entity the_anomaly:anomaly_viewer but it was marked as removed already
[18May2025 00:37:31.156] [Server thread/WARN] [net.minecraft.server.level.ServerLevel/]: Tried to add entity the_anomaly:anomaly_viewer but it was marked as removed already
[18May2025 00:37:31.306] [Server thread/WARN] [net.minecraft.server.level.ServerLevel/]: Tried to add entity the_anomaly:anomaly_viewer but it was marked as removed already
[18May2025 00:37:31.357] [Server thread/WARN] [net.minecraft.server.level.ServerLevel/]: Tried to add entity the_anomaly:anomaly_trap but it was marked as removed already
[18May2025 00:37:31.358] [Server thread/WARN] [net.minecraft.server.level.ServerLevel/]: Tried to add entity the_anomaly:anomaly_escape but it was marked as removed already
[18May2025 00:37:31.504] [Server thread/WARN] [net.minecraft.server.level.ServerLevel/]: Tried to add entity the_anomaly:anomaly_viewer but it was marked as removed already
[18May2025 00:37:31.556] [Server thread/WARN] [net.minecraft.server.level.ServerLevel/]: Tried to add entity the_anomaly:anomaly_trap but it was marked as removed already
[18May2025 00:37:31.756] [Server thread/WARN] [net.minecraft.server.level.ServerLevel/]: Tried to add entity the_anomaly:anomaly_visitor_2 but it was marked as removed already
[18May2025 00:37:31.757] [Server thread/WARN] [net.minecraft.server.level.ServerLevel/]: Tried to add entity the_anomaly:anomaly_escape but it was marked as removed already
[18May2025 00:37:31.856] [Server thread/WARN] [net.minecraft.server.level.ServerLevel/]: Tried to add entity the_anomaly:anomaly_trap but it was marked as removed already
[18May2025 00:37:31.904] [Server thread/WARN] [net.minecraft.server.level.ServerLevel/]: Tried to add entity the_anomaly:anomaly_trap but it was marked as removed already
[18May2025 00:37:32.005] [Server thread/WARN] [net.minecraft.server.level.ServerLevel/]: Tried to add entity the_anomaly:anomaly_trap but it was marked as removed already
[18May2025 00:37:32.006] [Server thread/WARN] [net.minecraft.server.level.ServerLevel/]: Tried to add entity the_anomaly:anomaly_visitor but it was marked as removed already
[18May2025 00:37:32.657] [Server thread/WARN] [net.minecraft.server.level.ServerLevel/]: Tried to add entity the_anomaly:anomaly_viewer but it was marked as removed already
[18May2025 00:37:32.906] [Server thread/WARN] [net.minecraft.server.level.ServerLevel/]: Tried to add entity the_anomaly:anomaly_trap but it was marked as removed already
[18May2025 00:37:33.400] [Server thread/INFO] [net.minecraft.server.MinecraftServer/]: [Reinhard_VA: Gamerule doImmediateRespawn is now set to: false]
[18May2025 00:37:33.857] [Server thread/WARN] [net.minecraft.server.level.ServerLevel/]: Tried to add entity the_anomaly:anomaly_trap but it was marked as removed already
[18May2025 00:37:34.206] [Server thread/WARN] [net.minecraft.server.level.ServerLevel/]: Tried to add entity the_anomaly:anomaly_viewer but it was marked as removed already
[18May2025 00:37:34.206] [Server thread/WARN] [net.minecraft.server.level.ServerLevel/]: Tried to add entity the_anomaly:anomaly_escape but it was marked as removed already
[18May2025 00:37:34.609] [Server thread/WARN] [net.minecraft.server.level.ServerLevel/]: Tried to add entity the_anomaly:anomaly_escape but it was marked as removed already
[18May2025 00:37:34.655] [Server thread/WARN] [net.minecraft.server.level.ServerLevel/]: Tried to add entity the_anomaly:anomaly_viewer but it was marked as removed already
[18May2025 00:37:35.206] [Server thread/WARN] [net.minecraft.server.level.ServerLevel/]: Tried to add entity the_anomaly:anomaly_escape but it was marked as removed already
[18May2025 00:37:35.254] [Server thread/WARN] [net.minecraft.server.level.ServerLevel/]: Tried to add entity the_anomaly:anomaly_escape but it was marked as removed already
[18May2025 00:37:35.256] [Server thread/WARN] [net.minecraft.server.level.ServerLevel/]: Tried to add entity the_anomaly:anomaly_escape but it was marked as removed already
[18May2025 00:37:35.305] [Server thread/WARN] [net.minecraft.server.level.ServerLevel/]: Tried to add entity the_anomaly:anomaly_escape but it was marked as removed already
[18May2025 00:37:35.404] [Server thread/WARN] [net.minecraft.server.level.ServerLevel/]: Tried to add entity the_anomaly:anomaly_viewer but it was marked as removed already
[18May2025 00:37:35.955] [Server thread/WARN] [net.minecraft.server.level.ServerLevel/]: Tried to add entity the_anomaly:anomaly_escape but it was marked as removed already
[18May2025 00:37:35.955] [Server thread/WARN] [net.minecraft.server.level.ServerLevel/]: Tried to add entity the_anomaly:anomaly_escape but it was marked as removed already
[18May2025 00:37:36.106] [Server thread/WARN] [net.minecraft.server.level.ServerLevel/]: Tried to add entity the_anomaly:anomaly_viewer but it was marked as removed already
[18May2025 00:37:36.156] [Server thread/WARN] [net.minecraft.server.level.ServerLevel/]: Tried to add entity the_anomaly:anomaly_escape but it was marked as removed already
[18May2025 00:37:36.509] [Server thread/WARN] [net.minecraft.server.level.ServerLevel/]: Tried to add entity the_anomaly:anomaly_trap but it was marked as removed already
[18May2025 00:37:37.305] [Server thread/WARN] [net.minecraft.server.level.ServerLevel/]: Tried to add entity the_anomaly:anomaly_escape but it was marked as removed already
[18May2025 00:37:37.354] [Server thread/WARN] [net.minecraft.server.level.ServerLevel/]: Tried to add entity the_anomaly:anomaly_escape but it was marked as removed already
[18May2025 00:37:37.405] [Server thread/WARN] [net.minecraft.server.level.ServerLevel/]: Tried to add entity the_anomaly:anomaly_viewer but it was marked as removed already
[18May2025 00:37:37.504] [Server thread/WARN] [net.minecraft.server.level.ServerLevel/]: Tried to add entity the_anomaly:anomaly_escape but it was marked as removed already
[18May2025 00:37:37.605] [Server thread/WARN] [net.minecraft.server.level.ServerLevel/]: Tried to add entity the_anomaly:anomaly_viewer but it was marked as removed already
[18May2025 00:37:37.607] [Server thread/WARN] [net.minecraft.server.level.ServerLevel/]: Tried to add entity the_anomaly:anomaly_viewer but it was marked as removed already
[18May2025 00:37:37.657] [Server thread/WARN] [net.minecraft.server.level.ServerLevel/]: Tried to add entity the_anomaly:anomaly_trap but it was marked as removed already
[18May2025 00:37:38.605] [Server thread/WARN] [net.minecraft.server.level.ServerLevel/]: Tried to add entity the_anomaly:anomaly_trap but it was marked as removed already
[18May2025 00:37:38.605] [Server thread/WARN] [net.minecraft.server.level.ServerLevel/]: Tried to add entity the_anomaly:anomaly_escape but it was marked as removed already
[18May2025 00:37:39.054] [Server thread/WARN] [net.minecraft.server.level.ServerLevel/]: Tried to add entity the_anomaly:anomaly_escape but it was marked as removed already
[18May2025 00:37:39.605] [Server thread/WARN] [net.minecraft.server.level.ServerLevel/]: Tried to add entity the_anomaly:anomaly_escape but it was marked as removed already
[18May2025 00:37:39.654] [Server thread/WARN] [net.minecraft.server.level.ServerLevel/]: Tried to add entity the_anomaly:anomaly_viewer but it was marked as removed already
[18May2025 00:37:39.805] [Server thread/WARN] [net.minecraft.server.level.ServerLevel/]: Tried to add entity the_anomaly:anomaly_visitor_2 but it was marked as removed already
[18May2025 00:37:39.806] [Server thread/WARN] [net.minecraft.server.level.ServerLevel/]: Tried to add entity the_anomaly:anomaly_escape but it was marked as removed already
[18May2025 00:37:39.808] [Server thread/WARN] [net.minecraft.server.level.ServerLevel/]: Tried to add entity the_anomaly:anomaly_escape but it was marked as removed already
[18May2025 00:37:39.906] [Server thread/WARN] [net.minecraft.server.level.ServerLevel/]: Tried to add entity the_anomaly:anomaly_trap but it was marked as removed already
[18May2025 00:37:41.105] [Server thread/WARN] [net.minecraft.server.level.ServerLevel/]: Tried to add entity the_anomaly:anomaly_escape but it was marked as removed already
[18May2025 00:37:41.206] [Server thread/WARN] [net.minecraft.server.level.ServerLevel/]: Tried to add entity the_anomaly:anomaly_trap but it was marked as removed already
[18May2025 00:37:41.206] [Server thread/WARN] [net.minecraft.server.level.ServerLevel/]: Tried to add entity the_anomaly:anomaly_trap but it was marked as removed already
[18May2025 00:37:41.707] [Server thread/WARN] [net.minecraft.server.level.ServerLevel/]: Tried to add entity the_anomaly:anomaly_escape but it was marked as removed already
[18May2025 00:37:42.056] [Server thread/WARN] [net.minecraft.server.level.ServerLevel/]: Tried to add entity the_anomaly:anomaly_escape but it was marked as removed already
[18May2025 00:37:42.304] [Server thread/WARN] [net.minecraft.server.level.ServerLevel/]: Tried to add entity the_anomaly:anomaly_trap but it was marked as removed already
[18May2025 00:37:42.405] [Server thread/WARN] [net.minecraft.server.level.ServerLevel/]: Tried to add entity the_anomaly:anomaly_trap but it was marked as removed already
[18May2025 00:37:42.554] [Server thread/WARN] [net.minecraft.server.level.ServerLevel/]: Tried to add entity the_anomaly:anomaly_viewer but it was marked as removed already
[18May2025 00:37:42.904] [Server thread/WARN] [net.minecraft.server.level.ServerLevel/]: Tried to add entity the_anomaly:anomaly_trap but it was marked as removed already
[18May2025 00:37:42.956] [Server thread/WARN] [net.minecraft.server.level.ServerLevel/]: Tried to add entity the_anomaly:anomaly_escape but it was marked as removed already
[18May2025 00:37:43.056] [Server thread/WARN] [net.minecraft.server.level.ServerLevel/]: Tried to add entity the_anomaly:anomaly_escape but it was marked as removed already
[18May2025 00:37:43.077] [Server thread/INFO] [net.minecraft.server.MinecraftServer/]: [Reinhard_VA: Gamerule doImmediateRespawn is now set to: true]
[18May2025 00:37:43.256] [Server thread/WARN] [net.minecraft.server.level.ServerLevel/]: Tried to add entity the_anomaly:anomaly_trap but it was marked as removed already
[18May2025 00:37:43.457] [Server thread/WARN] [net.minecraft.server.level.ServerLevel/]: Tried to add entity the_anomaly:anomaly_viewer but it was marked as removed already
[18May2025 00:37:43.606] [Server thread/WARN] [net.minecraft.server.level.ServerLevel/]: Tried to add entity the_anomaly:anomaly_viewer but it was marked as removed already
[18May2025 00:37:43.655] [Server thread/WARN] [net.minecraft.server.level.ServerLevel/]: Tried to add entity the_anomaly:anomaly_viewer but it was marked as removed already
[18May2025 00:37:43.655] [Server thread/WARN] [net.minecraft.server.level.ServerLevel/]: Tried to add entity the_anomaly:anomaly_trap but it was marked as removed already
[18May2025 00:37:43.755] [Server thread/WARN] [net.minecraft.server.level.ServerLevel/]: Tried to add entity the_anomaly:anomaly_viewer but it was marked as removed already
[18May2025 00:37:43.806] [Server thread/WARN] [net.minecraft.server.level.ServerLevel/]: Tried to add entity the_anomaly:anomaly_escape but it was marked as removed already
[18May2025 00:37:43.906] [Server thread/WARN] [net.minecraft.server.level.ServerLevel/]: Tried to add entity the_anomaly:anomaly_escape but it was marked as removed already
[18May2025 00:37:44.205] [Server thread/WARN] [net.minecraft.server.level.ServerLevel/]: Tried to add entity the_anomaly:anomaly_visitor but it was marked as removed already
[18May2025 00:37:44.454] [Server thread/WARN] [net.minecraft.server.level.ServerLevel/]: Tried to add entity the_anomaly:anomaly_viewer but it was marked as removed already
[18May2025 00:37:44.605] [Server thread/WARN] [net.minecraft.server.level.ServerLevel/]: Tried to add entity the_anomaly:anomaly_escape but it was marked as removed already
[18May2025 00:37:44.657] [Server thread/WARN] [net.minecraft.server.level.ServerLevel/]: Tried to add entity the_anomaly:anomaly_viewer but it was marked as removed already
[18May2025 00:37:44.657] [Server thread/WARN] [net.minecraft.server.level.ServerLevel/]: Tried to add entity the_anomaly:anomaly_trap but it was marked as removed already
[18May2025 00:37:45.056] [Server thread/WARN] [net.minecraft.server.level.ServerLevel/]: Tried to add entity the_anomaly:anomaly_trap but it was marked as removed already
[18May2025 00:37:45.306] [Server thread/WARN] [net.minecraft.server.level.ServerLevel/]: Tried to add entity the_anomaly:anomaly_viewer but it was marked as removed already
[18May2025 00:37:45.504] [Server thread/WARN] [net.minecraft.server.level.ServerLevel/]: Tried to add entity the_anomaly:anomaly_escape but it was marked as removed already
[18May2025 00:37:45.605] [Server thread/WARN] [net.minecraft.server.level.ServerLevel/]: Tried to add entity the_anomaly:anomaly_escape but it was marked as removed already
[18May2025 00:37:45.756] [Server thread/WARN] [net.minecraft.server.level.ServerLevel/]: Tried to add entity the_anomaly:anomaly_trap but it was marked as removed already
[18May2025 00:37:46.055] [Server thread/WARN] [net.minecraft.server.level.ServerLevel/]: Tried to add entity the_anomaly:anomaly_viewer but it was marked as removed already
[18May2025 00:37:46.255] [Server thread/WARN] [net.minecraft.server.level.ServerLevel/]: Tried to add entity the_anomaly:anomaly_visitor_2 but it was marked as removed already
[18May2025 00:37:46.256] [Server thread/WARN] [net.minecraft.server.level.ServerLevel/]: Tried to add entity the_anomaly:anomaly_escape but it was marked as removed already
[18May2025 00:37:46.354] [Server thread/WARN] [net.minecraft.server.level.ServerLevel/]: Tried to add entity the_anomaly:anomaly_escape but it was marked as removed already
[18May2025 00:37:46.657] [Server thread/WARN] [net.minecraft.server.level.ServerLevel/]: Tried to add entity the_anomaly:anomaly_viewer but it was marked as removed already
[18May2025 00:37:46.905] [Server thread/WARN] [net.minecraft.server.level.ServerLevel/]: Tried to add entity the_anomaly:anomaly_trap but it was marked as removed already
[18May2025 00:37:47.006] [Server thread/WARN] [net.minecraft.server.level.ServerLevel/]: Tried to add entity the_anomaly:anomaly_escape but it was marked as removed already
[18May2025 00:37:47.056] [Server thread/WARN] [net.minecraft.server.level.ServerLevel/]: Tried to add entity the_anomaly:anomaly_trap but it was marked as removed already
[18May2025 00:37:47.255] [Server thread/WARN] [net.minecraft.server.level.ServerLevel/]: Tried to add entity the_anomaly:anomaly_viewer but it was marked as removed already
[18May2025 00:37:47.255] [Server thread/WARN] [net.minecraft.server.level.ServerLevel/]: Tried to add entity the_anomaly:anomaly_visitor but it was marked as removed already
[18May2025 00:37:47.454] [Server thread/WARN] [net.minecraft.server.level.ServerLevel/]: Tried to add entity the_anomaly:anomaly_escape but it was marked as removed already
[18May2025 00:37:47.555] [Server thread/WARN] [net.minecraft.server.level.ServerLevel/]: Tried to add entity the_anomaly:anomaly_viewer but it was marked as removed already
[18May2025 00:37:47.905] [Server thread/WARN] [net.minecraft.server.level.ServerLevel/]: Tried to add entity the_anomaly:anomaly_viewer but it was marked as removed already
[18May2025 00:37:48.104] [Server thread/WARN] [net.minecraft.server.level.ServerLevel/]: Tried to add entity the_anomaly:anomaly_trap but it was marked as removed already
[18May2025 00:37:48.155] [Server thread/WARN] [net.minecraft.server.level.ServerLevel/]: Tried to add entity the_anomaly:anomaly_viewer but it was marked as removed already
[18May2025 00:37:48.256] [Server thread/WARN] [net.minecraft.server.level.ServerLevel/]: Tried to add entity the_anomaly:anomaly_trap but it was marked as removed already
[18May2025 00:37:48.458] [Server thread/WARN] [net.minecraft.server.level.ServerLevel/]: Tried to add entity the_anomaly:anomaly_trap but it was marked as removed already
[18May2025 00:37:48.654] [Server thread/WARN] [net.minecraft.server.level.ServerLevel/]: Tried to add entity the_anomaly:anomaly_trap but it was marked as removed already
[18May2025 00:37:48.655] [Server thread/WARN] [net.minecraft.server.level.ServerLevel/]: Tried to add entity the_anomaly:anomaly_escape but it was marked as removed already
[18May2025 00:37:49.208] [Server thread/WARN] [net.minecraft.server.level.ServerLevel/]: Tried to add entity the_anomaly:anomaly_escape but it was marked as removed already
[18May2025 00:37:49.354] [Server thread/WARN] [net.minecraft.server.level.ServerLevel/]: Tried to add entity the_anomaly:anomaly_escape but it was marked as removed already
[18May2025 00:37:49.655] [Server thread/WARN] [net.minecraft.server.level.ServerLevel/]: Tried to add entity the_anomaly:anomaly_trap but it was marked as removed already
[18May2025 00:37:49.854] [Server thread/WARN] [net.minecraft.server.level.ServerLevel/]: Tried to add entity the_anomaly:anomaly_trap but it was marked as removed already
[18May2025 00:37:50.055] [Server thread/WARN] [net.minecraft.server.level.ServerLevel/]: Tried to add entity the_anomaly:anomaly_viewer but it was marked as removed already
[18May2025 00:37:50.056] [Server thread/WARN] [net.minecraft.server.level.ServerLevel/]: Tried to add entity the_anomaly:anomaly_escape but it was marked as removed already
[18May2025 00:37:50.156] [Server thread/WARN] [net.minecraft.server.level.ServerLevel/]: Tried to add entity the_anomaly:anomaly_trap but it was marked as removed already
[18May2025 00:37:50.706] [Server thread/WARN] [net.minecraft.server.level.ServerLevel/]: Tried to add entity the_anomaly:anomaly_visitor but it was marked as removed already
[18May2025 00:37:50.706] [Server thread/WARN] [net.minecraft.server.level.ServerLevel/]: Tried to add entity the_anomaly:anomaly_trap but it was marked as removed already
[18May2025 00:37:51.005] [Server thread/WARN] [net.minecraft.server.level.ServerLevel/]: Tried to add entity the_anomaly:anomaly_trap but it was marked as removed already
[18May2025 00:37:51.006] [Server thread/WARN] [net.minecraft.server.level.ServerLevel/]: Tried to add entity the_anomaly:anomaly_viewer but it was marked as removed already
[18May2025 00:37:51.006] [Server thread/WARN] [net.minecraft.server.level.ServerLevel/]: Tried to add entity the_anomaly:anomaly_escape but it was marked as removed already
[18May2025 00:37:51.106] [Server thread/WARN] [net.minecraft.server.level.ServerLevel/]: Tried to add entity the_anomaly:anomaly_trap but it was marked as removed already
[18May2025 00:37:51.205] [Server thread/WARN] [net.minecraft.server.level.ServerLevel/]: Tried to add entity the_anomaly:anomaly_escape but it was marked as removed already
[18May2025 00:37:51.504] [Server thread/WARN] [net.minecraft.server.level.ServerLevel/]: Tried to add entity the_anomaly:anomaly_trap but it was marked as removed already
[18May2025 00:37:51.906] [Server thread/WARN] [net.minecraft.server.level.ServerLevel/]: Tried to add entity the_anomaly:anomaly_escape but it was marked as removed already
[18May2025 00:37:51.907] [Server thread/WARN] [net.minecraft.server.level.ServerLevel/]: Tried to add entity the_anomaly:anomaly_trap but it was marked as removed already
[18May2025 00:37:52.105] [Server thread/WARN] [net.minecraft.server.level.ServerLevel/]: Tried to add entity the_anomaly:anomaly_viewer but it was marked as removed already
[18May2025 00:37:52.205] [Server thread/WARN] [net.minecraft.server.level.ServerLevel/]: Tried to add entity the_anomaly:anomaly_trap but it was marked as removed already
[18May2025 00:37:52.407] [Server thread/WARN] [net.minecraft.server.level.ServerLevel/]: Tried to add entity the_anomaly:anomaly_escape but it was marked as removed already
[18May2025 00:37:52.407] [Server thread/WARN] [net.minecraft.server.level.ServerLevel/]: Tried to add entity the_anomaly:anomaly_trap but it was marked as removed already
[18May2025 00:37:52.605] [Server thread/WARN] [net.minecraft.server.level.ServerLevel/]: Tried to add entity the_anomaly:anomaly_escape but it was marked as removed already
[18May2025 00:37:52.955] [Server thread/WARN] [net.minecraft.server.level.ServerLevel/]: Tried to add entity the_anomaly:anomaly_viewer but it was marked as removed already
[18May2025 00:37:53.056] [Server thread/WARN] [net.minecraft.server.level.ServerLevel/]: Tried to add entity the_anomaly:anomaly_trap but it was marked as removed already
[18May2025 00:37:53.156] [Server thread/WARN] [net.minecraft.server.level.ServerLevel/]: Tried to add entity the_anomaly:anomaly_trap but it was marked as removed already
[18May2025 00:37:53.256] [Server thread/WARN] [net.minecraft.server.level.ServerLevel/]: Tried to add entity the_anomaly:anomaly_trap but it was marked as removed already
[18May2025 00:37:53.304] [Server thread/WARN] [net.minecraft.server.level.ServerLevel/]: Tried to add entity the_anomaly:anomaly_trap but it was marked as removed already
[18May2025 00:37:53.504] [Server thread/WARN] [net.minecraft.server.level.ServerLevel/]: Tried to add entity the_anomaly:anomaly_trap but it was marked as removed already
[18May2025 00:37:53.555] [Server thread/WARN] [net.minecraft.server.level.ServerLevel/]: Tried to add entity the_anomaly:anomaly_viewer but it was marked as removed already
[18May2025 00:37:53.555] [Server thread/WARN] [net.minecraft.server.level.ServerLevel/]: Tried to add entity the_anomaly:anomaly_viewer but it was marked as removed already
[18May2025 00:37:53.856] [Server thread/WARN] [net.minecraft.server.level.ServerLevel/]: Tried to add entity the_anomaly:anomaly_viewer but it was marked as removed already
[18May2025 00:37:54.704] [Server thread/WARN] [net.minecraft.server.level.ServerLevel/]: Tried to add entity the_anomaly:anomaly_viewer but it was marked as removed already
[18May2025 00:37:54.707] [Server thread/WARN] [net.minecraft.server.level.ServerLevel/]: Tried to add entity the_anomaly:anomaly_viewer but it was marked as removed already
[18May2025 00:37:54.955] [Server thread/WARN] [net.minecraft.server.level.ServerLevel/]: Tried to add entity the_anomaly:anomaly_trap but it was marked as removed already
[18May2025 00:37:55.004] [Server thread/WARN] [net.minecraft.server.level.ServerLevel/]: Tried to add entity the_anomaly:anomaly_viewer but it was marked as removed already
[18May2025 00:37:55.205] [Server thread/WARN] [net.minecraft.server.level.ServerLevel/]: Tried to add entity the_anomaly:anomaly_escape but it was marked as removed already
[18May2025 00:37:55.705] [Server thread/WARN] [net.minecraft.server.level.ServerLevel/]: Tried to add entity the_anomaly:anomaly_viewer but it was marked as removed already
[18May2025 00:37:55.706] [Server thread/WARN] [net.minecraft.server.level.ServerLevel/]: Tried to add entity the_anomaly:anomaly_trap but it was marked as removed already
[18May2025 00:37:56.356] [Server thread/WARN] [net.minecraft.server.level.ServerLevel/]: Tried to add entity the_anomaly:anomaly_escape but it was marked as removed already
[18May2025 00:37:56.454] [Server thread/WARN] [net.minecraft.server.level.ServerLevel/]: Tried to add entity the_anomaly:anomaly_trap but it was marked as removed already
[18May2025 00:37:56.609] [Server thread/WARN] [net.minecraft.server.level.ServerLevel/]: Tried to add entity the_anomaly:anomaly_trap but it was marked as removed already
[18May2025 00:37:56.806] [Server thread/WARN] [net.minecraft.server.level.ServerLevel/]: Tried to add entity the_anomaly:anomaly_escape but it was marked as removed already
[18May2025 00:37:56.854] [Server thread/WARN] [net.minecraft.server.level.ServerLevel/]: Tried to add entity the_anomaly:anomaly_viewer but it was marked as removed already
[18May2025 00:37:57.055] [Server thread/WARN] [net.minecraft.server.level.ServerLevel/]: Tried to add entity the_anomaly:anomaly_escape but it was marked as removed already
[18May2025 00:37:57.256] [Server thread/WARN] [net.minecraft.server.level.ServerLevel/]: Tried to add entity the_anomaly:anomaly_escape but it was marked as removed already
[18May2025 00:37:57.554] [Server thread/WARN] [net.minecraft.server.level.ServerLevel/]: Tried to add entity the_anomaly:anomaly_trap but it was marked as removed already
[18May2025 00:37:58.108] [Server thread/WARN] [net.minecraft.server.level.ServerLevel/]: Tried to add entity the_anomaly:anomaly_trap but it was marked as removed already
[18May2025 00:37:58.156] [Server thread/WARN] [net.minecraft.server.level.ServerLevel/]: Tried to add entity the_anomaly:anomaly_trap but it was marked as removed already
[18May2025 00:37:58.206] [Server thread/WARN] [net.minecraft.server.level.ServerLevel/]: Tried to add entity the_anomaly:anomaly_viewer but it was marked as removed already
[18May2025 00:37:58.356] [Server thread/WARN] [net.minecraft.server.level.ServerLevel/]: Tried to add entity the_anomaly:anomaly_trap but it was marked as removed already
[18May2025 00:37:58.704] [Server thread/WARN] [net.minecraft.server.level.ServerLevel/]: Tried to add entity the_anomaly:anomaly_trap but it was marked as removed already
[18May2025 00:37:59.254] [Server thread/WARN] [net.minecraft.server.level.ServerLevel/]: Tried to add entity the_anomaly:anomaly_viewer but it was marked as removed already
[18May2025 00:37:59.355] [Server thread/WARN] [net.minecraft.server.level.ServerLevel/]: Tried to add entity the_anomaly:anomaly_visitor but it was marked as removed already
[18May2025 00:37:59.605] [Server thread/WARN] [net.minecraft.server.level.ServerLevel/]: Tried to add entity the_anomaly:anomaly_trap but it was marked as removed already
[18May2025 00:37:59.755] [Server thread/WARN] [net.minecraft.server.level.ServerLevel/]: Tried to add entity the_anomaly:anomaly_viewer but it was marked as removed already
[18May2025 00:38:00.003] [Server thread/WARN] [net.minecraft.server.level.ServerLevel/]: Tried to add entity the_anomaly:anomaly_escape but it was marked as removed already
[18May2025 00:38:00.106] [Server thread/WARN] [net.minecraft.server.level.ServerLevel/]: Tried to add entity the_anomaly:anomaly_escape but it was marked as removed already
[18May2025 00:38:00.255] [Server thread/WARN] [net.minecraft.server.level.ServerLevel/]: Tried to add entity the_anomaly:anomaly_viewer but it was marked as removed already
[18May2025 00:38:00.554] [Server thread/WARN] [net.minecraft.server.level.ServerLevel/]: Tried to add entity the_anomaly:anomaly_escape but it was marked as removed already
[18May2025 00:38:00.605] [Server thread/WARN] [net.minecraft.server.level.ServerLevel/]: Tried to add entity the_anomaly:anomaly_trap but it was marked as removed already
[18May2025 00:38:00.606] [Server thread/WARN] [net.minecraft.server.level.ServerLevel/]: Tried to add entity the_anomaly:anomaly_trap but it was marked as removed already
[18May2025 00:38:00.606] [Server thread/WARN] [net.minecraft.server.level.ServerLevel/]: Tried to add entity the_anomaly:anomaly_escape but it was marked as removed already
[18May2025 00:38:00.905] [Server thread/WARN] [net.minecraft.server.level.ServerLevel/]: Tried to add entity the_anomaly:anomaly_viewer but it was marked as removed already
[18May2025 00:38:00.905] [Server thread/WARN] [net.minecraft.server.level.ServerLevel/]: Tried to add entity the_anomaly:anomaly_visitor but it was marked as removed already
[18May2025 00:38:01.606] [Server thread/WARN] [net.minecraft.server.level.ServerLevel/]: Tried to add entity the_anomaly:anomaly_viewer but it was marked as removed already
[18May2025 00:38:01.677] [Server thread/WARN] [net.minecraft.server.level.ServerLevel/]: Tried to add entity the_anomaly:anomaly_viewer but it was marked as removed already
[18May2025 00:38:01.954] [Server thread/WARN] [net.minecraft.server.level.ServerLevel/]: Tried to add entity the_anomaly:anomaly_trap but it was marked as removed already
[18May2025 00:38:02.256] [Server thread/WARN] [net.minecraft.server.level.ServerLevel/]: Tried to add entity the_anomaly:anomaly_trap but it was marked as removed already
[18May2025 00:38:02.854] [Server thread/WARN] [net.minecraft.server.level.ServerLevel/]: Tried to add entity the_anomaly:anomaly_escape but it was marked as removed already
[18May2025 00:38:03.006] [Server thread/WARN] [net.minecraft.server.level.ServerLevel/]: Tried to add entity the_anomaly:anomaly_trap but it was marked as removed already
[18May2025 00:38:03.204] [Server thread/WARN] [net.minecraft.server.level.ServerLevel/]: Tried to add entity the_anomaly:anomaly_escape but it was marked as removed already
[18May2025 00:38:03.505] [Server thread/WARN] [net.minecraft.server.level.ServerLevel/]: Tried to add entity the_anomaly:anomaly_escape but it was marked as removed already
[18May2025 00:38:03.557] [Server thread/WARN] [net.minecraft.server.level.ServerLevel/]: Tried to add entity the_anomaly:anomaly_escape but it was marked as removed already
[18May2025 00:38:03.856] [Server thread/WARN] [net.minecraft.server.level.ServerLevel/]: Tried to add entity the_anomaly:anomaly_escape but it was marked as removed already
[18May2025 00:38:03.856] [Server thread/WARN] [net.minecraft.server.level.ServerLevel/]: Tried to add entity the_anomaly:anomaly_viewer but it was marked as removed already
[18May2025 00:38:04.006] [Server thread/WARN] [net.minecraft.server.level.ServerLevel/]: Tried to add entity the_anomaly:anomaly_trap but it was marked as removed already
[18May2025 00:38:04.007] [Server thread/WARN] [net.minecraft.server.level.ServerLevel/]: Tried to add entity the_anomaly:anomaly_trap but it was marked as removed already
[18May2025 00:38:04.468] [Server thread/WARN] [net.minecraft.server.level.ServerLevel/]: Tried to add entity the_anomaly:anomaly_escape but it was marked as removed already
[18May2025 00:38:04.562] [Server thread/WARN] [net.minecraft.server.level.ServerLevel/]: Tried to add entity the_anomaly:anomaly_escape but it was marked as removed already
[18May2025 00:38:04.609] [Server thread/WARN] [net.minecraft.server.level.ServerLevel/]: Tried to add entity the_anomaly:anomaly_trap but it was marked as removed already
[18May2025 00:38:04.924] [Server thread/WARN] [net.minecraft.server.level.ServerLevel/]: Tried to add entity the_anomaly:anomaly_escape but it was marked as removed already
[18May2025 00:38:05.006] [Server thread/WARN] [net.minecraft.server.level.ServerLevel/]: Tried to add entity the_anomaly:anomaly_trap but it was marked as removed already
[18May2025 00:38:05.058] [Server thread/WARN] [net.minecraft.server.level.ServerLevel/]: Tried to add entity the_anomaly:anomaly_viewer but it was marked as removed already
[18May2025 00:38:05.154] [Server thread/WARN] [net.minecraft.server.level.ServerLevel/]: Tried to add entity the_anomaly:anomaly_trap but it was marked as removed already
[18May2025 00:38:05.415] [Server thread/WARN] [net.minecraft.server.level.ServerLevel/]: Tried to add entity the_anomaly:anomaly_viewer but it was marked as removed already
[18May2025 00:38:05.507] [Server thread/WARN] [net.minecraft.server.level.ServerLevel/]: Tried to add entity the_anomaly:anomaly_trap but it was marked as removed already
[18May2025 00:38:05.510] [Server thread/WARN] [net.minecraft.server.level.ServerLevel/]: Tried to add entity the_anomaly:anomaly_viewer but it was marked as removed already
[18May2025 00:38:05.662] [Server thread/WARN] [net.minecraft.server.level.ServerLevel/]: Tried to add entity the_anomaly:anomaly_trap but it was marked as removed already
[18May2025 00:38:06.425] [Server thread/WARN] [net.minecraft.server.level.ServerLevel/]: Tried to add entity the_anomaly:anomaly_trap but it was marked as removed already
[18May2025 00:38:06.450] [Server thread/WARN] [net.minecraft.server.level.ServerLevel/]: Tried to add entity the_anomaly:anomaly_viewer but it was marked as removed already
[18May2025 00:38:06.478] [Server thread/WARN] [net.minecraft.server.level.ServerLevel/]: Tried to add entity the_anomaly:anomaly_viewer but it was marked as removed already
[18May2025 00:38:06.494] [Server thread/WARN] [net.minecraft.server.level.ServerLevel/]: Tried to add entity the_anomaly:anomaly_visitor_2 but it was marked as removed already
[18May2025 00:38:06.501] [Server thread/WARN] [net.minecraft.server.level.ServerLevel/]: Tried to add entity the_anomaly:anomaly_viewer but it was marked as removed already
[18May2025 00:38:06.556] [Server thread/WARN] [net.minecraft.server.level.ServerLevel/]: Tried to add entity the_anomaly:anomaly_viewer but it was marked as removed already
[18May2025 00:38:06.760] [Server thread/WARN] [net.minecraft.server.level.ServerLevel/]: Tried to add entity the_anomaly:anomaly_viewer but it was marked as removed already
[18May2025 00:38:06.806] [Server thread/WARN] [net.minecraft.server.level.ServerLevel/]: Tried to add entity the_anomaly:anomaly_escape but it was marked as removed already
[18May2025 00:38:06.856] [Server thread/WARN] [net.minecraft.server.level.ServerLevel/]: Tried to add entity the_anomaly:anomaly_viewer but it was marked as removed already
[18May2025 00:38:06.907] [Server thread/WARN] [net.minecraft.server.level.ServerLevel/]: Tried to add entity the_anomaly:anomaly_trap but it was marked as removed already
[18May2025 00:38:07.354] [Server thread/WARN] [net.minecraft.server.level.ServerLevel/]: Tried to add entity the_anomaly:anomaly_trap but it was marked as removed already
[18May2025 00:38:07.454] [Server thread/WARN] [net.minecraft.server.level.ServerLevel/]: Tried to add entity the_anomaly:anomaly_escape but it was marked as removed already
[18May2025 00:38:07.655] [Server thread/WARN] [net.minecraft.server.level.ServerLevel/]: Tried to add entity the_anomaly:anomaly_escape but it was marked as removed already
[18May2025 00:38:07.755] [Server thread/WARN] [net.minecraft.server.level.ServerLevel/]: Tried to add entity the_anomaly:anomaly_escape but it was marked as removed already
[18May2025 00:38:07.755] [Server thread/WARN] [net.minecraft.server.level.ServerLevel/]: Tried to add entity the_anomaly:anomaly_escape but it was marked as removed already
[18May2025 00:38:07.805] [Server thread/WARN] [net.minecraft.server.level.ServerLevel/]: Tried to add entity the_anomaly:anomaly_escape but it was marked as removed already
[18May2025 00:38:07.856] [Server thread/WARN] [net.minecraft.server.level.ServerLevel/]: Tried to add entity the_anomaly:anomaly_visitor but it was marked as removed already
[18May2025 00:38:07.905] [Server thread/WARN] [net.minecraft.server.level.ServerLevel/]: Tried to add entity the_anomaly:anomaly_escape but it was marked as removed already
[18May2025 00:38:07.906] [Server thread/WARN] [net.minecraft.server.level.ServerLevel/]: Tried to add entity the_anomaly:anomaly_trap but it was marked as removed already
[18May2025 00:38:07.955] [Server thread/WARN] [net.minecraft.server.level.ServerLevel/]: Tried to add entity the_anomaly:anomaly_viewer but it was marked as removed already
[18May2025 00:38:08.007] [Server thread/WARN] [net.minecraft.server.level.ServerLevel/]: Tried to add entity the_anomaly:anomaly_trap but it was marked as removed already
[18May2025 00:38:08.057] [Server thread/WARN] [net.minecraft.server.level.ServerLevel/]: Tried to add entity the_anomaly:anomaly_trap but it was marked as removed already
[18May2025 00:38:08.155] [Server thread/WARN] [net.minecraft.server.level.ServerLevel/]: Tried to add entity the_anomaly:anomaly_viewer but it was marked as removed already
[18May2025 00:38:08.204] [Server thread/WARN] [net.minecraft.server.level.ServerLevel/]: Tried to add entity the_anomaly:anomaly_viewer but it was marked as removed already
[18May2025 00:38:08.406] [Server thread/WARN] [net.minecraft.server.level.ServerLevel/]: Tried to add entity the_anomaly:anomaly_viewer but it was marked as removed already
[18May2025 00:38:08.406] [Server thread/WARN] [net.minecraft.server.level.ServerLevel/]: Tried to add entity the_anomaly:anomaly_viewer but it was marked as removed already
[18May2025 00:38:08.656] [Server thread/WARN] [net.minecraft.server.level.ServerLevel/]: Tried to add entity the_anomaly:anomaly_viewer but it was marked as removed already
[18May2025 00:38:09.157] [Server thread/WARN] [net.minecraft.server.level.ServerLevel/]: Tried to add entity the_anomaly:anomaly_escape but it was marked as removed already
[18May2025 00:38:09.507] [Server thread/WARN] [net.minecraft.server.level.ServerLevel/]: Tried to add entity the_anomaly:anomaly_trap but it was marked as removed already
[18May2025 00:38:09.606] [Server thread/WARN] [net.minecraft.server.level.ServerLevel/]: Tried to add entity the_anomaly:anomaly_trap but it was marked as removed already
[18May2025 00:38:09.656] [Server thread/WARN] [net.minecraft.server.level.ServerLevel/]: Tried to add entity the_anomaly:anomaly_escape but it was marked as removed already
[18May2025 00:38:09.704] [Server thread/WARN] [net.minecraft.server.level.ServerLevel/]: Tried to add entity the_anomaly:anomaly_viewer but it was marked as removed already
[18May2025 00:38:09.905] [Server thread/WARN] [net.minecraft.server.level.ServerLevel/]: Tried to add entity the_anomaly:anomaly_trap but it was marked as removed already
[18May2025 00:38:10.054] [Server thread/WARN] [net.minecraft.server.level.ServerLevel/]: Tried to add entity the_anomaly:anomaly_trap but it was marked as removed already
[18May2025 00:38:10.257] [Server thread/WARN] [net.minecraft.server.level.ServerLevel/]: Tried to add entity the_anomaly:anomaly_trap but it was marked as removed already
[18May2025 00:38:10.655] [Server thread/WARN] [net.minecraft.server.level.ServerLevel/]: Tried to add entity the_anomaly:anomaly_viewer but it was marked as removed already
[18May2025 00:38:10.659] [Server thread/WARN] [net.minecraft.server.level.ServerLevel/]: Tried to add entity the_anomaly:anomaly_viewer but it was marked as removed already
[18May2025 00:38:10.715] [Server thread/WARN] [net.minecraft.server.level.ServerLevel/]: Tried to add entity the_anomaly:anomaly_viewer but it was marked as removed already
[18May2025 00:38:10.719] [Server thread/WARN] [net.minecraft.server.level.ServerLevel/]: Tried to add entity the_anomaly:anomaly_viewer but it was marked as removed already
[18May2025 00:38:10.854] [Server thread/WARN] [net.minecraft.server.level.ServerLevel/]: Tried to add entity the_anomaly:anomaly_viewer but it was marked as removed already
[18May2025 00:38:10.954] [Server thread/WARN] [net.minecraft.server.level.ServerLevel/]: Tried to add entity the_anomaly:anomaly_escape but it was marked as removed already
[18May2025 00:38:11.154] [Server thread/WARN] [net.minecraft.server.level.ServerLevel/]: Tried to add entity the_anomaly:anomaly_escape but it was marked as removed already
[18May2025 00:38:11.156] [Server thread/WARN] [net.minecraft.server.level.ServerLevel/]: Tried to add entity the_anomaly:anomaly_trap but it was marked as removed already
[18May2025 00:38:11.305] [Server thread/WARN] [net.minecraft.server.level.ServerLevel/]: Tried to add entity the_anomaly:anomaly_visitor_2 but it was marked as removed already
[18May2025 00:38:11.855] [Server thread/WARN] [net.minecraft.server.level.ServerLevel/]: Tried to add entity the_anomaly:anomaly_viewer but it was marked as removed already
[18May2025 00:38:12.054] [Server thread/WARN] [net.minecraft.server.level.ServerLevel/]: Tried to add entity the_anomaly:anomaly_trap but it was marked as removed already
[18May2025 00:38:12.055] [Server thread/WARN] [net.minecraft.server.level.ServerLevel/]: Tried to add entity the_anomaly:anomaly_trap but it was marked as removed already
[18May2025 00:38:12.557] [Server thread/WARN] [net.minecraft.server.level.ServerLevel/]: Tried to add entity the_anomaly:anomaly_trap but it was marked as removed already
[18May2025 00:38:12.558] [Server thread/WARN] [net.minecraft.server.level.ServerLevel/]: Tried to add entity the_anomaly:anomaly_escape but it was marked as removed already
[18May2025 00:38:12.706] [Server thread/WARN] [net.minecraft.server.level.ServerLevel/]: Tried to add entity the_anomaly:anomaly_viewer but it was marked as removed already
[18May2025 00:38:12.755] [Server thread/WARN] [net.minecraft.server.level.ServerLevel/]: Tried to add entity the_anomaly:anomaly_trap but it was marked as removed already
[18May2025 00:38:12.756] [Server thread/WARN] [net.minecraft.server.level.ServerLevel/]: Tried to add entity the_anomaly:anomaly_trap but it was marked as removed already
[18May2025 00:38:12.805] [Server thread/WARN] [net.minecraft.server.level.ServerLevel/]: Tried to add entity the_anomaly:anomaly_trap but it was marked as removed already
[18May2025 00:38:12.907] [Server thread/WARN] [net.minecraft.server.level.ServerLevel/]: Tried to add entity the_anomaly:anomaly_escape but it was marked as removed already
[18May2025 00:38:13.106] [Server thread/WARN] [net.minecraft.server.level.ServerLevel/]: Tried to add entity the_anomaly:anomaly_escape but it was marked as removed already
[18May2025 00:38:13.305] [Server thread/WARN] [net.minecraft.server.level.ServerLevel/]: Tried to add entity the_anomaly:anomaly_escape but it was marked as removed already
[18May2025 00:38:13.655] [Server thread/WARN] [net.minecraft.server.level.ServerLevel/]: Tried to add entity the_anomaly:anomaly_viewer but it was marked as removed already
[18May2025 00:38:13.806] [Server thread/WARN] [net.minecraft.server.level.ServerLevel/]: Tried to add entity the_anomaly:anomaly_trap but it was marked as removed already
[18May2025 00:38:14.154] [Server thread/WARN] [net.minecraft.server.level.ServerLevel/]: Tried to add entity the_anomaly:anomaly_viewer but it was marked as removed already
[18May2025 00:38:14.711] [Server thread/WARN] [net.minecraft.server.level.ServerLevel/]: Tried to add entity the_anomaly:anomaly_viewer but it was marked as removed already
[18May2025 00:38:14.720] [Server thread/WARN] [net.minecraft.server.level.ServerLevel/]: Tried to add entity the_anomaly:anomaly_trap but it was marked as removed already
[18May2025 00:38:17.985] [Server thread/WARN] [net.minecraft.server.MinecraftServer/]: Can't keep up! Is the server overloaded? Running 3182ms or 63 ticks behind
[18May2025 00:38:18.024] [Server thread/WARN] [net.minecraft.server.level.ServerLevel/]: Tried to add entity the_anomaly:anomaly_trap but it was marked as removed already
[18May2025 00:38:18.073] [Server thread/WARN] [net.minecraft.server.level.ServerLevel/]: Tried to add entity the_anomaly:anomaly_trap but it was marked as removed already
[18May2025 00:38:18.327] [Server thread/WARN] [net.minecraft.server.level.ServerLevel/]: Tried to add entity the_anomaly:anomaly_escape but it was marked as removed already
[18May2025 00:38:18.507] [Server thread/WARN] [net.minecraft.server.level.ServerLevel/]: Tried to add entity the_anomaly:anomaly_trap but it was marked as removed already
[18May2025 00:38:18.605] [Server thread/WARN] [net.minecraft.server.level.ServerLevel/]: Tried to add entity the_anomaly:anomaly_escape but it was marked as removed already
[18May2025 00:38:18.956] [Server thread/WARN] [net.minecraft.server.level.ServerLevel/]: Tried to add entity the_anomaly:anomaly_trap but it was marked as removed already
[18May2025 00:38:19.055] [Server thread/WARN] [net.minecraft.server.level.ServerLevel/]: Tried to add entity the_anomaly:anomaly_escape but it was marked as removed already
[18May2025 00:38:19.159] [Server thread/WARN] [net.minecraft.server.level.ServerLevel/]: Tried to add entity the_anomaly:anomaly_escape but it was marked as removed already
[18May2025 00:38:19.359] [Server thread/WARN] [net.minecraft.server.level.ServerLevel/]: Tried to add entity the_anomaly:anomaly_trap but it was marked as removed already
[18May2025 00:38:19.507] [Server thread/WARN] [net.minecraft.server.level.ServerLevel/]: Tried to add entity the_anomaly:anomaly_escape but it was marked as removed already
[18May2025 00:38:19.657] [Server thread/WARN] [net.minecraft.server.level.ServerLevel/]: Tried to add entity the_anomaly:anomaly_trap but it was marked as removed already
[18May2025 00:38:19.756] [Server thread/WARN] [net.minecraft.server.level.ServerLevel/]: Tried to add entity the_anomaly:anomaly_escape but it was marked as removed already
[18May2025 00:38:19.854] [Server thread/WARN] [net.minecraft.server.level.ServerLevel/]: Tried to add entity the_anomaly:anomaly_trap but it was marked as removed already
[18May2025 00:38:19.958] [Server thread/WARN] [net.minecraft.server.level.ServerLevel/]: Tried to add entity the_anomaly:anomaly_trap but it was marked as removed already
[18May2025 00:38:20.106] [Server thread/WARN] [net.minecraft.server.level.ServerLevel/]: Tried to add entity the_anomaly:anomaly_trap but it was marked as removed already
[18May2025 00:38:20.164] [Server thread/WARN] [net.minecraft.server.level.ServerLevel/]: Tried to add entity the_anomaly:anomaly_viewer but it was marked as removed already
[18May2025 00:38:20.254] [Server thread/WARN] [net.minecraft.server.level.ServerLevel/]: Tried to add entity the_anomaly:anomaly_viewer but it was marked as removed already
[18May2025 00:38:20.506] [Server thread/WARN] [net.minecraft.server.level.ServerLevel/]: Tried to add entity the_anomaly:anomaly_trap but it was marked as removed already
[18May2025 00:38:20.605] [Server thread/WARN] [net.minecraft.server.level.ServerLevel/]: Tried to add entity the_anomaly:anomaly_viewer but it was marked as removed already
[18May2025 00:38:20.756] [Server thread/WARN] [net.minecraft.server.level.ServerLevel/]: Tried to add entity the_anomaly:anomaly_viewer but it was marked as removed already
[18May2025 00:38:20.805] [Server thread/WARN] [net.minecraft.server.level.ServerLevel/]: Tried to add entity the_anomaly:anomaly_trap but it was marked as removed already
[18May2025 00:38:21.106] [Server thread/WARN] [net.minecraft.server.level.ServerLevel/]: Tried to add entity the_anomaly:anomaly_escape but it was marked as removed already
[18May2025 00:38:21.157] [Server thread/WARN] [net.minecraft.server.level.ServerLevel/]: Tried to add entity the_anomaly:anomaly_viewer but it was marked as removed already
[18May2025 00:38:21.160] [Server thread/WARN] [net.minecraft.server.level.ServerLevel/]: Tried to add entity the_anomaly:anomaly_escape but it was marked as removed already
[18May2025 00:38:21.206] [Server thread/WARN] [net.minecraft.server.level.ServerLevel/]: Tried to add entity the_anomaly:anomaly_viewer but it was marked as removed already
[18May2025 00:38:21.478] [Server thread/WARN] [net.minecraft.server.level.ServerLevel/]: Tried to add entity the_anomaly:anomaly_trap but it was marked as removed already
[18May2025 00:38:21.605] [Server thread/WARN] [net.minecraft.server.level.ServerLevel/]: Tried to add entity the_anomaly:anomaly_viewer but it was marked as removed already
[18May2025 00:38:21.706] [Server thread/WARN] [net.minecraft.server.level.ServerLevel/]: Tried to add entity the_anomaly:anomaly_escape but it was marked as removed already
[18May2025 00:38:21.858] [Server thread/WARN] [net.minecraft.server.level.ServerLevel/]: Tried to add entity the_anomaly:anomaly_trap but it was marked as removed already
[18May2025 00:38:21.957] [Server thread/WARN] [net.minecraft.server.level.ServerLevel/]: Tried to add entity the_anomaly:anomaly_trap but it was marked as removed already
[18May2025 00:38:21.966] [Server thread/WARN] [net.minecraft.server.level.ServerLevel/]: Tried to add entity the_anomaly:anomaly_visitor_2 but it was marked as removed already
[18May2025 00:38:22.407] [Server thread/WARN] [net.minecraft.server.level.ServerLevel/]: Tried to add entity the_anomaly:anomaly_viewer but it was marked as removed already
[18May2025 00:38:22.560] [Server thread/WARN] [net.minecraft.server.level.ServerLevel/]: Tried to add entity the_anomaly:anomaly_escape but it was marked as removed already
[18May2025 00:38:22.716] [Server thread/WARN] [net.minecraft.server.level.ServerLevel/]: Tried to add entity the_anomaly:anomaly_escape but it was marked as removed already
[18May2025 00:38:22.809] [Server thread/WARN] [net.minecraft.server.level.ServerLevel/]: Tried to add entity the_anomaly:anomaly_escape but it was marked as removed already
[18May2025 00:38:22.858] [Server thread/WARN] [net.minecraft.server.level.ServerLevel/]: Tried to add entity the_anomaly:anomaly_viewer but it was marked as removed already
[18May2025 00:38:22.910] [Server thread/WARN] [net.minecraft.server.level.ServerLevel/]: Tried to add entity the_anomaly:anomaly_trap but it was marked as removed already
[18May2025 00:38:22.958] [Server thread/WARN] [net.minecraft.server.level.ServerLevel/]: Tried to add entity the_anomaly:anomaly_trap but it was marked as removed already
[18May2025 00:38:22.962] [Server thread/WARN] [net.minecraft.server.level.ServerLevel/]: Tried to add entity the_anomaly:anomaly_viewer but it was marked as removed already
[18May2025 00:38:23.177] [Server thread/WARN] [net.minecraft.server.level.ServerLevel/]: Tried to add entity the_anomaly:anomaly_visitor but it was marked as removed already
[18May2025 00:38:23.204] [Server thread/WARN] [net.minecraft.server.level.ServerLevel/]: Tried to add entity the_anomaly:anomaly_viewer but it was marked as removed already
[18May2025 00:38:23.210] [Server thread/WARN] [net.minecraft.server.level.ServerLevel/]: Tried to add entity the_anomaly:anomaly_trap but it was marked as removed already
[18May2025 00:38:23.504] [Server thread/WARN] [net.minecraft.server.level.ServerLevel/]: Tried to add entity the_anomaly:anomaly_trap but it was marked as removed already
[18May2025 00:38:23.512] [Server thread/WARN] [net.minecraft.server.level.ServerLevel/]: Tried to add entity the_anomaly:anomaly_trap but it was marked as removed already
[18May2025 00:38:23.558] [Server thread/WARN] [net.minecraft.server.level.ServerLevel/]: Tried to add entity the_anomaly:anomaly_escape but it was marked as removed already
[18May2025 00:38:23.759] [Server thread/WARN] [net.minecraft.server.level.ServerLevel/]: Tried to add entity the_anomaly:anomaly_escape but it was marked as removed already
[18May2025 00:38:23.909] [Server thread/WARN] [net.minecraft.server.level.ServerLevel/]: Tried to add entity the_anomaly:anomaly_trap but it was marked as removed already
[18May2025 00:38:24.054] [Server thread/WARN] [net.minecraft.server.level.ServerLevel/]: Tried to add entity the_anomaly:anomaly_trap but it was marked as removed already
[18May2025 00:38:24.368] [Server thread/WARN] [net.minecraft.server.level.ServerLevel/]: Tried to add entity the_anomaly:anomaly_viewer but it was marked as removed already
[18May2025 00:38:24.510] [Server thread/WARN] [net.minecraft.server.level.ServerLevel/]: Tried to add entity the_anomaly:anomaly_trap but it was marked as removed already
[18May2025 00:38:24.810] [Server thread/WARN] [net.minecraft.server.level.ServerLevel/]: Tried to add entity the_anomaly:anomaly_viewer but it was marked as removed already
[18May2025 00:38:24.862] [Server thread/WARN] [net.minecraft.server.level.ServerLevel/]: Tried to add entity the_anomaly:anomaly_escape but it was marked as removed already
[18May2025 00:38:24.862] [Server thread/WARN] [net.minecraft.server.level.ServerLevel/]: Tried to add entity the_anomaly:anomaly_trap but it was marked as removed already
[18May2025 00:38:24.866] [Server thread/WARN] [net.minecraft.server.level.ServerLevel/]: Tried to add entity the_anomaly:anomaly_trap but it was marked as removed already
[18May2025 00:38:24.867] [Server thread/WARN] [net.minecraft.server.level.ServerLevel/]: Tried to add entity the_anomaly:anomaly_viewer but it was marked as removed already
[18May2025 00:38:25.107] [Server thread/WARN] [net.minecraft.server.level.ServerLevel/]: Tried to add entity the_anomaly:anomaly_trap but it was marked as removed already
[18May2025 00:38:25.161] [Server thread/WARN] [net.minecraft.server.level.ServerLevel/]: Tried to add entity the_anomaly:anomaly_escape but it was marked as removed already
[18May2025 00:38:25.221] [Server thread/WARN] [net.minecraft.server.level.ServerLevel/]: Tried to add entity the_anomaly:anomaly_viewer but it was marked as removed already
[18May2025 00:38:25.429] [Server thread/WARN] [net.minecraft.server.level.ServerLevel/]: Tried to add entity the_anomaly:anomaly_viewer but it was marked as removed already
[18May2025 00:38:25.460] [Server thread/WARN] [net.minecraft.server.level.ServerLevel/]: Tried to add entity the_anomaly:anomaly_escape but it was marked as removed already
[18May2025 00:38:25.460] [Server thread/WARN] [net.minecraft.server.level.ServerLevel/]: Tried to add entity the_anomaly:anomaly_viewer but it was marked as removed already
[18May2025 00:38:25.474] [Server thread/WARN] [net.minecraft.server.level.ServerLevel/]: Tried to add entity the_anomaly:anomaly_trap but it was marked as removed already
[18May2025 00:38:25.655] [Server thread/WARN] [net.minecraft.server.level.ServerLevel/]: Tried to add entity the_anomaly:anomaly_visitor_2 but it was marked as removed already
[18May2025 00:38:25.657] [Server thread/WARN] [net.minecraft.server.level.ServerLevel/]: Tried to add entity the_anomaly:anomaly_escape but it was marked as removed already
[18May2025 00:38:25.762] [Server thread/WARN] [net.minecraft.server.level.ServerLevel/]: Tried to add entity the_anomaly:anomaly_escape but it was marked as removed already
[18May2025 00:38:26.077] [Server thread/WARN] [net.minecraft.server.level.ServerLevel/]: Tried to add entity the_anomaly:anomaly_trap but it was marked as removed already
[18May2025 00:38:26.163] [Server thread/WARN] [net.minecraft.server.level.ServerLevel/]: Tried to add entity the_anomaly:anomaly_visitor_2 but it was marked as removed already
[18May2025 00:38:26.310] [Server thread/WARN] [net.minecraft.server.level.ServerLevel/]: Tried to add entity the_anomaly:anomaly_viewer but it was marked as removed already
[18May2025 00:38:26.707] [Server thread/WARN] [net.minecraft.server.level.ServerLevel/]: Tried to add entity the_anomaly:anomaly_viewer but it was marked as removed already
[18May2025 00:38:26.758] [Server thread/WARN] [net.minecraft.server.level.ServerLevel/]: Tried to add entity the_anomaly:anomaly_viewer but it was marked as removed already
[18May2025 00:38:26.908] [Server thread/WARN] [net.minecraft.server.level.ServerLevel/]: Tried to add entity the_anomaly:anomaly_viewer but it was marked as removed already
[18May2025 00:38:26.954] [Server thread/WARN] [net.minecraft.server.level.ServerLevel/]: Tried to add entity the_anomaly:anomaly_escape but it was marked as removed already
[18May2025 00:38:27.004] [Server thread/WARN] [net.minecraft.server.level.ServerLevel/]: Tried to add entity the_anomaly:anomaly_escape but it was marked as removed already
[18May2025 00:38:27.209] [Server thread/WARN] [net.minecraft.server.level.ServerLevel/]: Tried to add entity the_anomaly:anomaly_viewer but it was marked as removed already
[18May2025 00:38:27.460] [Server thread/WARN] [net.minecraft.server.level.ServerLevel/]: Tried to add entity the_anomaly:anomaly_viewer but it was marked as removed already
[18May2025 00:38:27.567] [Server thread/WARN] [net.minecraft.server.level.ServerLevel/]: Tried to add entity the_anomaly:anomaly_escape but it was marked as removed already
[18May2025 00:38:27.568] [Server thread/WARN] [net.minecraft.server.level.ServerLevel/]: Tried to add entity the_anomaly:anomaly_trap but it was marked as removed already
[18May2025 00:38:27.581] [Server thread/WARN] [net.minecraft.server.level.ServerLevel/]: Tried to add entity the_anomaly:anomaly_trap but it was marked as removed already
[18May2025 00:38:27.620] [Server thread/WARN] [net.minecraft.server.level.ServerLevel/]: Tried to add entity the_anomaly:anomaly_trap but it was marked as removed already
[18May2025 00:38:27.854] [Server thread/WARN] [net.minecraft.server.level.ServerLevel/]: Tried to add entity the_anomaly:anomaly_trap but it was marked as removed already
[18May2025 00:38:28.106] [Server thread/WARN] [net.minecraft.server.level.ServerLevel/]: Tried to add entity the_anomaly:anomaly_viewer but it was marked as removed already
[18May2025 00:38:28.356] [Server thread/WARN] [net.minecraft.server.level.ServerLevel/]: Tried to add entity the_anomaly:anomaly_viewer but it was marked as removed already
[18May2025 00:38:28.357] [Server thread/WARN] [net.minecraft.server.level.ServerLevel/]: Tried to add entity the_anomaly:anomaly_escape but it was marked as removed already
[18May2025 00:38:28.408] [Server thread/WARN] [net.minecraft.server.level.ServerLevel/]: Tried to add entity the_anomaly:anomaly_trap but it was marked as removed already
[18May2025 00:38:28.413] [Server thread/WARN] [net.minecraft.server.level.ServerLevel/]: Tried to add entity the_anomaly:anomaly_trap but it was marked as removed already
[18May2025 00:38:28.607] [Server thread/WARN] [net.minecraft.server.level.ServerLevel/]: Tried to add entity the_anomaly:anomaly_escape but it was marked as removed already
[18May2025 00:38:28.766] [Server thread/WARN] [net.minecraft.server.level.ServerLevel/]: Tried to add entity the_anomaly:anomaly_viewer but it was marked as removed already
[18May2025 00:38:29.105] [Server thread/WARN] [net.minecraft.server.level.ServerLevel/]: Tried to add entity the_anomaly:anomaly_trap but it was marked as removed already
[18May2025 00:38:29.357] [Server thread/WARN] [net.minecraft.server.level.ServerLevel/]: Tried to add entity the_anomaly:anomaly_viewer but it was marked as removed already
[18May2025 00:38:29.454] [Server thread/WARN] [net.minecraft.server.level.ServerLevel/]: Tried to add entity the_anomaly:anomaly_escape but it was marked as removed already
[18May2025 00:38:29.456] [Server thread/WARN] [net.minecraft.server.level.ServerLevel/]: Tried to add entity the_anomaly:anomaly_trap but it was marked as removed already
[18May2025 00:38:29.459] [Server thread/WARN] [net.minecraft.server.level.ServerLevel/]: Tried to add entity the_anomaly:anomaly_viewer but it was marked as removed already
[18May2025 00:38:29.460] [Server thread/WARN] [net.minecraft.server.level.ServerLevel/]: Tried to add entity the_anomaly:anomaly_trap but it was marked as removed already
[18May2025 00:38:29.507] [Server thread/WARN] [net.minecraft.server.level.ServerLevel/]: Tried to add entity the_anomaly:anomaly_trap but it was marked as removed already
[18May2025 00:38:29.559] [Server thread/WARN] [net.minecraft.server.level.ServerLevel/]: Tried to add entity the_anomaly:anomaly_trap but it was marked as removed already
[18May2025 00:38:29.607] [Server thread/WARN] [net.minecraft.server.level.ServerLevel/]: Tried to add entity the_anomaly:anomaly_viewer but it was marked as removed already
[18May2025 00:38:29.913] [Server thread/WARN] [net.minecraft.server.level.ServerLevel/]: Tried to add entity the_anomaly:anomaly_escape but it was marked as removed already
[18May2025 00:38:29.956] [Server thread/WARN] [net.minecraft.server.level.ServerLevel/]: Tried to add entity the_anomaly:anomaly_viewer but it was marked as removed already
[18May2025 00:38:30.208] [Server thread/WARN] [net.minecraft.server.level.ServerLevel/]: Tried to add entity the_anomaly:anomaly_visitor but it was marked as removed already
[18May2025 00:38:30.458] [Server thread/WARN] [net.minecraft.server.level.ServerLevel/]: Tried to add entity the_anomaly:anomaly_trap but it was marked as removed already
[18May2025 00:38:30.558] [Server thread/WARN] [net.minecraft.server.level.ServerLevel/]: Tried to add entity the_anomaly:anomaly_trap but it was marked as removed already
[18May2025 00:38:30.828] [Server thread/WARN] [net.minecraft.server.level.ServerLevel/]: Tried to add entity the_anomaly:anomaly_viewer but it was marked as removed already
[18May2025 00:38:31.008] [Server thread/WARN] [net.minecraft.server.level.ServerLevel/]: Tried to add entity the_anomaly:anomaly_viewer but it was marked as removed already
[18May2025 00:38:31.062] [Server thread/WARN] [net.minecraft.server.level.ServerLevel/]: Tried to add entity the_anomaly:anomaly_trap but it was marked as removed already
[18May2025 00:38:31.205] [Server thread/WARN] [net.minecraft.server.level.ServerLevel/]: Tried to add entity the_anomaly:anomaly_escape but it was marked as removed already
[18May2025 00:38:31.211] [Server thread/WARN] [net.minecraft.server.level.ServerLevel/]: Tried to add entity the_anomaly:anomaly_viewer but it was marked as removed already
[18May2025 00:38:31.268] [Server thread/WARN] [net.minecraft.server.level.ServerLevel/]: Tried to add entity the_anomaly:anomaly_viewer but it was marked as removed already
[18May2025 00:38:31.269] [Server thread/WARN] [net.minecraft.server.level.ServerLevel/]: Tried to add entity the_anomaly:anomaly_trap but it was marked as removed already
[18May2025 00:38:31.306] [Server thread/WARN] [net.minecraft.server.level.ServerLevel/]: Tried to add entity the_anomaly:anomaly_viewer but it was marked as removed already
[18May2025 00:38:31.312] [Server thread/WARN] [net.minecraft.server.level.ServerLevel/]: Tried to add entity the_anomaly:anomaly_escape but it was marked as removed already
[18May2025 00:38:31.505] [Server thread/WARN] [net.minecraft.server.level.ServerLevel/]: Tried to add entity the_anomaly:anomaly_escape but it was marked as removed already
[18May2025 00:38:31.604] [Server thread/WARN] [net.minecraft.server.level.ServerLevel/]: Tried to add entity the_anomaly:anomaly_escape but it was marked as removed already
[18May2025 00:38:31.758] [Server thread/WARN] [net.minecraft.server.level.ServerLevel/]: Tried to add entity the_anomaly:anomaly_trap but it was marked as removed already
[18May2025 00:38:32.015] [Server thread/WARN] [net.minecraft.server.level.ServerLevel/]: Tried to add entity the_anomaly:anomaly_trap but it was marked as removed already
[18May2025 00:38:32.068] [Server thread/WARN] [net.minecraft.server.level.ServerLevel/]: Tried to add entity the_anomaly:anomaly_viewer but it was marked as removed already
