[19May2025 05:27:30.831] [main/INFO] [cpw.mods.modlauncher.Launcher/MODLAUNCHER]: ModLauncher running: args [--launchTarget, forgeserver, --fml.forgeVersion, 47.3.7, --fml.mcVersion, 1.20.1, --fml.forgeGroup, net.minecraftforge, --fml.mcpVersion, 20230612.114412, nogui]
[19May2025 05:27:30.836] [main/INFO] [cpw.mods.modlauncher.Launcher/MODLAUNCHER]: ModLauncher 10.0.9+10.0.9+main.dcd20f30 starting: java version 17.0.15 by Ubuntu; OS Linux arch amd64 version 6.8.0-1027-azure
[19May2025 05:27:31.004] [main/WARN] [net.minecraftforge.fml.loading.FMLConfig/CORE]: Configuration file /workspaces/mineserver/servidor_minecraft/config/fml.toml is not correct. Correcting
[19May2025 05:27:31.007] [main/INFO] [net.minecraftforge.fml.loading.FMLConfig/CORE]: Incorrect key [earlyWindowSkipGLVersions] was corrected from null to []
[19May2025 05:27:31.007] [main/INFO] [net.minecraftforge.fml.loading.FMLConfig/CORE]: Incorrect key [earlyWindowLogHelpMessage] was corrected from null to true
[19May2025 05:27:31.008] [main/INFO] [net.minecraftforge.fml.loading.FMLConfig/CORE]: Incorrect key [earlyWindowSquir] was corrected from null to false
[19May2025 05:27:31.009] [main/INFO] [net.minecraftforge.fml.loading.FMLConfig/CORE]: Incorrect key [earlyWindowShowCPU] was corrected from null to false
[19May2025 05:27:31.288] [main/INFO] [net.minecraftforge.fml.loading.ImmediateWindowHandler/]: ImmediateWindowProvider not loading because launch target is forgeserver
[19May2025 05:27:31.437] [main/INFO] [mixin/]: SpongePowered MIXIN Subsystem Version=0.8.5 Source=union:/workspaces/mineserver/servidor_minecraft/libraries/org/spongepowered/mixin/0.8.5/mixin-0.8.5.jar%2365!/ Service=ModLauncher Env=SERVER
[19May2025 05:27:32.034] [main/WARN] [net.minecraftforge.fml.loading.moddiscovery.ModFileParser/LOADING]: Mod file /workspaces/mineserver/servidor_minecraft/libraries/net/minecraftforge/fmlcore/1.20.1-47.3.7/fmlcore-1.20.1-47.3.7.jar is missing mods.toml file
[19May2025 05:27:32.043] [main/WARN] [net.minecraftforge.fml.loading.moddiscovery.ModFileParser/LOADING]: Mod file /workspaces/mineserver/servidor_minecraft/libraries/net/minecraftforge/javafmllanguage/1.20.1-47.3.7/javafmllanguage-1.20.1-47.3.7.jar is missing mods.toml file
[19May2025 05:27:32.049] [main/WARN] [net.minecraftforge.fml.loading.moddiscovery.ModFileParser/LOADING]: Mod file /workspaces/mineserver/servidor_minecraft/libraries/net/minecraftforge/lowcodelanguage/1.20.1-47.3.7/lowcodelanguage-1.20.1-47.3.7.jar is missing mods.toml file
[19May2025 05:27:32.062] [main/WARN] [net.minecraftforge.fml.loading.moddiscovery.ModFileParser/LOADING]: Mod file /workspaces/mineserver/servidor_minecraft/libraries/net/minecraftforge/mclanguage/1.20.1-47.3.7/mclanguage-1.20.1-47.3.7.jar is missing mods.toml file
[19May2025 05:27:32.533] [main/INFO] [net.minecraftforge.fml.loading.moddiscovery.JarInJarDependencyLocator/]: Found 8 dependencies adding them to mods collection
[19May2025 05:27:35.562] [main/INFO] [mixin/]: Compatibility level set to JAVA_17
[19May2025 05:27:35.691] [main/INFO] [cpw.mods.modlauncher.LaunchServiceHandler/MODLAUNCHER]: Launching target 'forgeserver' with arguments [nogui]
[19May2025 05:27:38.175] [main/INFO] [MixinExtras|Service/]: Initializing MixinExtras via com.llamalad7.mixinextras.service.MixinExtrasServiceImpl(version=0.4.1).
[19May2025 05:27:39.008] [main/WARN] [mixin/]: @Inject(@At("INVOKE")) Shift.BY=2 on sanitydim.mixins.json:MixinEntity::handler$zcg000$move exceeds the maximum allowed value: 0. Increase the value of maxShiftBy to suppress this warning.
[19May2025 05:27:49.523] [modloading-worker-0/WARN] [net.minecraftforge.common.ForgeConfigSpec/CORE]: Configuration file /workspaces/mineserver/servidor_minecraft/config/dotf_config.toml is not correct. Correcting
[19May2025 05:27:49.526] [modloading-worker-0/WARN] [net.minecraftforge.common.ForgeConfigSpec/CORE]: Incorrect key Gun Settings was corrected from null to its default, SimpleCommentedConfig:{}. 
[19May2025 05:27:49.526] [modloading-worker-0/WARN] [net.minecraftforge.common.ForgeConfigSpec/CORE]: Incorrect key Gun Settings.If enabled, allows guns to shoot out glass and other fragile objects was corrected from null to its default, true. 
[19May2025 05:27:49.526] [modloading-worker-0/WARN] [net.minecraftforge.common.ForgeConfigSpec/CORE]: Incorrect key Gun Settings.If enabled, fragile blocks will drop their loot when broken was corrected from null to its default, true. 
[19May2025 05:27:49.527] [modloading-worker-0/WARN] [net.minecraftforge.common.ForgeConfigSpec/CORE]: Incorrect key Gun Settings.The base chance that a fragile block is broken when impacted by a bullet, the hardness of a block will scale this value, the harder the block, the lower the final calculated chance will be was corrected from null to its default, 1.0. 
[19May2025 05:27:49.527] [modloading-worker-0/WARN] [net.minecraftforge.common.ForgeConfigSpec/CORE]: Incorrect key Gun Settings.Sets the knockback that an entity will take after being hit by a bullet was corrected from null to its default, 0.15. 
[19May2025 05:27:49.530] [modloading-worker-0/WARN] [net.minecraftforge.common.ForgeConfigSpec/CORE]: Incorrect key Gun Settings.If true, bullets should cause crit hits with a chance was corrected from null to its default, true. 
[19May2025 05:27:49.530] [modloading-worker-0/WARN] [net.minecraftforge.common.ForgeConfigSpec/CORE]: Incorrect key Gun Settings.If true, guns should spawn smoke particles when shooting was corrected from null to its default, false. 
[19May2025 05:27:49.530] [modloading-worker-0/WARN] [net.minecraftforge.common.ForgeConfigSpec/CORE]: Incorrect key Gun Settings.If true, guns should have sprinting animations and not default bobbing ones was corrected from null to its default, false. 
[19May2025 05:27:49.530] [modloading-worker-0/WARN] [net.minecraftforge.common.ForgeConfigSpec/CORE]: Incorrect key Gun Settings.Sets the chance of the bullet causing a crit hit, doubling the damage of the bullet, 0 05 means 5 percent chance was corrected from null to its default, 0.05. 
[19May2025 05:27:49.534] [modloading-worker-0/WARN] [net.minecraftforge.common.ForgeConfigSpec/CORE]: Incorrect key Gun Settings.Sets the bobbing intensity of the gun, basically how much should the gun move left and right just like in vanilla minecraft was corrected from null to its default, 1.0. 
[19May2025 05:27:49.534] [modloading-worker-0/WARN] [net.minecraftforge.common.ForgeConfigSpec/CORE]: Incorrect key Gun Settings.Sets the distance from where a gun shot can still be heard, works best with sound physics remastered mod was corrected from null to its default, 70.0. 
[19May2025 05:27:49.534] [modloading-worker-0/WARN] [net.minecraftforge.common.ForgeConfigSpec/CORE]: Incorrect key Gun Settings.Sets the modified sensitivity of a gun when aiming was corrected from null to its default, 0.5. 
[19May2025 05:27:49.534] [modloading-worker-0/WARN] [net.minecraftforge.common.ForgeConfigSpec/CORE]: Incorrect key Gun Settings.Sets the damage of the magnum's bullet was corrected from null to its default, 16.5. 
[19May2025 05:27:49.535] [modloading-worker-0/WARN] [net.minecraftforge.common.ForgeConfigSpec/CORE]: Incorrect key Gun Settings.Sets the damage of the sidekick's bullet was corrected from null to its default, 15.3. 
[19May2025 05:27:49.535] [modloading-worker-0/WARN] [net.minecraftforge.common.ForgeConfigSpec/CORE]: Incorrect key Gun Settings.Sets the damage of the m90 shotgun's bullet was corrected from null to its default, 24.0. 
[19May2025 05:27:49.536] [modloading-worker-0/WARN] [net.minecraftforge.common.ForgeConfigSpec/CORE]: Incorrect key Gun Settings.Sets the damage of the needler's bullet was corrected from null to its default, 20.5. 
[19May2025 05:27:49.538] [modloading-worker-0/WARN] [net.minecraftforge.common.ForgeConfigSpec/CORE]: Incorrect key Gun Settings.Sets the damage of the m7 smg's bullet was corrected from null to its default, 14.6. 
[19May2025 05:27:49.541] [modloading-worker-0/WARN] [net.minecraftforge.common.ForgeConfigSpec/CORE]: Incorrect key Mob Stuff was corrected from null to its default, SimpleCommentedConfig:{}. 
[19May2025 05:27:49.546] [modloading-worker-0/WARN] [net.minecraftforge.common.ForgeConfigSpec/CORE]: Incorrect key Mob Stuff.Illager / Raider stuff was corrected from null to its default, SimpleCommentedConfig:{}. 
[19May2025 05:27:49.546] [modloading-worker-0/WARN] [net.minecraftforge.common.ForgeConfigSpec/CORE]: Incorrect key Mob Stuff.Illager / Raider stuff.Should Illager Forms STOP attacking iron golems or players or villagers when they reach a certain stage due to the potential danger that the flood represents? was corrected from null to its default, true. 
[19May2025 05:27:49.546] [modloading-worker-0/WARN] [net.minecraftforge.common.ForgeConfigSpec/CORE]: Incorrect key Mob Stuff.Illager / Raider stuff.The wave when the raider alliance will start their common enemy project, stopping all attacks pointed at the human side  was corrected from null to its default, 3. 
[19May2025 05:27:49.546] [modloading-worker-0/WARN] [net.minecraftforge.common.ForgeConfigSpec/CORE]: Incorrect key Mob Stuff.Base Forms ( Human / Villager / Player ) was corrected from null to its default, SimpleCommentedConfig:{}. 
[19May2025 05:27:49.547] [modloading-worker-0/WARN] [net.minecraftforge.common.ForgeConfigSpec/CORE]: Incorrect key Mob Stuff.Base Forms ( Human / Villager / Player ).Sets Base Form's Max health was corrected from null to its default, 25.0. 
[19May2025 05:27:49.547] [modloading-worker-0/WARN] [net.minecraftforge.common.ForgeConfigSpec/CORE]: Incorrect key Mob Stuff.Base Forms ( Human / Villager / Player ).Sets Base Form's Damage was corrected from null to its default, 7.0. 
[19May2025 05:27:49.547] [modloading-worker-0/WARN] [net.minecraftforge.common.ForgeConfigSpec/CORE]: Incorrect key Mob Stuff.Base Forms ( Human / Villager / Player ).Should Base Forms regenerate? was corrected from null to its default, true. 
[19May2025 05:27:49.547] [modloading-worker-0/WARN] [net.minecraftforge.common.ForgeConfigSpec/CORE]: Incorrect key Mob Stuff.Base Forms ( Human / Villager / Player ).Should Base Forms climb? was corrected from null to its default, true. 
[19May2025 05:27:49.547] [modloading-worker-0/WARN] [net.minecraftforge.common.ForgeConfigSpec/CORE]: Incorrect key Mob Stuff.Base Forms ( Human / Villager / Player ).Should Base Forms cause a screen shake when roaring? was corrected from null to its default, true. 
[19May2025 05:27:49.548] [modloading-worker-0/WARN] [net.minecraftforge.common.ForgeConfigSpec/CORE]: Incorrect key Mob Stuff.Base Forms ( Human / Villager / Player ).Should ( certain ) Base Forms have the ability to wear chestplates as well? was corrected from null to its default, false. 
[19May2025 05:27:49.548] [modloading-worker-0/WARN] [net.minecraftforge.common.ForgeConfigSpec/CORE]: Incorrect key Mob Stuff.Base Forms ( Human / Villager / Player ).Should Human Forms be able to wear armor and take armor on death ( wave needs to be atleast 4 )? was corrected from null to its default, true. 
[19May2025 05:27:49.551] [modloading-worker-0/WARN] [net.minecraftforge.common.ForgeConfigSpec/CORE]: Incorrect key Mob Stuff.Base Forms ( Human / Villager / Player ).Should Player Forms be able to wear armor and take your armor on death ( no restrictions )? was corrected from null to its default, true. 
[19May2025 05:27:49.551] [modloading-worker-0/WARN] [net.minecraftforge.common.ForgeConfigSpec/CORE]: Incorrect key Mob Stuff.Base Forms ( Human / Villager / Player ).Should PLAYER Forms break blocks? was corrected from null to its default, true. 
[19May2025 05:27:49.551] [modloading-worker-0/WARN] [net.minecraftforge.common.ForgeConfigSpec/CORE]: Incorrect key Mob Stuff.Base Forms ( Human / Villager / Player ).Should Pillager Forms use Crossbows? was corrected from null to its default, true. 
[19May2025 05:27:49.551] [modloading-worker-0/WARN] [net.minecraftforge.common.ForgeConfigSpec/CORE]: Incorrect key Mob Stuff.Base Forms ( Human / Villager / Player ).Should Vindicator Forms use iron axes? was corrected from null to its default, true. 
[19May2025 05:27:49.552] [modloading-worker-0/WARN] [net.minecraftforge.common.ForgeConfigSpec/CORE]: Incorrect key Mob Stuff.Base Forms ( Human / Villager / Player ).Should Evoker Forms use Totems of Undying? was corrected from null to its default, true. 
[19May2025 05:27:49.552] [modloading-worker-0/WARN] [net.minecraftforge.common.ForgeConfigSpec/CORE]: Incorrect key Mob Stuff.Base Forms ( Human / Villager / Player ).Should Evoker Forms be able to cast spells and spawn pod infectors? was corrected from null to its default, true. 
[19May2025 05:27:49.554] [modloading-worker-0/WARN] [net.minecraftforge.common.ForgeConfigSpec/CORE]: Incorrect key Mob Stuff.Base Forms ( Human / Villager / Player ).Should All Flood Forms be infectious and have a chance to turn players, villagers and zombies and more into their counterparts? For this to work, you also have to specify the conversions and transformations of each creature, just like with a pod infector infection was corrected from null to its default, false. 
[19May2025 05:27:49.554] [modloading-worker-0/WARN] [net.minecraftforge.common.ForgeConfigSpec/CORE]: Incorrect key Mob Stuff.Base Forms ( Human / Villager / Player ).Sets the chance of a creature being infected and turned into it's counterpart by any flood form was corrected from null to its default, 0.15. 
[19May2025 05:27:49.555] [modloading-worker-0/WARN] [net.minecraftforge.common.ForgeConfigSpec/CORE]: Incorrect key Mob Stuff.Base Forms ( Human / Villager / Player ).Potions that are used by the player form to buff the flood forms , NOT effects was corrected from null to its default, [minecraft:fire_resistance, minecraft:regeneration, minecraft:strength, minecraft:resistance]. 
[19May2025 05:27:49.556] [modloading-worker-0/WARN] [net.minecraftforge.common.ForgeConfigSpec/CORE]: Incorrect key Mob Stuff.Base Forms ( Human / Villager / Player ).Should Player Forms use Potions? was corrected from null to its default, true. 
[19May2025 05:27:49.556] [modloading-worker-0/WARN] [net.minecraftforge.common.ForgeConfigSpec/CORE]: Incorrect key Mob Stuff.Base Forms ( Human / Villager / Player ).Sets the time before throwing a potion when buffing was corrected from null to its default, 100. 
[19May2025 05:27:49.559] [modloading-worker-0/WARN] [net.minecraftforge.common.ForgeConfigSpec/CORE]: Incorrect key Mob Stuff.Marine Forms was corrected from null to its default, SimpleCommentedConfig:{}. 
[19May2025 05:27:49.559] [modloading-worker-0/WARN] [net.minecraftforge.common.ForgeConfigSpec/CORE]: Incorrect key Mob Stuff.Marine Forms.Sets Marine Form's Max health was corrected from null to its default, 35.0. 
[19May2025 05:27:49.559] [modloading-worker-0/WARN] [net.minecraftforge.common.ForgeConfigSpec/CORE]: Incorrect key Mob Stuff.Marine Forms.Sets Marine Form's Damage was corrected from null to its default, 12.0. 
[19May2025 05:27:49.559] [modloading-worker-0/WARN] [net.minecraftforge.common.ForgeConfigSpec/CORE]: Incorrect key Mob Stuff.Marine Forms.Should Marine Forms regenerate? was corrected from null to its default, true. 
[19May2025 05:27:49.561] [modloading-worker-0/WARN] [net.minecraftforge.common.ForgeConfigSpec/CORE]: Incorrect key Mob Stuff.Marine Forms.Should Marine Forms climb? was corrected from null to its default, true. 
[19May2025 05:27:49.561] [modloading-worker-0/WARN] [net.minecraftforge.common.ForgeConfigSpec/CORE]: Incorrect key Mob Stuff.Marine Forms.Should Marine Forms break blocks? was corrected from null to its default, true. 
[19May2025 05:27:49.562] [modloading-worker-0/WARN] [net.minecraftforge.common.ForgeConfigSpec/CORE]: Incorrect key Mob Stuff.Marine Forms.Should Marine Forms use guns? was corrected from null to its default, true. 
[19May2025 05:27:49.562] [modloading-worker-0/WARN] [net.minecraftforge.common.ForgeConfigSpec/CORE]: Incorrect key Mob Stuff.Marine Forms.Should Marine Forms NOT despawn after they have seen a target for too long? was corrected from null to its default, true. 
[19May2025 05:27:49.562] [modloading-worker-0/WARN] [net.minecraftforge.common.ForgeConfigSpec/CORE]: Incorrect key Mob Stuff.Marine Forms.Sets Marine's time before it should STOP despawning when it has seen a target for too long was corrected from null to its default, 8000. 
[19May2025 05:27:49.563] [modloading-worker-0/WARN] [net.minecraftforge.common.ForgeConfigSpec/CORE]: Incorrect key Mob Stuff.Sangheili Forms was corrected from null to its default, SimpleCommentedConfig:{}. 
[19May2025 05:27:49.563] [modloading-worker-0/WARN] [net.minecraftforge.common.ForgeConfigSpec/CORE]: Incorrect key Mob Stuff.Sangheili Forms.Sets Sangheili Form's Max health was corrected from null to its default, 65.0. 
[19May2025 05:27:49.566] [modloading-worker-0/WARN] [net.minecraftforge.common.ForgeConfigSpec/CORE]: Incorrect key Mob Stuff.Sangheili Forms.Sets Sangheili Form's Damage was corrected from null to its default, 15.0. 
[19May2025 05:27:49.567] [modloading-worker-0/WARN] [net.minecraftforge.common.ForgeConfigSpec/CORE]: Incorrect key Mob Stuff.Sangheili Forms.Should Sangheili Forms regenerate? was corrected from null to its default, true. 
[19May2025 05:27:49.568] [modloading-worker-0/WARN] [net.minecraftforge.common.ForgeConfigSpec/CORE]: Incorrect key Mob Stuff.Sangheili Forms.Should Sangheili Forms climb? was corrected from null to its default, true. 
[19May2025 05:27:49.568] [modloading-worker-0/WARN] [net.minecraftforge.common.ForgeConfigSpec/CORE]: Incorrect key Mob Stuff.Sangheili Forms.Should Sangheili Forms break blocks? was corrected from null to its default, true. 
[19May2025 05:27:49.568] [modloading-worker-0/WARN] [net.minecraftforge.common.ForgeConfigSpec/CORE]: Incorrect key Mob Stuff.Sangheili Forms.Should Sangheili Forms make your screen tremble when they walk? was corrected from null to its default, true. 
[19May2025 05:27:49.568] [modloading-worker-0/WARN] [net.minecraftforge.common.ForgeConfigSpec/CORE]: Incorrect key Mob Stuff.Sangheili Forms.Should Sangheili Forms use guns? was corrected from null to its default, true. 
[19May2025 05:27:49.568] [modloading-worker-0/WARN] [net.minecraftforge.common.ForgeConfigSpec/CORE]: Incorrect key Mob Stuff.Sangheili Forms.Should Sangheili Forms use Energy Swords? was corrected from null to its default, true. 
[19May2025 05:27:49.569] [modloading-worker-0/WARN] [net.minecraftforge.common.ForgeConfigSpec/CORE]: Incorrect key Mob Stuff.Sangheili Forms.Should Sangheili Forms NOT despawn after they have seen a target for too long? was corrected from null to its default, true. 
[19May2025 05:27:49.569] [modloading-worker-0/WARN] [net.minecraftforge.common.ForgeConfigSpec/CORE]: Incorrect key Mob Stuff.Sangheili Forms.Should Sangheili Forms glow in the dark? MAY BE OVERWRITTEN WHEN USING SHADERS was corrected from null to its default, true. 
[19May2025 05:27:49.569] [modloading-worker-0/WARN] [net.minecraftforge.common.ForgeConfigSpec/CORE]: Incorrect key Mob Stuff.Sangheili Forms.Sets Sangheili's time before it should STOP despawning when it has seen a target for too long was corrected from null to its default, 7500. 
[19May2025 05:27:49.569] [modloading-worker-0/WARN] [net.minecraftforge.common.ForgeConfigSpec/CORE]: Incorrect key Mob Stuff.Carrier Forms was corrected from null to its default, SimpleCommentedConfig:{}. 
[19May2025 05:27:49.569] [modloading-worker-0/WARN] [net.minecraftforge.common.ForgeConfigSpec/CORE]: Incorrect key Mob Stuff.Carrier Forms.Sets Carrier Form's Max health was corrected from null to its default, 35.0. 
[19May2025 05:27:49.569] [modloading-worker-0/WARN] [net.minecraftforge.common.ForgeConfigSpec/CORE]: Incorrect key Mob Stuff.Carrier Forms.Sets Carrier Form's Damage was corrected from null to its default, 0.0. 
[19May2025 05:27:49.570] [modloading-worker-0/WARN] [net.minecraftforge.common.ForgeConfigSpec/CORE]: Incorrect key Mob Stuff.Carrier Forms.Sets the damage of the explosion of the carrier form was corrected from null to its default, 2.75. 
[19May2025 05:27:49.575] [modloading-worker-0/WARN] [net.minecraftforge.common.ForgeConfigSpec/CORE]: Incorrect key Mob Stuff.Carrier Forms.Should Carrier Forms regenerate? was corrected from null to its default, true. 
[19May2025 05:27:49.575] [modloading-worker-0/WARN] [net.minecraftforge.common.ForgeConfigSpec/CORE]: Incorrect key Mob Stuff.Carrier Forms.Should Base Forms age and turn into carrier forms? was corrected from null to its default, true. 
[19May2025 05:27:49.575] [modloading-worker-0/WARN] [net.minecraftforge.common.ForgeConfigSpec/CORE]: Incorrect key Mob Stuff.Carrier Forms.Time in ticks until any base form ages and turns into a carrier form was corrected from null to its default, 10000. 
[19May2025 05:27:49.575] [modloading-worker-0/WARN] [net.minecraftforge.common.ForgeConfigSpec/CORE]: Incorrect key Mob Stuff.Carrier Forms.Should Carrier Forms NOT despawn after they have seen a target for too long? was corrected from null to its default, true. 
[19May2025 05:27:49.576] [modloading-worker-0/WARN] [net.minecraftforge.common.ForgeConfigSpec/CORE]: Incorrect key Mob Stuff.Carrier Forms.Sets Carrier's time before it should STOP despawning when it has seen a target for too long was corrected from null to its default, 7000. 
[19May2025 05:27:49.576] [modloading-worker-0/WARN] [net.minecraftforge.common.ForgeConfigSpec/CORE]: Incorrect key Mob Stuff.Carrier Forms.Should Carrier Forms cause a screen shake when exploding? was corrected from null to its default, true. 
[19May2025 05:27:49.576] [modloading-worker-0/WARN] [net.minecraftforge.common.ForgeConfigSpec/CORE]: Incorrect key Mob Stuff.Pod Infector was corrected from null to its default, SimpleCommentedConfig:{}. 
[19May2025 05:27:49.576] [modloading-worker-0/WARN] [net.minecraftforge.common.ForgeConfigSpec/CORE]: Incorrect key Mob Stuff.Pod Infector.Sets Pod Infector's Max health was corrected from null to its default, 7.0. 
[19May2025 05:27:49.577] [modloading-worker-0/WARN] [net.minecraftforge.common.ForgeConfigSpec/CORE]: Incorrect key Mob Stuff.Pod Infector.Sets Pod Infector's Damage was corrected from null to its default, 5.0. 
[19May2025 05:27:49.580] [modloading-worker-0/WARN] [net.minecraftforge.common.ForgeConfigSpec/CORE]: Incorrect key Mob Stuff.Pod Infector.Sets Pod Infector's Explosion's Damage was corrected from null to its default, 1.45. 
[19May2025 05:27:49.580] [modloading-worker-0/WARN] [net.minecraftforge.common.ForgeConfigSpec/CORE]: Incorrect key Mob Stuff.Pod Infector.Pod Infector cooldown time in ticks before bursting was corrected from null to its default, 50. 
[19May2025 05:27:49.580] [modloading-worker-0/WARN] [net.minecraftforge.common.ForgeConfigSpec/CORE]: Incorrect key Mob Stuff.Pod Infector.Should Pod Infectors regenerate? was corrected from null to its default, true. 
[19May2025 05:27:49.580] [modloading-worker-0/WARN] [net.minecraftforge.common.ForgeConfigSpec/CORE]: Incorrect key Mob Stuff.Pod Infector.Should Pod Infectors cause a screen shake when exploding? was corrected from null to its default, true. 
[19May2025 05:27:49.581] [modloading-worker-0/WARN] [net.minecraftforge.common.ForgeConfigSpec/CORE]: Incorrect key Mob Stuff.Pod Infector.Should Pod Infectors instakill the creature when it latches onto it? (Very OP, but canonically accurate to the real Flood) was corrected from null to its default, false. 
[19May2025 05:27:49.583] [modloading-worker-0/WARN] [net.minecraftforge.common.ForgeConfigSpec/CORE]: Incorrect key Mob Stuff.Flood Tadpoles was corrected from null to its default, SimpleCommentedConfig:{}. 
[19May2025 05:27:49.583] [modloading-worker-0/WARN] [net.minecraftforge.common.ForgeConfigSpec/CORE]: Incorrect key Mob Stuff.Flood Tadpoles.Sets Flood Tadpole's Max health was corrected from null to its default, 4.0. 
[19May2025 05:27:49.584] [modloading-worker-0/WARN] [net.minecraftforge.common.ForgeConfigSpec/CORE]: Incorrect key Mob Stuff.Flood Tadpoles.Time in ticks until any flood tadpole ages and turns into a pod infector was corrected from null to its default, 2400. 
[19May2025 05:27:49.585] [modloading-worker-0/WARN] [net.minecraftforge.common.ForgeConfigSpec/CORE]: Incorrect key Mob Stuff.Enderman Form was corrected from null to its default, SimpleCommentedConfig:{}. 
[19May2025 05:27:49.585] [modloading-worker-0/WARN] [net.minecraftforge.common.ForgeConfigSpec/CORE]: Incorrect key Mob Stuff.Enderman Form.Sets Enderman Form's Max health was corrected from null to its default, 55.0. 
[19May2025 05:27:49.588] [modloading-worker-0/WARN] [net.minecraftforge.common.ForgeConfigSpec/CORE]: Incorrect key Mob Stuff.Enderman Form.Sets Enderman Form's Damage was corrected from null to its default, 11.0. 
[19May2025 05:27:49.588] [modloading-worker-0/WARN] [net.minecraftforge.common.ForgeConfigSpec/CORE]: Incorrect key Mob Stuff.Enderman Form.Should Enderman Forms regenerate? was corrected from null to its default, true. 
[19May2025 05:27:49.588] [modloading-worker-0/WARN] [net.minecraftforge.common.ForgeConfigSpec/CORE]: Incorrect key Mob Stuff.Enderman Form.Sets the chance of an Enderman Form to bring reinforcements, the lower the number, the smaller the chance was corrected from null to its default, 0.95. 
[19May2025 05:27:49.591] [modloading-worker-0/WARN] [net.minecraftforge.common.ForgeConfigSpec/CORE]: Incorrect key Mob Stuff.Enderman Form.Should Enderman Forms bring reinforcements with teleportation? was corrected from null to its default, true. 
[19May2025 05:27:49.591] [modloading-worker-0/WARN] [net.minecraftforge.common.ForgeConfigSpec/CORE]: Incorrect key Mob Stuff.Enderman Form.Should Enderman Forms use teleportation abilities? was corrected from null to its default, true. 
[19May2025 05:27:49.591] [modloading-worker-0/WARN] [net.minecraftforge.common.ForgeConfigSpec/CORE]: Incorrect key Mob Stuff.Enderman Form.Should Enderman Forms take damage when in contact with water? was corrected from null to its default, true. 
[19May2025 05:27:49.591] [modloading-worker-0/WARN] [net.minecraftforge.common.ForgeConfigSpec/CORE]: Incorrect key Mob Stuff.Enderman Form.Should Enderman Forms NOT despawn after they have seen a target for too long? was corrected from null to its default, true. 
[19May2025 05:27:49.592] [modloading-worker-0/WARN] [net.minecraftforge.common.ForgeConfigSpec/CORE]: Incorrect key Mob Stuff.Enderman Form.Sets Carrier's time before it should STOP despawning when it has seen a target for too long was corrected from null to its default, 7500. 
[19May2025 05:27:49.593] [modloading-worker-0/WARN] [net.minecraftforge.common.ForgeConfigSpec/CORE]: Incorrect key Mob Stuff.Maw Form was corrected from null to its default, SimpleCommentedConfig:{}. 
[19May2025 05:27:49.593] [modloading-worker-0/WARN] [net.minecraftforge.common.ForgeConfigSpec/CORE]: Incorrect key Mob Stuff.Maw Form.Sets Maw Form's Max health was corrected from null to its default, 75.0. 
[19May2025 05:27:49.594] [modloading-worker-0/WARN] [net.minecraftforge.common.ForgeConfigSpec/CORE]: Incorrect key Mob Stuff.Maw Form.Sets Maw Form's Damage was corrected from null to its default, 20.0. 
[19May2025 05:27:49.596] [modloading-worker-0/WARN] [net.minecraftforge.common.ForgeConfigSpec/CORE]: Incorrect key Mob Stuff.Maw Form.Should Maw Forms regenerate? was corrected from null to its default, true. 
[19May2025 05:27:49.596] [modloading-worker-0/WARN] [net.minecraftforge.common.ForgeConfigSpec/CORE]: Incorrect key Mob Stuff.Maw Form.Sets Maw Claw Form's Damage was corrected from null to its default, 3.0. 
[19May2025 05:27:49.596] [modloading-worker-0/WARN] [net.minecraftforge.common.ForgeConfigSpec/CORE]: Incorrect key Mob Stuff.Flooded Golems was corrected from null to its default, SimpleCommentedConfig:{}. 
[19May2025 05:27:49.596] [modloading-worker-0/WARN] [net.minecraftforge.common.ForgeConfigSpec/CORE]: Incorrect key Mob Stuff.Flooded Golems.Sets Flooded Golem's Max health was corrected from null to its default, 120.0. 
[19May2025 05:27:49.596] [modloading-worker-0/WARN] [net.minecraftforge.common.ForgeConfigSpec/CORE]: Incorrect key Mob Stuff.Flooded Golems.Sets Flooded Golem's Damage was corrected from null to its default, 25.0. 
[19May2025 05:27:49.596] [modloading-worker-0/WARN] [net.minecraftforge.common.ForgeConfigSpec/CORE]: Incorrect key Mob Stuff.Flooded Golems.Sets Flooded Golem's Armor was corrected from null to its default, 30.0. 
[19May2025 05:27:49.599] [modloading-worker-0/WARN] [net.minecraftforge.common.ForgeConfigSpec/CORE]: Incorrect key Mob Stuff.Flooded Golems.Should Flooded Golems break blocks? was corrected from null to its default, true. 
[19May2025 05:27:49.599] [modloading-worker-0/WARN] [net.minecraftforge.common.ForgeConfigSpec/CORE]: Incorrect key Mob Stuff.Flooded Golems.Should Flooded Golems NOT despawn after they have seen a target for too long? was corrected from null to its default, true. 
[19May2025 05:27:49.600] [modloading-worker-0/WARN] [net.minecraftforge.common.ForgeConfigSpec/CORE]: Incorrect key Mob Stuff.Flooded Golems.Sets Flooded Golem's time before it should STOP despawning when it has seen a target for too long was corrected from null to its default, 5000. 
[19May2025 05:27:49.601] [modloading-worker-0/WARN] [net.minecraftforge.common.ForgeConfigSpec/CORE]: Incorrect key Mob Stuff.Flooded Golems.If the Flooded Golem should have a chance to spawn a disarmed version of itself at death, when the armor doesn't die, but the biomass does was corrected from null to its default, true. 
[19May2025 05:27:49.604] [modloading-worker-0/WARN] [net.minecraftforge.common.ForgeConfigSpec/CORE]: Incorrect key Mob Stuff.Flooded Golems.If the Flooded Golem should perform screen shakes was corrected from null to its default, true. 
[19May2025 05:27:49.604] [modloading-worker-0/WARN] [net.minecraftforge.common.ForgeConfigSpec/CORE]: Incorrect key Mob Stuff.Flooded Golems.If the Flooded Golem should perform little screen shakes when walking for a touch of realism, same as sangheili was corrected from null to its default, true. 
[19May2025 05:27:49.604] [modloading-worker-0/WARN] [net.minecraftforge.common.ForgeConfigSpec/CORE]: Incorrect key Mob Stuff.Flooded Golems.If the Flooded Golem should regenerate little by little and cover the biomass with the regenerated and armed shell was corrected from null to its default, true. 
[19May2025 05:27:49.604] [modloading-worker-0/WARN] [net.minecraftforge.common.ForgeConfigSpec/CORE]: Incorrect key Mob Stuff.Juggernaut Forms was corrected from null to its default, SimpleCommentedConfig:{}. 
[19May2025 05:27:49.605] [modloading-worker-0/WARN] [net.minecraftforge.common.ForgeConfigSpec/CORE]: Incorrect key Mob Stuff.Juggernaut Forms.Sets Juggernaut Form's Max health was corrected from null to its default, 150.0. 
[19May2025 05:27:49.608] [modloading-worker-0/WARN] [net.minecraftforge.common.ForgeConfigSpec/CORE]: Incorrect key Mob Stuff.Juggernaut Forms.Sets Juggernaut Form's Damage was corrected from null to its default, 25.0. 
[19May2025 05:27:49.608] [modloading-worker-0/WARN] [net.minecraftforge.common.ForgeConfigSpec/CORE]: Incorrect key Mob Stuff.Juggernaut Forms.Should Juggernaut Forms regenerate? was corrected from null to its default, true. 
[19May2025 05:27:49.608] [modloading-worker-0/WARN] [net.minecraftforge.common.ForgeConfigSpec/CORE]: Incorrect key Mob Stuff.Juggernaut Forms.Should Juggernaut Forms climb? was corrected from null to its default, true. 
[19May2025 05:27:49.608] [modloading-worker-0/WARN] [net.minecraftforge.common.ForgeConfigSpec/CORE]: Incorrect key Mob Stuff.Juggernaut Forms.Should Juggernaut Forms break blocks? was corrected from null to its default, true. 
[19May2025 05:27:49.609] [modloading-worker-0/WARN] [net.minecraftforge.common.ForgeConfigSpec/CORE]: Incorrect key Mob Stuff.Juggernaut Forms.Should Juggernaut Forms grief blocks (basically throw them around and such)? was corrected from null to its default, true. 
[19May2025 05:27:49.609] [modloading-worker-0/WARN] [net.minecraftforge.common.ForgeConfigSpec/CORE]: Incorrect key Mob Stuff.Juggernaut Forms.Should Juggernaut Forms make your screen tremble when they walk? was corrected from null to its default, true. 
[19May2025 05:27:49.610] [modloading-worker-0/WARN] [net.minecraftforge.common.ForgeConfigSpec/CORE]: Incorrect key Mob Stuff.Juggernaut Forms.Should Juggernaut Forms NOT despawn after they have seen a target for too long? was corrected from null to its default, true. 
[19May2025 05:27:49.610] [modloading-worker-0/WARN] [net.minecraftforge.common.ForgeConfigSpec/CORE]: Incorrect key Mob Stuff.Juggernaut Forms.Sets Juggernaut's time before it should STOP despawning when it has seen a target for too long was corrected from null to its default, 2500. 
[19May2025 05:27:49.613] [modloading-worker-0/WARN] [net.minecraftforge.common.ForgeConfigSpec/CORE]: Incorrect key Mob Stuff.Tyrant Forms was corrected from null to its default, SimpleCommentedConfig:{}. 
[19May2025 05:27:49.613] [modloading-worker-0/WARN] [net.minecraftforge.common.ForgeConfigSpec/CORE]: Incorrect key Mob Stuff.Tyrant Forms.Sets Tyrant Form's Max health was corrected from null to its default, 120.0. 
[19May2025 05:27:49.613] [modloading-worker-0/WARN] [net.minecraftforge.common.ForgeConfigSpec/CORE]: Incorrect key Mob Stuff.Tyrant Forms.Sets Tyrant Form's Damage was corrected from null to its default, 20.0. 
[19May2025 05:27:49.613] [modloading-worker-0/WARN] [net.minecraftforge.common.ForgeConfigSpec/CORE]: Incorrect key Mob Stuff.Tyrant Forms.Should Tyrant Forms regenerate? was corrected from null to its default, true. 
[19May2025 05:27:49.614] [modloading-worker-0/WARN] [net.minecraftforge.common.ForgeConfigSpec/CORE]: Incorrect key Mob Stuff.Tyrant Forms.Should Tyrant Forms climb? was corrected from null to its default, true. 
[19May2025 05:27:49.614] [modloading-worker-0/WARN] [net.minecraftforge.common.ForgeConfigSpec/CORE]: Incorrect key Mob Stuff.Tyrant Forms.Should Tyrant Forms break blocks? was corrected from null to its default, true. 
[19May2025 05:27:49.616] [modloading-worker-0/WARN] [net.minecraftforge.common.ForgeConfigSpec/CORE]: Incorrect key Mob Stuff.Tyrant Forms.Should Tyrant Forms grief blocks (basically throw them around and such)? was corrected from null to its default, true. 
[19May2025 05:27:49.616] [modloading-worker-0/WARN] [net.minecraftforge.common.ForgeConfigSpec/CORE]: Incorrect key Mob Stuff.Tyrant Forms.Should Tyrant Forms make your screen tremble when they walk? was corrected from null to its default, true. 
[19May2025 05:27:49.616] [modloading-worker-0/WARN] [net.minecraftforge.common.ForgeConfigSpec/CORE]: Incorrect key Mob Stuff.Tyrant Forms.Should Tyrant Forms NOT despawn after they have seen a target for too long? was corrected from null to its default, true. 
[19May2025 05:27:49.616] [modloading-worker-0/WARN] [net.minecraftforge.common.ForgeConfigSpec/CORE]: Incorrect key Mob Stuff.Tyrant Forms.Should Tyrant Forms stop and spit acid from time to time / 20 seconds (BEAUTIFULLY ANIMATED BTW)? was corrected from null to its default, true. 
[19May2025 05:27:49.616] [modloading-worker-0/WARN] [net.minecraftforge.common.ForgeConfigSpec/CORE]: Incorrect key Mob Stuff.Tyrant Forms.Sets Tyrant's time before it should STOP despawning when it has seen a target for too long was corrected from null to its default, 3200. 
[19May2025 05:27:49.616] [modloading-worker-0/WARN] [net.minecraftforge.common.ForgeConfigSpec/CORE]: Incorrect key Mob Stuff.Transformations was corrected from null to its default, SimpleCommentedConfig:{}. 
[19May2025 05:27:49.616] [modloading-worker-0/WARN] [net.minecraftforge.common.ForgeConfigSpec/CORE]: Incorrect key Mob Stuff.Transformations.How many points does the death of a player or iron golem by a flood form add to the flood evolution? This number will be multiplied by the number of the wave was corrected from null to its default, 500. 
[19May2025 05:27:49.617] [modloading-worker-0/WARN] [net.minecraftforge.common.ForgeConfigSpec/CORE]: Incorrect key Mob Stuff.Transformations.Should Pod Infectors transform players? was corrected from null to its default, true. 
[19May2025 05:27:49.619] [modloading-worker-0/WARN] [net.minecraftforge.common.ForgeConfigSpec/CORE]: Incorrect key Mob Stuff.Transformations.Should Pod Infectors transform zombies? was corrected from null to its default, true. 
[19May2025 05:27:49.619] [modloading-worker-0/WARN] [net.minecraftforge.common.ForgeConfigSpec/CORE]: Incorrect key Mob Stuff.Transformations.Should Pod Infectors transform villagers? was corrected from null to its default, true. 
[19May2025 05:27:49.620] [modloading-worker-0/WARN] [net.minecraftforge.common.ForgeConfigSpec/CORE]: Incorrect key Mob Stuff.Transformations.Should Pod Infectors transform pillagers? was corrected from null to its default, true. 
[19May2025 05:27:49.620] [modloading-worker-0/WARN] [net.minecraftforge.common.ForgeConfigSpec/CORE]: Incorrect key Mob Stuff.Transformations.Should Pod Infectors transform vindicators? was corrected from null to its default, true. 
[19May2025 05:27:49.620] [modloading-worker-0/WARN] [net.minecraftforge.common.ForgeConfigSpec/CORE]: Incorrect key Mob Stuff.Transformations.Should Pod Infectors transform evokers? was corrected from null to its default, true. 
[19May2025 05:27:49.623] [modloading-worker-0/WARN] [net.minecraftforge.common.ForgeConfigSpec/CORE]: Incorrect key Mob Stuff.Transformations.Should Pod Infectors transform endermans? was corrected from null to its default, true. 
[19May2025 05:27:49.623] [modloading-worker-0/WARN] [net.minecraftforge.common.ForgeConfigSpec/CORE]: Incorrect key Mob Stuff.Transformations.Should Pod Infectors transform iron golems? was corrected from null to its default, true. 
[19May2025 05:27:49.623] [modloading-worker-0/WARN] [net.minecraftforge.common.ForgeConfigSpec/CORE]: Incorrect key Mob Stuff.Transformations.Should Tremorsauruses (FROM ALEX'S CAVES) turn into tyrant forms? was corrected from null to its default, true. 
[19May2025 05:27:49.623] [modloading-worker-0/WARN] [net.minecraftforge.common.ForgeConfigSpec/CORE]: Incorrect key Mob Stuff.Transformations.Mobs that can turn into Human Forms was corrected from null to its default, [minecraft:zombie, spore:inf_human, the_flesh_that_hates:flesh_human]. 
[19May2025 05:27:49.624] [modloading-worker-0/WARN] [net.minecraftforge.common.ForgeConfigSpec/CORE]: Incorrect key Mob Stuff.Transformations.Mobs that can turn into Villager Forms was corrected from null to its default, [minecraft:villager, rotted:farmer, guardvillagers:guard, spore:inf_villager, the_flesh_that_hates:flesh_villager]. 
[19May2025 05:27:49.625] [modloading-worker-0/WARN] [net.minecraftforge.common.ForgeConfigSpec/CORE]: Incorrect key Mob Stuff.Transformations.Mobs that can turn into Pillager Forms was corrected from null to its default, [minecraft:pillager, spore:inf_pillager, the_flesh_that_hates:flesh_pillager]. 
[19May2025 05:27:49.625] [modloading-worker-0/WARN] [net.minecraftforge.common.ForgeConfigSpec/CORE]: Incorrect key Mob Stuff.Transformations.Mobs that can turn into Vindicator Forms was corrected from null to its default, [minecraft:vindicator, spore:inf_vindicator, the_flesh_that_hates:flesh_vindicator]. 
[19May2025 05:27:49.627] [modloading-worker-0/WARN] [net.minecraftforge.common.ForgeConfigSpec/CORE]: Incorrect key Mob Stuff.Transformations.Mobs that can turn into Evoker Forms was corrected from null to its default, [minecraft:evoker, spore:inf_evoker]. 
[19May2025 05:27:49.627] [modloading-worker-0/WARN] [net.minecraftforge.common.ForgeConfigSpec/CORE]: Incorrect key Mob Stuff.Transformations.Mobs that can turn into Enderman Forms was corrected from null to its default, [minecraft:enderman]. 
[19May2025 05:27:49.627] [modloading-worker-0/WARN] [net.minecraftforge.common.ForgeConfigSpec/CORE]: Incorrect key Mob Stuff.Transformations.Mobs that can turn into Flooded Golems was corrected from null to its default, [minecraft:iron_golem]. 
[19May2025 05:27:49.630] [modloading-worker-0/WARN] [net.minecraftforge.common.ForgeConfigSpec/CORE]: Incorrect key Mob Stuff.Transformations.Mobs that can turn into Tyrant Forms was corrected from null to its default, [alexscaves:tremorsaurus]. 
[19May2025 05:27:49.630] [modloading-worker-0/WARN] [net.minecraftforge.common.ForgeConfigSpec/CORE]: Incorrect key Mob Stuff.Bodies / Corpses was corrected from null to its default, SimpleCommentedConfig:{}. 
[19May2025 05:27:49.630] [modloading-worker-0/WARN] [net.minecraftforge.common.ForgeConfigSpec/CORE]: Incorrect key Mob Stuff.Bodies / Corpses.Should corpses of the base forms have a chance to spawn after they get defeated? was corrected from null to its default, true. 
[19May2025 05:27:49.631] [modloading-worker-0/WARN] [net.minecraftforge.common.ForgeConfigSpec/CORE]: Incorrect key Mob Stuff.Bodies / Corpses.Should corpses of the base forms have a shake animation applied to their head? was corrected from null to its default, true. 
[19May2025 05:27:49.631] [modloading-worker-0/WARN] [net.minecraftforge.common.ForgeConfigSpec/CORE]: Incorrect key Mob Stuff.Bodies / Corpses.Should corpses make your screen shake when falling to the ground? was corrected from null to its default, true. 
[19May2025 05:27:49.631] [modloading-worker-0/WARN] [net.minecraftforge.common.ForgeConfigSpec/CORE]: Incorrect key Mob Stuff.Spawns was corrected from null to its default, SimpleCommentedConfig:{}. 
[19May2025 05:27:49.631] [modloading-worker-0/WARN] [net.minecraftforge.common.ForgeConfigSpec/CORE]: Incorrect key Mob Stuff.Spawns.MobCap was corrected from null to its default, 75. 
[19May2025 05:27:49.632] [modloading-worker-0/WARN] [net.minecraftforge.common.ForgeConfigSpec/CORE]: Incorrect key Mob Stuff.Spawns.Dictates in what biome the flood forms spawn was corrected from null to its default, [minecraft:is_overworld]. 
[19May2025 05:27:49.634] [modloading-worker-0/WARN] [net.minecraftforge.common.ForgeConfigSpec/CORE]: Incorrect key Mob Stuff.Spawns.mob|weight|minimum|maximum was corrected from null to its default, [dotf:pod_infector|6|4|6, dotf:human_form|15|1|2, dotf:player_form|11|1|1, dotf:villager_form|13|1|2, dotf:pillager_form|8|1|3, dotf:vindicator_form|6|1|2, dotf:vindicator_form|4|1|1, dotf:carrier_form|11|1|2|, dotf:sangheili_form|8|1|1|, dotf:marine_form|15|1|3|, dotf:enderman_form|4|1|1|, dotf:maw_form|2|1|1|, dotf:flood_tadpole|3|2|3|, dotf:flooded_golem|3|1|1|, dotf:juggernaut_form|4|1|1|, dotf:tyrant_form|5|1|1]. 
[19May2025 05:27:49.634] [modloading-worker-0/WARN] [net.minecraftforge.common.ForgeConfigSpec/CORE]: Incorrect key Mob Stuff.Spawns.Mobs that spawn in laboratory type structures was corrected from null to its default, [dotf:pod_infector|5|8|12, dotf:marine_form|45|1|3, dotf:sangheili_form|15|1|2]. 
[19May2025 05:27:49.634] [modloading-worker-0/WARN] [net.minecraftforge.common.ForgeConfigSpec/CORE]: Incorrect key Mob Stuff.Horde was corrected from null to its default, SimpleCommentedConfig:{}. 
[19May2025 05:27:49.634] [modloading-worker-0/WARN] [net.minecraftforge.common.ForgeConfigSpec/CORE]: Incorrect key Mob Stuff.Horde.Should flood base forms hordes spawn? was corrected from null to its default, true. 
[19May2025 05:27:49.634] [modloading-worker-0/WARN] [net.minecraftforge.common.ForgeConfigSpec/CORE]: Incorrect key Mob Stuff.Horde.Number of Mobs Spawning in a Horde was corrected from null to its default, 10. 
[19May2025 05:27:49.635] [modloading-worker-0/WARN] [net.minecraftforge.common.ForgeConfigSpec/CORE]: Incorrect key Mob Stuff.Horde.Number of mobs that will be added to the horde each wave was corrected from null to its default, 3. 
[19May2025 05:27:49.638] [modloading-worker-0/WARN] [net.minecraftforge.common.ForgeConfigSpec/CORE]: Incorrect key Mob Stuff.Horde.Ticks before the horde spawning was corrected from null to its default, 2400. 
[19May2025 05:27:49.638] [modloading-worker-0/WARN] [net.minecraftforge.common.ForgeConfigSpec/CORE]: Incorrect key Mob Stuff.Horde.Additional horde ticks was corrected from null to its default, 400. 
[19May2025 05:27:49.638] [modloading-worker-0/WARN] [net.minecraftforge.common.ForgeConfigSpec/CORE]: Incorrect key Mob Stuff.Effects was corrected from null to its default, SimpleCommentedConfig:{}. 
[19May2025 05:27:49.638] [modloading-worker-0/WARN] [net.minecraftforge.common.ForgeConfigSpec/CORE]: Incorrect key Mob Stuff.Effects.Mobs that are immune to the flood virus was corrected from null to its default, [minecraft:ghast, minecraft:magma_cube, minecraft:phantom, minecraft:snow_golem, minecraft:stray, minecraft:skeleton]. 
[19May2025 05:27:49.641] [modloading-worker-0/WARN] [net.minecraftforge.common.ForgeConfigSpec/CORE]: Incorrect key Mob Stuff.Targeting Tasks was corrected from null to its default, SimpleCommentedConfig:{}. 
[19May2025 05:27:49.641] [modloading-worker-0/WARN] [net.minecraftforge.common.ForgeConfigSpec/CORE]: Incorrect key Mob Stuff.Targeting Tasks.Mobs Not Targeted was corrected from null to its default, [minecraft:squid, minecraft:bat, minecraft:armor_stand, minecraft:creeper, minecraft:ghast, minecraft:falling_block, minecraft:abstract_arrow, minecraft:arrow, minecraft:spectral_arrow, minecraft:trident]. 
[19May2025 05:27:49.641] [modloading-worker-0/WARN] [net.minecraftforge.common.ForgeConfigSpec/CORE]: Incorrect key Mob Stuff.Targeting Tasks.Mobs that TARGET flood forms was corrected from null to its default, [minecraft:zombie, minecraft:skeleton, minecraft:iron_golem, minecraft:spider, minecraft:cave_spider, minecraft:witch, minecraft:drowned, minecraft:husk, minecraft:zombie_villager, minecraft:stray, minecraft:pillager, minecraft:enderman, minecraft:evoker, minecraft:vindicator, minecraft:ravager, minecraft:vex]. 
[19May2025 05:27:49.641] [modloading-worker-0/WARN] [net.minecraftforge.common.ForgeConfigSpec/CORE]: Incorrect key Mob Stuff.Targeting Tasks.If true, villagers and wandering traders will run from the Flood was corrected from null to its default, true. 
[19May2025 05:27:49.656] [modloading-worker-0/WARN] [net.minecraftforge.common.ForgeConfigSpec/CORE]: Incorrect key Items & Weapons was corrected from null to its default, SimpleCommentedConfig:{}. 
[19May2025 05:27:49.657] [modloading-worker-0/WARN] [net.minecraftforge.common.ForgeConfigSpec/CORE]: Incorrect key Items & Weapons.Energy Sword was corrected from null to its default, SimpleCommentedConfig:{}. 
[19May2025 05:27:49.658] [modloading-worker-0/WARN] [net.minecraftforge.common.ForgeConfigSpec/CORE]: Incorrect key Items & Weapons.Energy Sword.Damage was corrected from null to its default, 16.0. 
[19May2025 05:27:49.660] [modloading-worker-0/WARN] [net.minecraftforge.common.ForgeConfigSpec/CORE]: Incorrect key Items & Weapons.Energy Sword.Reach Distance was corrected from null to its default, 3.3. 
[19May2025 05:27:49.660] [modloading-worker-0/WARN] [net.minecraftforge.common.ForgeConfigSpec/CORE]: Incorrect key Items & Weapons.Gravity Hammer was corrected from null to its default, SimpleCommentedConfig:{}. 
[19May2025 05:27:49.660] [modloading-worker-0/WARN] [net.minecraftforge.common.ForgeConfigSpec/CORE]: Incorrect key Items & Weapons.Gravity Hammer.Damage was corrected from null to its default, 18.5. 
[19May2025 05:27:49.660] [modloading-worker-0/WARN] [net.minecraftforge.common.ForgeConfigSpec/CORE]: Incorrect key Items & Weapons.Gravity Hammer.Reach Distance was corrected from null to its default, 3.75. 
[19May2025 05:27:49.669] [modloading-worker-0/WARN] [net.minecraftforge.common.ForgeConfigSpec/CORE]: Incorrect key PERFORMANCE was corrected from null to its default, SimpleCommentedConfig:{}. 
[19May2025 05:27:49.669] [modloading-worker-0/WARN] [net.minecraftforge.common.ForgeConfigSpec/CORE]: Incorrect key PERFORMANCE.THIS IS A VALUE THAT SHOULD ONLY BE PUT TO TRUE IF YOU WANT BETTER PERFORMANCE WITH DAWN OF THE FLOOD, SETTING THIS TO TRUE WILL SLIGHTLY REDUCE / ALTER GAME QUALITY, AND I DON'T SUGGEST USING THIS FEATURE AS IT DOES NOT IMPROVE YOUR FRAMERATE CONSTANTLY / TOO MUCH was corrected from null to its default, false. 
[19May2025 05:27:49.679] [modloading-worker-0/WARN] [net.minecraftforge.common.ForgeConfigSpec/CORE]: Incorrect key Others was corrected from null to its default, SimpleCommentedConfig:{}. 
[19May2025 05:27:49.679] [modloading-worker-0/WARN] [net.minecraftforge.common.ForgeConfigSpec/CORE]: Incorrect key Others.If true, the camera of the player will move realistically like a body cam whenever items are used or in any other circumstances was corrected from null to its default, true. 
[19May2025 05:27:49.679] [modloading-worker-0/WARN] [net.minecraftforge.common.ForgeConfigSpec/CORE]: Incorrect key Others.If the player should have custom third person animations, VERY GREAT ADDITION BTW was corrected from null to its default, true. 
[19May2025 05:27:49.682] [modloading-worker-0/WARN] [net.minecraftforge.common.ForgeConfigSpec/CORE]: Incorrect key Others.If the player allow cutscenes to play on his screen, as this is related to daydreaming, visions and horrors that the player has as the flood arrives was corrected from null to its default, true. 
[19May2025 05:27:49.682] [modloading-worker-0/WARN] [net.minecraftforge.common.ForgeConfigSpec/CORE]: Incorrect key Others.If the player should have a custom halo style crosshair by default, enhances details was corrected from null to its default, true. 
[19May2025 05:27:49.682] [modloading-worker-0/WARN] [net.minecraftforge.common.ForgeConfigSpec/CORE]: Incorrect key Others.If the normal minecraft crosshair should be active still even with the other custom crosshairs for the guns was corrected from null to its default, false. 
[19May2025 05:27:49.682] [modloading-worker-0/WARN] [net.minecraftforge.common.ForgeConfigSpec/CORE]: Incorrect key Others.Allows the fog and atmosphere of the world change with the flood progressing was corrected from null to its default, false. 
[19May2025 05:27:49.683] [modloading-worker-0/WARN] [net.minecraftforge.common.ForgeConfigSpec/CORE]: Incorrect key Others.Fog Factor for the atmosphere change was corrected from null to its default, 185.0. 
[19May2025 05:27:49.683] [modloading-worker-0/WARN] [net.minecraftforge.common.ForgeConfigSpec/CORE]: Incorrect key Others.If the fragment grenade should move & break blocks when detonating was corrected from null to its default, true. 
[19May2025 05:27:49.685] [modloading-worker-0/WARN] [net.minecraftforge.common.ForgeConfigSpec/CORE]: Incorrect key Others.If otherworldy portals should spawn from time to time, these portals spawning flood enemies from time to time was corrected from null to its default, true. 
[19May2025 05:27:49.685] [modloading-worker-0/WARN] [net.minecraftforge.common.ForgeConfigSpec/CORE]: Incorrect key Others.Ticks before the portal spawning was corrected from null to its default, 2800. 
[19May2025 05:27:49.685] [modloading-worker-0/WARN] [net.minecraftforge.common.ForgeConfigSpec/CORE]: Incorrect key Others.If instead of the boring minecraft messages next to the game title when entering the game, you should have custom halo-inspired messages and quotes was corrected from null to its default, true. 
[19May2025 05:27:50.212] [modloading-worker-0/INFO] [dev.architectury.networking.forge.NetworkManagerImpl/]: Registering C2S receiver with id architectury:sync_ids
[19May2025 05:27:50.214] [modloading-worker-0/INFO] [dev.architectury.networking.forge.NetworkManagerImpl/]: Registering C2S receiver with id aaa_particles:main/2b101225a0983c178c43c737d76def52
[19May2025 05:27:50.225] [modloading-worker-0/INFO] [dev.architectury.networking.forge.NetworkManagerImpl/]: Registering C2S receiver with id aaa_particles:main/878ba3ad853235668eff51eb0a40c900
[19May2025 05:27:50.227] [modloading-worker-0/INFO] [dev.architectury.networking.forge.NetworkManagerImpl/]: Registering C2S receiver with id aaa_particles:main/878ba3ad853235668eff51eb0a40c900
[19May2025 05:27:50.229] [modloading-worker-0/INFO] [dev.architectury.networking.forge.NetworkManagerImpl/]: Registering C2S receiver with id aaa_particles:main/9b5bc39f00d53db2acf81d859b596583
[19May2025 05:27:50.781] [modloading-worker-0/INFO] [net.minecraftforge.common.ForgeMod/FORGEMOD]: Forge mod loading, version 47.3.7, for MC 1.20.1 with MCP 20230612.114412
[19May2025 05:27:50.782] [modloading-worker-0/INFO] [net.minecraftforge.common.MinecraftForge/FORGE]: MinecraftForge v47.3.7 Initialized
[19May2025 05:27:51.722] [main/WARN] [net.minecraftforge.common.ForgeConfigSpec/CORE]: Configuration file /workspaces/mineserver/servidor_minecraft/config/tacz-common.toml is not correct. Correcting
[19May2025 05:27:51.723] [main/WARN] [net.minecraftforge.common.ForgeConfigSpec/CORE]: Incorrect key gun was corrected from null to its default, SimpleCommentedConfig:{}. 
[19May2025 05:27:51.724] [main/WARN] [net.minecraftforge.common.ForgeConfigSpec/CORE]: Incorrect key gun.DefaultGunFireSoundDistance was corrected from null to its default, 64. 
[19May2025 05:27:51.724] [main/WARN] [net.minecraftforge.common.ForgeConfigSpec/CORE]: Incorrect key gun.DefaultGunSilenceSoundDistance was corrected from null to its default, 16. 
[19May2025 05:27:51.725] [main/WARN] [net.minecraftforge.common.ForgeConfigSpec/CORE]: Incorrect key gun.DefaultGunOtherSoundDistance was corrected from null to its default, 16. 
[19May2025 05:27:51.726] [main/WARN] [net.minecraftforge.common.ForgeConfigSpec/CORE]: Incorrect key gun.CreativePlayerConsumeAmmo was corrected from null to its default, true. 
[19May2025 05:27:51.726] [main/WARN] [net.minecraftforge.common.ForgeConfigSpec/CORE]: Incorrect key gun.AutoReloadWhenRespawn was corrected from null to its default, false. 
[19May2025 05:27:51.729] [main/WARN] [net.minecraftforge.common.ForgeConfigSpec/CORE]: Incorrect key ammo was corrected from null to its default, SimpleCommentedConfig:{}. 
[19May2025 05:27:51.729] [main/WARN] [net.minecraftforge.common.ForgeConfigSpec/CORE]: Incorrect key ammo.ExplosiveAmmoDestroysBlock was corrected from null to its default, true. 
[19May2025 05:27:51.730] [main/WARN] [net.minecraftforge.common.ForgeConfigSpec/CORE]: Incorrect key ammo.ExplosiveAmmoFire was corrected from null to its default, false. 
[19May2025 05:27:51.731] [main/WARN] [net.minecraftforge.common.ForgeConfigSpec/CORE]: Incorrect key ammo.ExplosiveAmmoKnockBack was corrected from null to its default, true. 
[19May2025 05:27:51.733] [main/WARN] [net.minecraftforge.common.ForgeConfigSpec/CORE]: Incorrect key ammo.ExplosiveAmmoVisibleDistance was corrected from null to its default, 192. 
[19May2025 05:27:51.733] [main/WARN] [net.minecraftforge.common.ForgeConfigSpec/CORE]: Incorrect key ammo.PassThroughBlocks was corrected from null to its default, []. 
[19May2025 05:27:51.734] [main/WARN] [net.minecraftforge.common.ForgeConfigSpec/CORE]: Incorrect key ammo.DestroyGlass was corrected from null to its default, true. 
[19May2025 05:27:51.735] [main/WARN] [net.minecraftforge.common.ForgeConfigSpec/CORE]: Incorrect key ammo.IgniteBlock was corrected from null to its default, true. 
[19May2025 05:27:51.736] [main/WARN] [net.minecraftforge.common.ForgeConfigSpec/CORE]: Incorrect key ammo.IgniteEntity was corrected from null to its default, true. 
[19May2025 05:27:51.742] [main/WARN] [net.minecraftforge.common.ForgeConfigSpec/CORE]: Incorrect key other was corrected from null to its default, SimpleCommentedConfig:{}. 
[19May2025 05:27:51.742] [main/WARN] [net.minecraftforge.common.ForgeConfigSpec/CORE]: Incorrect key other.DefaultPackDebug was corrected from null to its default, false. 
[19May2025 05:27:51.743] [main/WARN] [net.minecraftforge.common.ForgeConfigSpec/CORE]: Incorrect key other.TargetSoundDistance was corrected from null to its default, 128. 
[19May2025 05:27:51.743] [main/WARN] [net.minecraftforge.common.ForgeConfigSpec/CORE]: Incorrect key other.ServerHitboxOffset was corrected from null to its default, 3.0. 
[19May2025 05:27:51.743] [main/WARN] [net.minecraftforge.common.ForgeConfigSpec/CORE]: Incorrect key other.ServerHitboxLatencyFix was corrected from null to its default, true. 
[19May2025 05:27:51.745] [main/WARN] [net.minecraftforge.common.ForgeConfigSpec/CORE]: Incorrect key other.ServerHitboxLatencyMaxSaveMs was corrected from null to its default, 1000.0. 
[19May2025 05:27:51.755] [main/WARN] [net.minecraftforge.common.ForgeConfigSpec/CORE]: Configuration file /workspaces/mineserver/servidor_minecraft/config/dotf_data.toml is not correct. Correcting
[19May2025 05:27:51.757] [main/WARN] [net.minecraftforge.common.ForgeConfigSpec/CORE]: Incorrect key Waves was corrected from null to its default, SimpleCommentedConfig:{}. 
[19May2025 05:27:51.758] [main/WARN] [net.minecraftforge.common.ForgeConfigSpec/CORE]: Incorrect key Waves.Sets points required to enter wave 1 was corrected from null to its default, 2500. 
[19May2025 05:27:51.761] [main/WARN] [net.minecraftforge.common.ForgeConfigSpec/CORE]: Incorrect key Waves.Sets points required to enter wave 2 was corrected from null to its default, 12500. 
[19May2025 05:27:51.761] [main/WARN] [net.minecraftforge.common.ForgeConfigSpec/CORE]: Incorrect key Waves.Sets points required to enter wave 3 was corrected from null to its default, 100000. 
[19May2025 05:27:51.761] [main/WARN] [net.minecraftforge.common.ForgeConfigSpec/CORE]: Incorrect key Waves.Sets points required to enter wave 4 was corrected from null to its default, 1000000. 
[19May2025 05:27:51.762] [main/WARN] [net.minecraftforge.common.ForgeConfigSpec/CORE]: Incorrect key Waves.Sets points required to enter wave 5 was corrected from null to its default, 2500000. 
[19May2025 05:27:51.762] [main/WARN] [net.minecraftforge.common.ForgeConfigSpec/CORE]: Incorrect key Waves.Sets points required to enter wave 6 was corrected from null to its default, 7500000. 
[19May2025 05:27:51.763] [main/WARN] [net.minecraftforge.common.ForgeConfigSpec/CORE]: Incorrect key Device Points was corrected from null to its default, SimpleCommentedConfig:{}. 
[19May2025 05:27:51.764] [main/WARN] [net.minecraftforge.common.ForgeConfigSpec/CORE]: Incorrect key Device Points.Sets points that will be added / subtracted by the devices was corrected from null to its default, 1000. 
[19May2025 05:27:51.767] [main/WARN] [net.minecraftforge.common.ForgeConfigSpec/CORE]: Incorrect key Base Form Equipment was corrected from null to its default, SimpleCommentedConfig:{}. 
[19May2025 05:27:51.767] [main/WARN] [net.minecraftforge.common.ForgeConfigSpec/CORE]: Incorrect key Base Form Equipment.Main Hand Slot for the PLAYER FORM ONLY was corrected from null to its default, [minecraft:crossbow|60, minecraft:flint_and_steel|20, minecraft:ender_pearl|15, minecraft:spyglass|15, minecraft:totem_of_undying|10]. 
[19May2025 05:27:51.767] [main/WARN] [net.minecraftforge.common.ForgeConfigSpec/CORE]: Incorrect key Base Form Equipment.Head Slot was corrected from null to its default, [minecraft:chainmail_helmet|10, minecraft:iron_helmet|40, minecraft:leather_helmet|30, minecraft:golden_helmet|15, minecraft:diamond_helmet|5, minecraft:netherite_helmet|2]. 
[19May2025 05:27:51.767] [main/WARN] [net.minecraftforge.common.ForgeConfigSpec/CORE]: Incorrect key Base Form Equipment.Chest Slot was corrected from null to its default, [minecraft:chainmail_chestplate|50, minecraft:iron_chestplate|20, minecraft:leather_chestplate|20, minecraft:golden_chestplate|15, minecraft:diamond_chestplate|5, minecraft:netherite_chestplate|2]. 
[19May2025 05:27:51.767] [main/WARN] [net.minecraftforge.common.ForgeConfigSpec/CORE]: Incorrect key Base Form Equipment.Legs Slot was corrected from null to its default, [minecraft:leather_leggings|50, minecraft:iron_leggings|20, minecraft:chainmail_leggings|20, minecraft:golden_leggings|15, minecraft:diamond_leggings|5, minecraft:netherite_leggings|2]. 
[19May2025 05:27:51.768] [main/WARN] [net.minecraftforge.common.ForgeConfigSpec/CORE]: Incorrect key Base Form Equipment.Boots Slot was corrected from null to its default, [minecraft:leather_boots|50, minecraft:iron_boots|20, minecraft:chainmail_boots|20, minecraft:golden_boots|15, minecraft:diamond_boots|5, minecraft:netherite_boots|2]. 
[19May2025 05:27:51.768] [main/WARN] [net.minecraftforge.common.ForgeConfigSpec/CORE]: Incorrect key Base Form Equipment.Chance of the zombies spawning with improved equipment, the bigger the number the smaller the chance was corrected from null to its default, 300. 
[19May2025 05:27:51.793] [main/WARN] [net.minecraftforge.common.ForgeConfigSpec/CORE]: Configuration file /workspaces/mineserver/servidor_minecraft/config/minezero-common.toml is not correct. Correcting
[19May2025 05:27:51.793] [main/WARN] [net.minecraftforge.common.ForgeConfigSpec/CORE]: Incorrect key general was corrected from null to its default, SimpleCommentedConfig:{}. 
[19May2025 05:27:51.794] [main/WARN] [net.minecraftforge.common.ForgeConfigSpec/CORE]: Incorrect key general.deathChime was corrected from null to its default, CLASSIC. 
[19May2025 05:27:51.800] [main/WARN] [net.minecraftforge.common.ForgeConfigSpec/CORE]: Configuration file /workspaces/mineserver/servidor_minecraft/config/sanitydim/default.toml is not correct. Correcting
[19May2025 05:27:51.801] [main/WARN] [net.minecraftforge.common.ForgeConfigSpec/CORE]: Incorrect key sanity was corrected from null to its default, SimpleCommentedConfig:{}. 
[19May2025 05:27:51.802] [main/WARN] [net.minecraftforge.common.ForgeConfigSpec/CORE]: Incorrect key sanity.positive_multiplier was corrected from null to its default, 1.0. 
[19May2025 05:27:51.803] [main/WARN] [net.minecraftforge.common.ForgeConfigSpec/CORE]: Incorrect key sanity.negative_multiplier was corrected from null to its default, 1.0. 
[19May2025 05:27:51.806] [main/WARN] [net.minecraftforge.common.ForgeConfigSpec/CORE]: Incorrect key sanity.passive was corrected from null to its default, SimpleCommentedConfig:{}. 
[19May2025 05:27:51.806] [main/WARN] [net.minecraftforge.common.ForgeConfigSpec/CORE]: Incorrect key sanity.passive.passive was corrected from null to its default, 0.0. 
[19May2025 05:27:51.806] [main/WARN] [net.minecraftforge.common.ForgeConfigSpec/CORE]: Incorrect key sanity.passive.raining was corrected from null to its default, -0.2. 
[19May2025 05:27:51.808] [main/WARN] [net.minecraftforge.common.ForgeConfigSpec/CORE]: Incorrect key sanity.passive.hunger_threshold was corrected from null to its default, 8. 
[19May2025 05:27:51.809] [main/WARN] [net.minecraftforge.common.ForgeConfigSpec/CORE]: Incorrect key sanity.passive.hungry was corrected from null to its default, -0.2. 
[19May2025 05:27:51.809] [main/WARN] [net.minecraftforge.common.ForgeConfigSpec/CORE]: Incorrect key sanity.passive.ender_man_anger was corrected from null to its default, -5.0. 
[19May2025 05:27:51.811] [main/WARN] [net.minecraftforge.common.ForgeConfigSpec/CORE]: Incorrect key sanity.passive.pet was corrected from null to its default, 0.15. 
[19May2025 05:27:51.812] [main/WARN] [net.minecraftforge.common.ForgeConfigSpec/CORE]: Incorrect key sanity.passive.monster was corrected from null to its default, -0.1. 
[19May2025 05:27:51.812] [main/WARN] [net.minecraftforge.common.ForgeConfigSpec/CORE]: Incorrect key sanity.passive.darkness was corrected from null to its default, -0.15. 
[19May2025 05:27:51.812] [main/WARN] [net.minecraftforge.common.ForgeConfigSpec/CORE]: Incorrect key sanity.passive.darkness_threshold was corrected from null to its default, 4. 
[19May2025 05:27:51.818] [main/WARN] [net.minecraftforge.common.ForgeConfigSpec/CORE]: Incorrect key sanity.passive.lightness was corrected from null to its default, 0.0. 
[19May2025 05:27:51.818] [main/WARN] [net.minecraftforge.common.ForgeConfigSpec/CORE]: Incorrect key sanity.passive.lightness_threshold was corrected from null to its default, 4. 
[19May2025 05:27:51.818] [main/WARN] [net.minecraftforge.common.ForgeConfigSpec/CORE]: Incorrect key sanity.passive.block_stuck was corrected from null to its default, -0.09. 
[19May2025 05:27:51.819] [main/WARN] [net.minecraftforge.common.ForgeConfigSpec/CORE]: Incorrect key sanity.passive.dirt_path was corrected from null to its default, 0.09. 
[19May2025 05:27:51.822] [main/WARN] [net.minecraftforge.common.ForgeConfigSpec/CORE]: Incorrect key sanity.passive.jukebox_pleasant was corrected from null to its default, 0.08. 
[19May2025 05:27:51.822] [main/WARN] [net.minecraftforge.common.ForgeConfigSpec/CORE]: Incorrect key sanity.passive.jukebox_unsettling was corrected from null to its default, -0.11. 
[19May2025 05:27:51.823] [main/WARN] [net.minecraftforge.common.ForgeConfigSpec/CORE]: Incorrect key sanity.passive.blocks was corrected from null to its default, [minecraft:campfire[lit=true];0.1;4;false]. 
[19May2025 05:27:51.825] [main/WARN] [net.minecraftforge.common.ForgeConfigSpec/CORE]: Incorrect key sanity.active was corrected from null to its default, SimpleCommentedConfig:{}. 
[19May2025 05:27:51.826] [main/WARN] [net.minecraftforge.common.ForgeConfigSpec/CORE]: Incorrect key sanity.active.sleeping was corrected from null to its default, 50.0. 
[19May2025 05:27:51.828] [main/WARN] [net.minecraftforge.common.ForgeConfigSpec/CORE]: Incorrect key sanity.active.sleeping_cd was corrected from null to its default, 1200.0. 
[19May2025 05:27:51.830] [main/WARN] [net.minecraftforge.common.ForgeConfigSpec/CORE]: Incorrect key sanity.active.hurt_ratio was corrected from null to its default, -1.0. 
[19May2025 05:27:51.833] [main/WARN] [net.minecraftforge.common.ForgeConfigSpec/CORE]: Incorrect key sanity.active.baby_chicken_spawn was corrected from null to its default, 5.0. 
[19May2025 05:27:51.836] [main/WARN] [net.minecraftforge.common.ForgeConfigSpec/CORE]: Incorrect key sanity.active.baby_chicken_spawn_cd was corrected from null to its default, 300.0. 
[19May2025 05:27:51.836] [main/WARN] [net.minecraftforge.common.ForgeConfigSpec/CORE]: Incorrect key sanity.active.advancement was corrected from null to its default, 20.0. 
[19May2025 05:27:51.839] [main/WARN] [net.minecraftforge.common.ForgeConfigSpec/CORE]: Incorrect key sanity.active.animal_breeding was corrected from null to its default, 9.0. 
[19May2025 05:27:51.840] [main/WARN] [net.minecraftforge.common.ForgeConfigSpec/CORE]: Incorrect key sanity.active.animal_breeding_cd was corrected from null to its default, 600.0. 
[19May2025 05:27:51.840] [main/WARN] [net.minecraftforge.common.ForgeConfigSpec/CORE]: Incorrect key sanity.active.animal_hurt_ratio was corrected from null to its default, -0.5. 
[19May2025 05:27:51.841] [main/WARN] [net.minecraftforge.common.ForgeConfigSpec/CORE]: Incorrect key sanity.active.pet_death was corrected from null to its default, -60.0. 
[19May2025 05:27:51.842] [main/WARN] [net.minecraftforge.common.ForgeConfigSpec/CORE]: Incorrect key sanity.active.villager_trade was corrected from null to its default, 20.0. 
[19May2025 05:27:51.843] [main/WARN] [net.minecraftforge.common.ForgeConfigSpec/CORE]: Incorrect key sanity.active.villager_trade_cd was corrected from null to its default, 600.0. 
[19May2025 05:27:51.845] [main/WARN] [net.minecraftforge.common.ForgeConfigSpec/CORE]: Incorrect key sanity.active.shearing was corrected from null to its default, 5.0. 
[19May2025 05:27:51.846] [main/WARN] [net.minecraftforge.common.ForgeConfigSpec/CORE]: Incorrect key sanity.active.shearing_cd was corrected from null to its default, 300.0. 
[19May2025 05:27:51.846] [main/WARN] [net.minecraftforge.common.ForgeConfigSpec/CORE]: Incorrect key sanity.active.eating was corrected from null to its default, 0.8. 
[19May2025 05:27:51.847] [main/WARN] [net.minecraftforge.common.ForgeConfigSpec/CORE]: Incorrect key sanity.active.eating_cd was corrected from null to its default, 300.0. 
[19May2025 05:27:51.848] [main/WARN] [net.minecraftforge.common.ForgeConfigSpec/CORE]: Incorrect key sanity.active.fishing was corrected from null to its default, 1.3. 
[19May2025 05:27:51.848] [main/WARN] [net.minecraftforge.common.ForgeConfigSpec/CORE]: Incorrect key sanity.active.fishing_cd was corrected from null to its default, 0.0. 
[19May2025 05:27:51.850] [main/WARN] [net.minecraftforge.common.ForgeConfigSpec/CORE]: Incorrect key sanity.active.farmland_trample was corrected from null to its default, -2.0. 
[19May2025 05:27:51.851] [main/WARN] [net.minecraftforge.common.ForgeConfigSpec/CORE]: Incorrect key sanity.active.potting_flower was corrected from null to its default, 4.0. 
[19May2025 05:27:51.854] [main/WARN] [net.minecraftforge.common.ForgeConfigSpec/CORE]: Incorrect key sanity.active.potting_flower_cd was corrected from null to its default, 300.0. 
[19May2025 05:27:51.856] [main/WARN] [net.minecraftforge.common.ForgeConfigSpec/CORE]: Incorrect key sanity.active.changed_dimension was corrected from null to its default, -10.0. 
[19May2025 05:27:51.858] [main/WARN] [net.minecraftforge.common.ForgeConfigSpec/CORE]: Incorrect key sanity.active.struck_by_lightning was corrected from null to its default, -30.0. 
[19May2025 05:27:51.859] [main/WARN] [net.minecraftforge.common.ForgeConfigSpec/CORE]: Incorrect key sanity.active.items was corrected from null to its default, [minecraft:pufferfish;-5;0, minecraft:poisonous_potato;-5;0, minecraft:spider_eye;-5;0, minecraft:rotten_flesh;-5;0, minecraft:chorus_fruit;-3;0, minecraft:ender_pearl;-1;0, minecraft:honey_bottle;6;1, minecraft:golden_carrot;7;1, minecraft:golden_apple;8;1, minecraft:enchanted_golden_apple;13;1]. 
[19May2025 05:27:51.860] [main/WARN] [net.minecraftforge.common.ForgeConfigSpec/CORE]: Incorrect key sanity.active.item_categories was corrected from null to its default, [0;0, 1;800.0]. 
[19May2025 05:27:51.863] [main/WARN] [net.minecraftforge.common.ForgeConfigSpec/CORE]: Incorrect key sanity.active.broken_blocks was corrected from null to its default, [minecraft:infested_stone;-8;0;false;false, minecraft:infested_cobblestone;-8;0;false;false, minecraft:infested_stone_bricks;-8;0;false;false, minecraft:infested_cracked_stone_bricks;-8;0;false;false, minecraft:infested_mossy_stone_bricks;-8;0;false;false, minecraft:infested_chiseled_stone_bricks;-8;0;false;false, minecraft:infested_deepslate;-8;0;false;false]. 
[19May2025 05:27:51.864] [main/WARN] [net.minecraftforge.common.ForgeConfigSpec/CORE]: Incorrect key sanity.active.broken_block_categories was corrected from null to its default, [0;0]. 
[19May2025 05:27:51.865] [main/WARN] [net.minecraftforge.common.ForgeConfigSpec/CORE]: Incorrect key sanity.multiplayer was corrected from null to its default, SimpleCommentedConfig:{}. 
[19May2025 05:27:51.867] [main/WARN] [net.minecraftforge.common.ForgeConfigSpec/CORE]: Incorrect key sanity.multiplayer.sane_player_company was corrected from null to its default, 0.05. 
[19May2025 05:27:51.868] [main/WARN] [net.minecraftforge.common.ForgeConfigSpec/CORE]: Incorrect key sanity.multiplayer.insane_player_company was corrected from null to its default, -0.12. 
[19May2025 05:27:51.870] [main/WARN] [net.minecraftforge.common.ForgeConfigSpec/CORE]: Incorrect key sanity.entity was corrected from null to its default, SimpleCommentedConfig:{}. 
[19May2025 05:27:51.871] [main/WARN] [net.minecraftforge.common.ForgeConfigSpec/CORE]: Incorrect key sanity.entity.sane_see_inner_entities was corrected from null to its default, false. 
[19May2025 05:27:51.873] [main/WARN] [net.minecraftforge.common.ForgeConfigSpec/CORE]: Incorrect key sanity.client was corrected from null to its default, SimpleCommentedConfig:{}. 
[19May2025 05:27:51.873] [main/WARN] [net.minecraftforge.common.ForgeConfigSpec/CORE]: Incorrect key sanity.client.indicator was corrected from null to its default, SimpleCommentedConfig:{}. 
[19May2025 05:27:51.873] [main/WARN] [net.minecraftforge.common.ForgeConfigSpec/CORE]: Incorrect key sanity.client.indicator.render was corrected from null to its default, true. 
[19May2025 05:27:51.874] [main/WARN] [net.minecraftforge.common.ForgeConfigSpec/CORE]: Incorrect key sanity.client.indicator.twitch was corrected from null to its default, true. 
[19May2025 05:27:51.874] [main/WARN] [net.minecraftforge.common.ForgeConfigSpec/CORE]: Incorrect key sanity.client.indicator.scale was corrected from null to its default, 1.0. 
[19May2025 05:27:51.875] [main/WARN] [net.minecraftforge.common.ForgeConfigSpec/CORE]: Incorrect key sanity.client.indicator.location was corrected from null to its default, HOTBAR_LEFT. 
[19May2025 05:27:51.875] [main/WARN] [net.minecraftforge.common.ForgeConfigSpec/CORE]: Incorrect key sanity.client.hints was corrected from null to its default, SimpleCommentedConfig:{}. 
[19May2025 05:27:51.876] [main/WARN] [net.minecraftforge.common.ForgeConfigSpec/CORE]: Incorrect key sanity.client.hints.render was corrected from null to its default, true. 
[19May2025 05:27:51.877] [main/WARN] [net.minecraftforge.common.ForgeConfigSpec/CORE]: Incorrect key sanity.client.hints.twitch was corrected from null to its default, true. 
[19May2025 05:27:51.877] [main/WARN] [net.minecraftforge.common.ForgeConfigSpec/CORE]: Incorrect key sanity.client.blood_tendrils was corrected from null to its default, SimpleCommentedConfig:{}. 
[19May2025 05:27:51.877] [main/WARN] [net.minecraftforge.common.ForgeConfigSpec/CORE]: Incorrect key sanity.client.blood_tendrils.render was corrected from null to its default, true. 
[19May2025 05:27:51.877] [main/WARN] [net.minecraftforge.common.ForgeConfigSpec/CORE]: Incorrect key sanity.client.blood_tendrils.short_burst_flash was corrected from null to its default, true. 
[19May2025 05:27:51.877] [main/WARN] [net.minecraftforge.common.ForgeConfigSpec/CORE]: Incorrect key sanity.client.blood_tendrils.render_passive was corrected from null to its default, true. 
[19May2025 05:27:51.877] [main/WARN] [net.minecraftforge.common.ForgeConfigSpec/CORE]: Incorrect key sanity.client.render_post was corrected from null to its default, true. 
[19May2025 05:27:51.877] [main/WARN] [net.minecraftforge.common.ForgeConfigSpec/CORE]: Incorrect key sanity.client.play_sounds was corrected from null to its default, true. 
[19May2025 05:27:51.877] [main/WARN] [net.minecraftforge.common.ForgeConfigSpec/CORE]: Incorrect key sanity.client.insanity_volume was corrected from null to its default, 0.6. 
[19May2025 05:27:51.890] [modloading-worker-0/INFO] [studio.lunareclipse.watching.Init/]: From The Fog Loaded Successfully!
[19May2025 05:27:51.940] [modloading-worker-0/INFO] [boomcow.minezero.MineZero/]: HELLO FROM COMMON SETUP
[19May2025 05:27:51.942] [modloading-worker-0/INFO] [boomcow.minezero.MineZero/]: DIRT BLOCK >> minecraft:dirt
[19May2025 05:27:51.944] [modloading-worker-0/INFO] [boomcow.minezero.MineZero/]: Loading custom game rules: autoCheckpointEnabled = autoCheckpointEnabled
[19May2025 05:27:52.189] [main/INFO] [tacz/SYNCED_ENTITY_DATA_TAC_COPY]: Registered synced data key tacz:shoot_cool_down for minecraft:living_entity
[19May2025 05:27:52.191] [main/INFO] [tacz/SYNCED_ENTITY_DATA_TAC_COPY]: Registered synced data key tacz:melee_cool_down for minecraft:living_entity
[19May2025 05:27:52.191] [main/INFO] [tacz/SYNCED_ENTITY_DATA_TAC_COPY]: Registered synced data key tacz:reload_state for minecraft:living_entity
[19May2025 05:27:52.191] [main/INFO] [tacz/SYNCED_ENTITY_DATA_TAC_COPY]: Registered synced data key tacz:aiming_progress for minecraft:living_entity
[19May2025 05:27:52.191] [main/INFO] [tacz/SYNCED_ENTITY_DATA_TAC_COPY]: Registered synced data key tacz:draw_cool_down for minecraft:living_entity
[19May2025 05:27:52.191] [main/INFO] [tacz/SYNCED_ENTITY_DATA_TAC_COPY]: Registered synced data key tacz:is_aiming for minecraft:living_entity
[19May2025 05:27:52.192] [main/INFO] [tacz/SYNCED_ENTITY_DATA_TAC_COPY]: Registered synced data key tacz:sprint_time for minecraft:living_entity
[19May2025 05:27:52.192] [main/INFO] [tacz/SYNCED_ENTITY_DATA_TAC_COPY]: Registered synced data key tacz:is_bolting for minecraft:living_entity
[19May2025 05:27:52.193] [main/INFO] [tacz/SYNCED_ENTITY_DATA_TAC_COPY]: Registered synced data key tacz:throwable_using for minecraft:living_entity
[19May2025 05:27:52.796] [Forge Version Check/INFO] [net.minecraftforge.fml.VersionChecker/]: [forge] Starting version check at https://files.minecraftforge.net/net/minecraftforge/forge/promotions_slim.json
[19May2025 05:27:53.777] [Forge Version Check/INFO] [net.minecraftforge.fml.VersionChecker/]: [forge] Found status: OUTDATED Current: 47.3.7 Target: 47.4.0
[19May2025 05:27:53.779] [Forge Version Check/INFO] [net.minecraftforge.fml.VersionChecker/]: [sanitydim] Starting version check at https://raw.githubusercontent.com/croissantnova/SanityDescentIntoMadness/main/update.json
[19May2025 05:27:53.852] [Forge Version Check/INFO] [net.minecraftforge.fml.VersionChecker/]: [sanitydim] Found status: UP_TO_DATE Current: 1.1.0 Target: null
[19May2025 05:27:56.197] [main/INFO] [com.mojang.authlib.yggdrasil.YggdrasilAuthenticationService/]: Environment: authHost='https://authserver.mojang.com', accountsHost='https://api.mojang.com', sessionHost='https://sessionserver.mojang.com', servicesHost='https://api.minecraftservices.com', name='PROD'
[19May2025 05:27:56.306] [main/WARN] [net.minecraft.server.packs.VanillaPackResourcesBuilder/]: Assets URL 'union:/workspaces/mineserver/servidor_minecraft/libraries/net/minecraft/server/1.20.1-20230612.114412/server-1.20.1-20230612.114412-srg.jar%23137!/assets/.mcassetsroot' uses unexpected schema
[19May2025 05:27:56.309] [main/WARN] [net.minecraft.server.packs.VanillaPackResourcesBuilder/]: Assets URL 'union:/workspaces/mineserver/servidor_minecraft/libraries/net/minecraft/server/1.20.1-20230612.114412/server-1.20.1-20230612.114412-srg.jar%23137!/data/.mcassetsroot' uses unexpected schema
[19May2025 05:27:56.364] [main/WARN] [mixin/]: @Inject(@At("INVOKE")) Shift.BY=2 on sanitydim.mixins.json:MixinServerPlayerGameMode::handler$zck000$destroyBlock exceeds the maximum allowed value: 0. Increase the value of maxShiftBy to suppress this warning.
[19May2025 05:28:03.226] [main/INFO] [net.minecraft.server.MinecraftServer/]: Found new data pack tacz_resources, loading it automatically
[19May2025 05:28:06.051] [main/INFO] [croissantnova.sanitydim.SanityMod/]: Registering sanity command...
[19May2025 05:28:08.653] [main/INFO] [net.minecraft.world.item.crafting.RecipeManager/]: Loaded 9 recipes
[19May2025 05:28:08.657] [main/ERROR] [net.minecraft.server.ServerFunctionLibrary/]: Failed to load function watching:check
java.util.concurrent.CompletionException: java.lang.IllegalArgumentException: Whilst parsing command on line 1: Unknown or incomplete command, see below for error at position 0: <--[HERE]
	at java.util.concurrent.CompletableFuture.encodeThrowable(CompletableFuture.java:315) ~[?:?]
	at java.util.concurrent.CompletableFuture.completeThrowable(CompletableFuture.java:320) ~[?:?]
	at java.util.concurrent.CompletableFuture$AsyncSupply.run(CompletableFuture.java:1770) ~[?:?]
	at java.util.concurrent.CompletableFuture$AsyncSupply.exec(CompletableFuture.java:1760) ~[?:?]
	at java.util.concurrent.ForkJoinTask.doExec(ForkJoinTask.java:373) ~[?:?]
	at java.util.concurrent.ForkJoinPool$WorkQueue.topLevelExec(ForkJoinPool.java:1182) ~[?:?]
	at java.util.concurrent.ForkJoinPool.scan(ForkJoinPool.java:1655) ~[?:?]
	at java.util.concurrent.ForkJoinPool.runWorker(ForkJoinPool.java:1622) ~[?:?]
	at java.util.concurrent.ForkJoinWorkerThread.run(ForkJoinWorkerThread.java:165) ~[?:?]
Caused by: java.lang.IllegalArgumentException: Whilst parsing command on line 1: Unknown or incomplete command, see below for error at position 0: <--[HERE]
	at net.minecraft.commands.CommandFunction.m_77984_(CommandFunction.java:63) ~[server-1.20.1-20230612.114412-srg.jar%23137!/:?]
	at net.minecraft.server.ServerFunctionLibrary.m_214320_(ServerFunctionLibrary.java:83) ~[server-1.20.1-20230612.114412-srg.jar%23137!/:?]
	at java.util.concurrent.CompletableFuture$AsyncSupply.run(CompletableFuture.java:1768) ~[?:?]
	... 6 more
[19May2025 05:28:08.904] [main/INFO] [net.minecraft.advancements.AdvancementList/]: Loaded 1403 advancements
[19May2025 05:28:10.488] [Server thread/INFO] [net.minecraft.server.dedicated.DedicatedServer/]: Starting minecraft server version 1.20.1
[19May2025 05:28:10.490] [Server thread/INFO] [net.minecraft.server.dedicated.DedicatedServer/]: Loading properties
[19May2025 05:28:10.492] [Server thread/INFO] [net.minecraft.server.dedicated.DedicatedServer/]: Default game type: SURVIVAL
[19May2025 05:28:10.492] [Server thread/INFO] [net.minecraft.server.MinecraftServer/]: Generating keypair
[19May2025 05:28:10.829] [Server thread/INFO] [net.minecraft.server.dedicated.DedicatedServer/]: Starting Minecraft server on *:25565
[19May2025 05:28:10.877] [Server thread/INFO] [net.minecraft.server.network.ServerConnectionListener/]: Using epoll channel type
[19May2025 05:28:11.003] [Server thread/WARN] [net.minecraft.server.dedicated.DedicatedServer/]: **** SERVER IS RUNNING IN OFFLINE/INSECURE MODE!
[19May2025 05:28:11.004] [Server thread/WARN] [net.minecraft.server.dedicated.DedicatedServer/]: The server will make no attempt to authenticate usernames. Beware.
[19May2025 05:28:11.005] [Server thread/WARN] [net.minecraft.server.dedicated.DedicatedServer/]: While this makes the game possible to play without internet access, it also opens up the ability for hackers to connect with any username they choose.
[19May2025 05:28:11.005] [Server thread/WARN] [net.minecraft.server.dedicated.DedicatedServer/]: To change this, set "online-mode" to "true" in the server.properties file.
[19May2025 05:28:11.060] [Server thread/WARN] [net.minecraftforge.common.ForgeConfigSpec/CORE]: Configuration file ./world/serverconfig/tacz-server.toml is not correct. Correcting
[19May2025 05:28:11.063] [Server thread/WARN] [net.minecraftforge.common.ForgeConfigSpec/CORE]: Incorrect key interact_key was corrected from null to its default, SimpleCommentedConfig:{}. 
[19May2025 05:28:11.063] [Server thread/WARN] [net.minecraftforge.common.ForgeConfigSpec/CORE]: Incorrect key interact_key.InteractKeyWhitelistBlocks was corrected from null to its default, []. 
[19May2025 05:28:11.063] [Server thread/WARN] [net.minecraftforge.common.ForgeConfigSpec/CORE]: Incorrect key interact_key.InteractKeyWhitelistEntities was corrected from null to its default, []. 
[19May2025 05:28:11.064] [Server thread/WARN] [net.minecraftforge.common.ForgeConfigSpec/CORE]: Incorrect key interact_key.InteractKeyBlacklistBlocks was corrected from null to its default, []. 
[19May2025 05:28:11.065] [Server thread/WARN] [net.minecraftforge.common.ForgeConfigSpec/CORE]: Incorrect key interact_key.InteractKeyBlacklistEntities was corrected from null to its default, []. 
[19May2025 05:28:11.080] [Server thread/WARN] [net.minecraftforge.common.ForgeConfigSpec/CORE]: Incorrect key base_multiplier was corrected from null to its default, SimpleCommentedConfig:{}. 
[19May2025 05:28:11.080] [Server thread/WARN] [net.minecraftforge.common.ForgeConfigSpec/CORE]: Incorrect key base_multiplier.DamageBaseMultiplier was corrected from null to its default, 1.0. 
[19May2025 05:28:11.081] [Server thread/WARN] [net.minecraftforge.common.ForgeConfigSpec/CORE]: Incorrect key base_multiplier.ArmorIgnoreBaseMultiplier was corrected from null to its default, 1.0. 
[19May2025 05:28:11.082] [Server thread/WARN] [net.minecraftforge.common.ForgeConfigSpec/CORE]: Incorrect key base_multiplier.HeadShotBaseMultiplier was corrected from null to its default, 1.0. 
[19May2025 05:28:11.083] [Server thread/WARN] [net.minecraftforge.common.ForgeConfigSpec/CORE]: Incorrect key base_multiplier.WeightSpeedMultiplier was corrected from null to its default, 0.015. 
[19May2025 05:28:11.084] [Server thread/WARN] [net.minecraftforge.common.ForgeConfigSpec/CORE]: Incorrect key misc was corrected from null to its default, SimpleCommentedConfig:{}. 
[19May2025 05:28:11.085] [Server thread/WARN] [net.minecraftforge.common.ForgeConfigSpec/CORE]: Incorrect key misc.HeadShotAABB was corrected from null to its default, []. 
[19May2025 05:28:11.085] [Server thread/WARN] [net.minecraftforge.common.ForgeConfigSpec/CORE]: Incorrect key misc.AmmoBoxStackSize was corrected from null to its default, 3. 
[19May2025 05:28:11.085] [Server thread/WARN] [net.minecraftforge.common.ForgeConfigSpec/CORE]: Incorrect key misc.ClientGunPackDownloadUrls was corrected from null to its default, []. 
[19May2025 05:28:11.085] [Server thread/WARN] [net.minecraftforge.common.ForgeConfigSpec/CORE]: Incorrect key misc.EnableCrawl was corrected from null to its default, true. 
[19May2025 05:28:11.088] [Server thread/WARN] [net.minecraftforge.common.ForgeConfigSpec/CORE]: Incorrect key misc.EnableDefaultGunSmithTableFilter was corrected from null to its default, true. 
[19May2025 05:28:11.088] [Server thread/WARN] [net.minecraftforge.common.ForgeConfigSpec/CORE]: Incorrect key misc.ServerShootNetworkCheck was corrected from null to its default, true. 
[19May2025 05:28:11.089] [Server thread/WARN] [net.minecraftforge.common.ForgeConfigSpec/CORE]: Incorrect key misc.ServerShootCooldownCheck was corrected from null to its default, true. 
[19May2025 05:28:11.094] [Server thread/WARN] [net.minecraftforge.common.ForgeConfigSpec/CORE]: Configuration file ./world/serverconfig/cave_dweller-server.toml is not correct. Correcting
[19May2025 05:28:11.097] [Server thread/WARN] [net.minecraftforge.common.ForgeConfigSpec/CORE]: Incorrect key Timers was corrected from null to its default, SimpleCommentedConfig:{}. 
[19May2025 05:28:11.098] [Server thread/WARN] [net.minecraftforge.common.ForgeConfigSpec/CORE]: Incorrect key Timers.Spawn was corrected from null to its default, SimpleCommentedConfig:{}. 
[19May2025 05:28:11.099] [Server thread/WARN] [net.minecraftforge.common.ForgeConfigSpec/CORE]: Incorrect key Timers.Spawn.can_spawn_min was corrected from null to its default, 300. 
[19May2025 05:28:11.101] [Server thread/WARN] [net.minecraftforge.common.ForgeConfigSpec/CORE]: Incorrect key Timers.Spawn.can_spawn_max was corrected from null to its default, 600. 
[19May2025 05:28:11.102] [Server thread/WARN] [net.minecraftforge.common.ForgeConfigSpec/CORE]: Incorrect key Timers.Spawn.can_spawn_cooldown_chance was corrected from null to its default, 0.4. 
[19May2025 05:28:11.105] [Server thread/WARN] [net.minecraftforge.common.ForgeConfigSpec/CORE]: Incorrect key Timers.Spawn.can_spawn_cooldown was corrected from null to its default, 1200. 
[19May2025 05:28:11.105] [Server thread/WARN] [net.minecraftforge.common.ForgeConfigSpec/CORE]: Incorrect key Timers.Noise was corrected from null to its default, SimpleCommentedConfig:{}. 
[19May2025 05:28:11.106] [Server thread/WARN] [net.minecraftforge.common.ForgeConfigSpec/CORE]: Incorrect key Timers.Noise.reset_noise_min was corrected from null to its default, 240. 
[19May2025 05:28:11.107] [Server thread/WARN] [net.minecraftforge.common.ForgeConfigSpec/CORE]: Incorrect key Timers.Noise.reset_noise_max was corrected from null to its default, 360. 
[19May2025 05:28:11.109] [Server thread/WARN] [net.minecraftforge.common.ForgeConfigSpec/CORE]: Incorrect key Timers.Leave was corrected from null to its default, SimpleCommentedConfig:{}. 
[19May2025 05:28:11.110] [Server thread/WARN] [net.minecraftforge.common.ForgeConfigSpec/CORE]: Incorrect key Timers.Leave.time_until_leave was corrected from null to its default, 300. 
[19May2025 05:28:11.111] [Server thread/WARN] [net.minecraftforge.common.ForgeConfigSpec/CORE]: Incorrect key Timers.Leave.time_until_leave_chase was corrected from null to its default, 30. 
[19May2025 05:28:11.112] [Server thread/WARN] [net.minecraftforge.common.ForgeConfigSpec/CORE]: Incorrect key Timers.surface_timer_multiplier was corrected from null to its default, 1.0. 
[19May2025 05:28:11.115] [Server thread/WARN] [net.minecraftforge.common.ForgeConfigSpec/CORE]: Incorrect key Spawn Conditions was corrected from null to its default, SimpleCommentedConfig:{}. 
[19May2025 05:28:11.115] [Server thread/WARN] [net.minecraftforge.common.ForgeConfigSpec/CORE]: Incorrect key Spawn Conditions.spawn_chance_per_tick was corrected from null to its default, 0.005. 
[19May2025 05:28:11.117] [Server thread/WARN] [net.minecraftforge.common.ForgeConfigSpec/CORE]: Incorrect key Spawn Conditions.spawn_height was corrected from null to its default, 40. 
[19May2025 05:28:11.118] [Server thread/WARN] [net.minecraftforge.common.ForgeConfigSpec/CORE]: Incorrect key Spawn Conditions.allow_surface_spawn was corrected from null to its default, false. 
[19May2025 05:28:11.120] [Server thread/WARN] [net.minecraftforge.common.ForgeConfigSpec/CORE]: Incorrect key Spawn Conditions.sky_light_level was corrected from null to its default, 8. 
[19May2025 05:28:11.121] [Server thread/WARN] [net.minecraftforge.common.ForgeConfigSpec/CORE]: Incorrect key Spawn Conditions.block_light_level was corrected from null to its default, 15. 
[19May2025 05:28:11.122] [Server thread/WARN] [net.minecraftforge.common.ForgeConfigSpec/CORE]: Incorrect key Spawn Conditions.maximum_amount was corrected from null to its default, 5. 
[19May2025 05:28:11.123] [Server thread/WARN] [net.minecraftforge.common.ForgeConfigSpec/CORE]: Incorrect key Spawn Conditions.spawn_distance was corrected from null to its default, 16. 
[19May2025 05:28:11.124] [Server thread/WARN] [net.minecraftforge.common.ForgeConfigSpec/CORE]: Incorrect key Spawn Conditions.check_path_to_spawn was corrected from null to its default, true. 
[19May2025 05:28:11.126] [Server thread/WARN] [net.minecraftforge.common.ForgeConfigSpec/CORE]: Incorrect key Spawn Conditions.Dimensions was corrected from null to its default, SimpleCommentedConfig:{}. 
[19May2025 05:28:11.128] [Server thread/WARN] [net.minecraftforge.common.ForgeConfigSpec/CORE]: Incorrect key Spawn Conditions.Dimensions.dimension_whitelist was corrected from null to its default, [minecraft:overworld]. 
[19May2025 05:28:11.128] [Server thread/WARN] [net.minecraftforge.common.ForgeConfigSpec/CORE]: Incorrect key Spawn Conditions.Biomes was corrected from null to its default, SimpleCommentedConfig:{}. 
[19May2025 05:28:11.128] [Server thread/WARN] [net.minecraftforge.common.ForgeConfigSpec/CORE]: Incorrect key Spawn Conditions.Biomes.override_biome_datapack_config was corrected from null to its default, false. 
[19May2025 05:28:11.128] [Server thread/WARN] [net.minecraftforge.common.ForgeConfigSpec/CORE]: Incorrect key Spawn Conditions.Biomes.surface_biomes_is_whitelist was corrected from null to its default, true. 
[19May2025 05:28:11.130] [Server thread/WARN] [net.minecraftforge.common.ForgeConfigSpec/CORE]: Incorrect key Spawn Conditions.Biomes.surface_biomes was corrected from null to its default, []. 
[19May2025 05:28:11.133] [Server thread/WARN] [net.minecraftforge.common.ForgeConfigSpec/CORE]: Incorrect key Behaviour was corrected from null to its default, SimpleCommentedConfig:{}. 
[19May2025 05:28:11.134] [Server thread/WARN] [net.minecraftforge.common.ForgeConfigSpec/CORE]: Incorrect key Behaviour.spotting_range was corrected from null to its default, 60. 
[19May2025 05:28:11.135] [Server thread/WARN] [net.minecraftforge.common.ForgeConfigSpec/CORE]: Incorrect key Behaviour.can_climb was corrected from null to its default, true. 
[19May2025 05:28:11.136] [Server thread/WARN] [net.minecraftforge.common.ForgeConfigSpec/CORE]: Incorrect key Behaviour.can_break_door was corrected from null to its default, true. 
[19May2025 05:28:11.138] [Server thread/WARN] [net.minecraftforge.common.ForgeConfigSpec/CORE]: Incorrect key Behaviour.break_door_time was corrected from null to its default, 3. 
[19May2025 05:28:11.139] [Server thread/WARN] [net.minecraftforge.common.ForgeConfigSpec/CORE]: Incorrect key Behaviour.allow_riding was corrected from null to its default, false. 
[19May2025 05:28:11.141] [Server thread/WARN] [net.minecraftforge.common.ForgeConfigSpec/CORE]: Incorrect key Behaviour.target_invisible was corrected from null to its default, true. 
[19May2025 05:28:11.143] [Server thread/WARN] [net.minecraftforge.common.ForgeConfigSpec/CORE]: Incorrect key Attributes was corrected from null to its default, SimpleCommentedConfig:{}. 
[19May2025 05:28:11.145] [Server thread/WARN] [net.minecraftforge.common.ForgeConfigSpec/CORE]: Incorrect key Attributes.maximum_health was corrected from null to its default, 60.0. 
[19May2025 05:28:11.145] [Server thread/WARN] [net.minecraftforge.common.ForgeConfigSpec/CORE]: Incorrect key Attributes.attack_damage was corrected from null to its default, 6.0. 
[19May2025 05:28:11.146] [Server thread/WARN] [net.minecraftforge.common.ForgeConfigSpec/CORE]: Incorrect key Attributes.attack_speed was corrected from null to its default, 0.35. 
[19May2025 05:28:11.147] [Server thread/WARN] [net.minecraftforge.common.ForgeConfigSpec/CORE]: Incorrect key Attributes.movement_speed was corrected from null to its default, 0.5. 
[19May2025 05:28:11.149] [Server thread/WARN] [net.minecraftforge.common.ForgeConfigSpec/CORE]: Incorrect key Attributes.depth_strider_bonus was corrected from null to its default, 1.5. 
[19May2025 05:28:11.154] [Thread-1/INFO] [de.cadentem.cave_dweller.CaveDweller/]: Server configuration has been reloaded
[19May2025 05:28:11.156] [Server thread/WARN] [net.minecraftforge.common.ForgeConfigSpec/CORE]: Configuration file ./world/serverconfig/goat_man-server.toml is not correct. Correcting
[19May2025 05:28:11.158] [Server thread/WARN] [net.minecraftforge.common.ForgeConfigSpec/CORE]: Incorrect key Timers was corrected from null to its default, SimpleCommentedConfig:{}. 
[19May2025 05:28:11.159] [Server thread/WARN] [net.minecraftforge.common.ForgeConfigSpec/CORE]: Incorrect key Timers.Spawn was corrected from null to its default, SimpleCommentedConfig:{}. 
[19May2025 05:28:11.161] [Server thread/WARN] [net.minecraftforge.common.ForgeConfigSpec/CORE]: Incorrect key Timers.Spawn.can_spawn_min was corrected from null to its default, 400. 
[19May2025 05:28:11.161] [Server thread/WARN] [net.minecraftforge.common.ForgeConfigSpec/CORE]: Incorrect key Timers.Spawn.can_spawn_max was corrected from null to its default, 800. 
[19May2025 05:28:11.162] [Server thread/WARN] [net.minecraftforge.common.ForgeConfigSpec/CORE]: Incorrect key Timers.Spawn.can_spawn_cooldown_chance was corrected from null to its default, 0.05. 
[19May2025 05:28:11.163] [Server thread/WARN] [net.minecraftforge.common.ForgeConfigSpec/CORE]: Incorrect key Timers.Spawn.can_spawn_cooldown was corrected from null to its default, 1200. 
[19May2025 05:28:11.164] [Server thread/WARN] [net.minecraftforge.common.ForgeConfigSpec/CORE]: Incorrect key Timers.Noise was corrected from null to its default, SimpleCommentedConfig:{}. 
[19May2025 05:28:11.165] [Server thread/WARN] [net.minecraftforge.common.ForgeConfigSpec/CORE]: Incorrect key Timers.Noise.reset_noise_min was corrected from null to its default, 340. 
[19May2025 05:28:11.165] [Server thread/WARN] [net.minecraftforge.common.ForgeConfigSpec/CORE]: Incorrect key Timers.Noise.reset_noise_max was corrected from null to its default, 460. 
[19May2025 05:28:11.165] [Server thread/WARN] [net.minecraftforge.common.ForgeConfigSpec/CORE]: Incorrect key Timers.Leave was corrected from null to its default, SimpleCommentedConfig:{}. 
[19May2025 05:28:11.165] [Server thread/WARN] [net.minecraftforge.common.ForgeConfigSpec/CORE]: Incorrect key Timers.Leave.time_until_leave was corrected from null to its default, 200. 
[19May2025 05:28:11.165] [Server thread/WARN] [net.minecraftforge.common.ForgeConfigSpec/CORE]: Incorrect key Timers.Leave.time_until_leave_chase was corrected from null to its default, 25. 
[19May2025 05:28:11.166] [Server thread/WARN] [net.minecraftforge.common.ForgeConfigSpec/CORE]: Incorrect key Timers.surface_timer_multiplier was corrected from null to its default, 1.0. 
[19May2025 05:28:11.169] [Server thread/WARN] [net.minecraftforge.common.ForgeConfigSpec/CORE]: Incorrect key Spawn Conditions was corrected from null to its default, SimpleCommentedConfig:{}. 
[19May2025 05:28:11.172] [Server thread/WARN] [net.minecraftforge.common.ForgeConfigSpec/CORE]: Incorrect key Spawn Conditions.spawn_chance_per_tick was corrected from null to its default, 0.05. 
[19May2025 05:28:11.174] [Server thread/WARN] [net.minecraftforge.common.ForgeConfigSpec/CORE]: Incorrect key Spawn Conditions.spawn_height was corrected from null to its default, 500. 
[19May2025 05:28:11.176] [Server thread/WARN] [net.minecraftforge.common.ForgeConfigSpec/CORE]: Incorrect key Spawn Conditions.allow_surface_spawn was corrected from null to its default, true. 
[19May2025 05:28:11.179] [Server thread/WARN] [net.minecraftforge.common.ForgeConfigSpec/CORE]: Incorrect key Spawn Conditions.sky_light_level was corrected from null to its default, 14. 
[19May2025 05:28:11.179] [Server thread/WARN] [net.minecraftforge.common.ForgeConfigSpec/CORE]: Incorrect key Spawn Conditions.block_light_level was corrected from null to its default, 14. 
[19May2025 05:28:11.180] [Server thread/WARN] [net.minecraftforge.common.ForgeConfigSpec/CORE]: Incorrect key Spawn Conditions.maximum_amount was corrected from null to its default, 2. 
[19May2025 05:28:11.181] [Server thread/WARN] [net.minecraftforge.common.ForgeConfigSpec/CORE]: Incorrect key Spawn Conditions.spawn_distance was corrected from null to its default, 18. 
[19May2025 05:28:11.183] [Server thread/WARN] [net.minecraftforge.common.ForgeConfigSpec/CORE]: Incorrect key Spawn Conditions.check_path_to_spawn was corrected from null to its default, true. 
[19May2025 05:28:11.184] [Server thread/WARN] [net.minecraftforge.common.ForgeConfigSpec/CORE]: Incorrect key Spawn Conditions.Dimensions was corrected from null to its default, SimpleCommentedConfig:{}. 
[19May2025 05:28:11.185] [Server thread/WARN] [net.minecraftforge.common.ForgeConfigSpec/CORE]: Incorrect key Spawn Conditions.Dimensions.dimension_whitelist was corrected from null to its default, [minecraft:overworld]. 
[19May2025 05:28:11.187] [Server thread/WARN] [net.minecraftforge.common.ForgeConfigSpec/CORE]: Incorrect key Spawn Conditions.Biomes was corrected from null to its default, SimpleCommentedConfig:{}. 
[19May2025 05:28:11.188] [Server thread/WARN] [net.minecraftforge.common.ForgeConfigSpec/CORE]: Incorrect key Spawn Conditions.Biomes.override_biome_datapack_config was corrected from null to its default, true. 
[19May2025 05:28:11.191] [Server thread/WARN] [net.minecraftforge.common.ForgeConfigSpec/CORE]: Incorrect key Spawn Conditions.Biomes.surface_biomes_is_whitelist was corrected from null to its default, false. 
[19May2025 05:28:11.191] [Server thread/WARN] [net.minecraftforge.common.ForgeConfigSpec/CORE]: Incorrect key Spawn Conditions.Biomes.surface_biomes was corrected from null to its default, [minecraft:desert, minecraft:badlands, minecraft:eroded_badlands, minecraft:wooded_badlands, minecraft:savanna, minecraft:savanna_plateau, minecraft:windswept_savanna, minecraft:mangrove_swamp]. 
[19May2025 05:28:11.193] [Server thread/WARN] [net.minecraftforge.common.ForgeConfigSpec/CORE]: Incorrect key Behaviour was corrected from null to its default, SimpleCommentedConfig:{}. 
[19May2025 05:28:11.194] [Server thread/WARN] [net.minecraftforge.common.ForgeConfigSpec/CORE]: Incorrect key Behaviour.spotting_range was corrected from null to its default, 100. 
[19May2025 05:28:11.196] [Server thread/WARN] [net.minecraftforge.common.ForgeConfigSpec/CORE]: Incorrect key Behaviour.can_climb was corrected from null to its default, true. 
[19May2025 05:28:11.196] [Server thread/WARN] [net.minecraftforge.common.ForgeConfigSpec/CORE]: Incorrect key Behaviour.allow_riding was corrected from null to its default, false. 
[19May2025 05:28:11.196] [Server thread/WARN] [net.minecraftforge.common.ForgeConfigSpec/CORE]: Incorrect key Behaviour.target_invisible was corrected from null to its default, false. 
[19May2025 05:28:11.200] [Server thread/WARN] [net.minecraftforge.common.ForgeConfigSpec/CORE]: Incorrect key Attributes was corrected from null to its default, SimpleCommentedConfig:{}. 
[19May2025 05:28:11.201] [Server thread/WARN] [net.minecraftforge.common.ForgeConfigSpec/CORE]: Incorrect key Attributes.maximum_armor was corrected from null to its default, 20.0. 
[19May2025 05:28:11.203] [Server thread/WARN] [net.minecraftforge.common.ForgeConfigSpec/CORE]: Incorrect key Attributes.maximum_health was corrected from null to its default, 100.0. 
[19May2025 05:28:11.204] [Server thread/WARN] [net.minecraftforge.common.ForgeConfigSpec/CORE]: Incorrect key Attributes.attack_damage was corrected from null to its default, 5.0. 
[19May2025 05:28:11.205] [Server thread/WARN] [net.minecraftforge.common.ForgeConfigSpec/CORE]: Incorrect key Attributes.movement_speed was corrected from null to its default, 0.6. 
[19May2025 05:28:11.206] [Server thread/WARN] [net.minecraftforge.common.ForgeConfigSpec/CORE]: Incorrect key Attributes.depth_strider_bonus was corrected from null to its default, 2.0. 
[19May2025 05:28:11.209] [Server thread/WARN] [net.minecraftforge.common.ForgeConfigSpec/CORE]: Incorrect key Misc was corrected from null to its default, SimpleCommentedConfig:{}. 
[19May2025 05:28:11.212] [Server thread/WARN] [net.minecraftforge.common.ForgeConfigSpec/CORE]: Incorrect key Misc.only_play_noise_to_target was corrected from null to its default, false. 
[19May2025 05:28:11.214] [Thread-1/INFO] [de.cadentem.goat_man.GoatMan/]: Server configuration has been reloaded
[19May2025 05:28:11.220] [Server thread/WARN] [net.minecraftforge.common.ForgeConfigSpec/CORE]: Configuration file ./world/serverconfig/forge-server.toml is not correct. Correcting
[19May2025 05:28:11.222] [Server thread/WARN] [net.minecraftforge.common.ForgeConfigSpec/CORE]: Incorrect key server was corrected from null to its default, SimpleCommentedConfig:{}. 
[19May2025 05:28:11.224] [Server thread/WARN] [net.minecraftforge.common.ForgeConfigSpec/CORE]: Incorrect key server.removeErroringBlockEntities was corrected from null to its default, false. 
[19May2025 05:28:11.225] [Server thread/WARN] [net.minecraftforge.common.ForgeConfigSpec/CORE]: Incorrect key server.removeErroringEntities was corrected from null to its default, false. 
[19May2025 05:28:11.226] [Server thread/WARN] [net.minecraftforge.common.ForgeConfigSpec/CORE]: Incorrect key server.fullBoundingBoxLadders was corrected from null to its default, false. 
[19May2025 05:28:11.230] [Server thread/WARN] [net.minecraftforge.common.ForgeConfigSpec/CORE]: Incorrect key server.zombieBaseSummonChance was corrected from null to its default, 0.1. 
[19May2025 05:28:11.230] [Server thread/WARN] [net.minecraftforge.common.ForgeConfigSpec/CORE]: Incorrect key server.zombieBabyChance was corrected from null to its default, 0.05. 
[19May2025 05:28:11.230] [Server thread/WARN] [net.minecraftforge.common.ForgeConfigSpec/CORE]: Incorrect key server.permissionHandler was corrected from null to its default, forge:default_handler. 
[19May2025 05:28:11.230] [Server thread/WARN] [net.minecraftforge.common.ForgeConfigSpec/CORE]: Incorrect key server.advertiseDedicatedServerToLan was corrected from null to its default, true. 
[19May2025 05:28:11.303] [Server thread/INFO] [net.minecraft.server.dedicated.DedicatedServer/]: Preparing level "world"
[19May2025 05:28:43.675] [Server thread/INFO] [net.minecraft.server.MinecraftServer/]: Preparing start region for dimension minecraft:overworld
[19May2025 05:28:45.020] [Worker-Main-7/INFO] [net.minecraft.server.level.progress.LoggerChunkProgressListener/]: Preparing spawn area: 0%
[19May2025 05:28:45.024] [Worker-Main-7/INFO] [net.minecraft.server.level.progress.LoggerChunkProgressListener/]: Preparing spawn area: 0%
[19May2025 05:28:45.028] [Worker-Main-7/INFO] [net.minecraft.server.level.progress.LoggerChunkProgressListener/]: Preparing spawn area: 0%
[19May2025 05:28:45.379] [Worker-Main-7/INFO] [net.minecraft.server.level.progress.LoggerChunkProgressListener/]: Preparing spawn area: 0%
[19May2025 05:28:45.772] [Worker-Main-7/INFO] [net.minecraft.server.level.progress.LoggerChunkProgressListener/]: Preparing spawn area: 0%
[19May2025 05:28:46.253] [Worker-Main-7/INFO] [net.minecraft.server.level.progress.LoggerChunkProgressListener/]: Preparing spawn area: 0%
[19May2025 05:28:46.697] [Worker-Main-7/INFO] [net.minecraft.server.level.progress.LoggerChunkProgressListener/]: Preparing spawn area: 0%
[19May2025 05:28:47.179] [Worker-Main-7/INFO] [net.minecraft.server.level.progress.LoggerChunkProgressListener/]: Preparing spawn area: 0%
[19May2025 05:28:47.739] [Worker-Main-7/INFO] [net.minecraft.server.level.progress.LoggerChunkProgressListener/]: Preparing spawn area: 0%
[19May2025 05:28:48.535] [Worker-Main-7/INFO] [net.minecraft.server.level.progress.LoggerChunkProgressListener/]: Preparing spawn area: 0%
[19May2025 05:28:48.692] [Worker-Main-7/INFO] [net.minecraft.server.level.progress.LoggerChunkProgressListener/]: Preparing spawn area: 0%
[19May2025 05:28:49.202] [Worker-Main-7/INFO] [net.minecraft.server.level.progress.LoggerChunkProgressListener/]: Preparing spawn area: 0%
[19May2025 05:28:49.678] [Worker-Main-7/INFO] [net.minecraft.server.level.progress.LoggerChunkProgressListener/]: Preparing spawn area: 0%
[19May2025 05:28:50.181] [Worker-Main-7/INFO] [net.minecraft.server.level.progress.LoggerChunkProgressListener/]: Preparing spawn area: 0%
[19May2025 05:28:50.694] [Worker-Main-7/INFO] [net.minecraft.server.level.progress.LoggerChunkProgressListener/]: Preparing spawn area: 0%
[19May2025 05:28:51.212] [Worker-Main-7/INFO] [net.minecraft.server.level.progress.LoggerChunkProgressListener/]: Preparing spawn area: 0%
[19May2025 05:28:51.681] [Worker-Main-7/INFO] [net.minecraft.server.level.progress.LoggerChunkProgressListener/]: Preparing spawn area: 0%
[19May2025 05:28:52.176] [Worker-Main-7/INFO] [net.minecraft.server.level.progress.LoggerChunkProgressListener/]: Preparing spawn area: 0%
[19May2025 05:28:52.685] [Worker-Main-7/INFO] [net.minecraft.server.level.progress.LoggerChunkProgressListener/]: Preparing spawn area: 0%
[19May2025 05:28:53.207] [Worker-Main-7/INFO] [net.minecraft.server.level.progress.LoggerChunkProgressListener/]: Preparing spawn area: 0%
[19May2025 05:28:53.760] [Worker-Main-7/INFO] [net.minecraft.server.level.progress.LoggerChunkProgressListener/]: Preparing spawn area: 0%
[19May2025 05:28:54.245] [Worker-Main-7/INFO] [net.minecraft.server.level.progress.LoggerChunkProgressListener/]: Preparing spawn area: 0%
[19May2025 05:28:54.709] [Worker-Main-7/INFO] [net.minecraft.server.level.progress.LoggerChunkProgressListener/]: Preparing spawn area: 0%
[19May2025 05:28:55.271] [Worker-Main-7/INFO] [net.minecraft.server.level.progress.LoggerChunkProgressListener/]: Preparing spawn area: 0%
[19May2025 05:28:55.731] [Worker-Main-7/INFO] [net.minecraft.server.level.progress.LoggerChunkProgressListener/]: Preparing spawn area: 0%
[19May2025 05:28:56.231] [Worker-Main-7/INFO] [net.minecraft.server.level.progress.LoggerChunkProgressListener/]: Preparing spawn area: 0%
[19May2025 05:28:56.733] [Worker-Main-7/INFO] [net.minecraft.server.level.progress.LoggerChunkProgressListener/]: Preparing spawn area: 0%
[19May2025 05:28:57.191] [Worker-Main-7/INFO] [net.minecraft.server.level.progress.LoggerChunkProgressListener/]: Preparing spawn area: 0%
[19May2025 05:28:57.693] [Worker-Main-7/INFO] [net.minecraft.server.level.progress.LoggerChunkProgressListener/]: Preparing spawn area: 0%
[19May2025 05:28:58.218] [Worker-Main-7/INFO] [net.minecraft.server.level.progress.LoggerChunkProgressListener/]: Preparing spawn area: 0%
[19May2025 05:28:58.728] [Worker-Main-7/INFO] [net.minecraft.server.level.progress.LoggerChunkProgressListener/]: Preparing spawn area: 0%
[19May2025 05:28:59.214] [Worker-Main-7/INFO] [net.minecraft.server.level.progress.LoggerChunkProgressListener/]: Preparing spawn area: 0%
[19May2025 05:28:59.733] [Worker-Main-7/INFO] [net.minecraft.server.level.progress.LoggerChunkProgressListener/]: Preparing spawn area: 0%
[19May2025 05:29:00.217] [Worker-Main-7/INFO] [net.minecraft.server.level.progress.LoggerChunkProgressListener/]: Preparing spawn area: 0%
[19May2025 05:29:00.677] [Worker-Main-7/INFO] [net.minecraft.server.level.progress.LoggerChunkProgressListener/]: Preparing spawn area: 0%
[19May2025 05:29:01.177] [Worker-Main-7/INFO] [net.minecraft.server.level.progress.LoggerChunkProgressListener/]: Preparing spawn area: 0%
[19May2025 05:29:01.695] [Worker-Main-7/INFO] [net.minecraft.server.level.progress.LoggerChunkProgressListener/]: Preparing spawn area: 0%
[19May2025 05:29:02.193] [Worker-Main-7/INFO] [net.minecraft.server.level.progress.LoggerChunkProgressListener/]: Preparing spawn area: 0%
[19May2025 05:29:02.711] [Worker-Main-7/INFO] [net.minecraft.server.level.progress.LoggerChunkProgressListener/]: Preparing spawn area: 0%
[19May2025 05:29:03.200] [Worker-Main-7/INFO] [net.minecraft.server.level.progress.LoggerChunkProgressListener/]: Preparing spawn area: 0%
[19May2025 05:29:03.679] [Worker-Main-7/INFO] [net.minecraft.server.level.progress.LoggerChunkProgressListener/]: Preparing spawn area: 0%
[19May2025 05:29:05.766] [Worker-Main-7/INFO] [net.minecraft.server.level.progress.LoggerChunkProgressListener/]: Preparing spawn area: 0%
[19May2025 05:29:05.768] [Worker-Main-7/INFO] [net.minecraft.server.level.progress.LoggerChunkProgressListener/]: Preparing spawn area: 0%
[19May2025 05:29:05.768] [Worker-Main-7/INFO] [net.minecraft.server.level.progress.LoggerChunkProgressListener/]: Preparing spawn area: 0%
[19May2025 05:29:05.807] [Worker-Main-7/INFO] [net.minecraft.server.level.progress.LoggerChunkProgressListener/]: Preparing spawn area: 0%
[19May2025 05:29:06.209] [Worker-Main-7/INFO] [net.minecraft.server.level.progress.LoggerChunkProgressListener/]: Preparing spawn area: 0%
[19May2025 05:29:06.679] [Worker-Main-7/INFO] [net.minecraft.server.level.progress.LoggerChunkProgressListener/]: Preparing spawn area: 0%
[19May2025 05:29:07.220] [Worker-Main-7/INFO] [net.minecraft.server.level.progress.LoggerChunkProgressListener/]: Preparing spawn area: 0%
[19May2025 05:29:07.678] [Worker-Main-7/INFO] [net.minecraft.server.level.progress.LoggerChunkProgressListener/]: Preparing spawn area: 0%
[19May2025 05:29:08.176] [Worker-Main-7/INFO] [net.minecraft.server.level.progress.LoggerChunkProgressListener/]: Preparing spawn area: 0%
[19May2025 05:29:08.701] [Worker-Main-7/INFO] [net.minecraft.server.level.progress.LoggerChunkProgressListener/]: Preparing spawn area: 0%
[19May2025 05:29:09.304] [Worker-Main-7/INFO] [net.minecraft.server.level.progress.LoggerChunkProgressListener/]: Preparing spawn area: 0%
[19May2025 05:29:09.680] [Worker-Main-7/INFO] [net.minecraft.server.level.progress.LoggerChunkProgressListener/]: Preparing spawn area: 0%
[19May2025 05:29:10.202] [Worker-Main-7/INFO] [net.minecraft.server.level.progress.LoggerChunkProgressListener/]: Preparing spawn area: 0%
[19May2025 05:29:10.696] [Worker-Main-7/INFO] [net.minecraft.server.level.progress.LoggerChunkProgressListener/]: Preparing spawn area: 0%
[19May2025 05:29:11.207] [Worker-Main-7/INFO] [net.minecraft.server.level.progress.LoggerChunkProgressListener/]: Preparing spawn area: 0%
[19May2025 05:29:11.711] [Worker-Main-7/INFO] [net.minecraft.server.level.progress.LoggerChunkProgressListener/]: Preparing spawn area: 0%
[19May2025 05:29:13.035] [Worker-Main-7/INFO] [net.minecraft.server.level.progress.LoggerChunkProgressListener/]: Preparing spawn area: 0%
[19May2025 05:29:13.036] [Worker-Main-7/INFO] [net.minecraft.server.level.progress.LoggerChunkProgressListener/]: Preparing spawn area: 0%
[19May2025 05:29:13.209] [Worker-Main-7/INFO] [net.minecraft.server.level.progress.LoggerChunkProgressListener/]: Preparing spawn area: 0%
[19May2025 05:29:13.711] [Worker-Main-7/INFO] [net.minecraft.server.level.progress.LoggerChunkProgressListener/]: Preparing spawn area: 0%
[19May2025 05:29:14.190] [Worker-Main-7/INFO] [net.minecraft.server.level.progress.LoggerChunkProgressListener/]: Preparing spawn area: 0%
[19May2025 05:29:14.687] [Worker-Main-7/INFO] [net.minecraft.server.level.progress.LoggerChunkProgressListener/]: Preparing spawn area: 0%
[19May2025 05:29:15.187] [Worker-Main-7/INFO] [net.minecraft.server.level.progress.LoggerChunkProgressListener/]: Preparing spawn area: 0%
[19May2025 05:29:15.682] [Worker-Main-7/INFO] [net.minecraft.server.level.progress.LoggerChunkProgressListener/]: Preparing spawn area: 0%
[19May2025 05:29:16.181] [Worker-Main-7/INFO] [net.minecraft.server.level.progress.LoggerChunkProgressListener/]: Preparing spawn area: 0%
[19May2025 05:29:16.702] [Worker-Main-7/INFO] [net.minecraft.server.level.progress.LoggerChunkProgressListener/]: Preparing spawn area: 0%
[19May2025 05:29:17.207] [Worker-Main-7/INFO] [net.minecraft.server.level.progress.LoggerChunkProgressListener/]: Preparing spawn area: 0%
[19May2025 05:29:17.693] [Worker-Main-7/INFO] [net.minecraft.server.level.progress.LoggerChunkProgressListener/]: Preparing spawn area: 0%
[19May2025 05:29:18.201] [Worker-Main-7/INFO] [net.minecraft.server.level.progress.LoggerChunkProgressListener/]: Preparing spawn area: 0%
[19May2025 05:29:18.679] [Worker-Main-7/INFO] [net.minecraft.server.level.progress.LoggerChunkProgressListener/]: Preparing spawn area: 0%
[19May2025 05:29:19.176] [Worker-Main-7/INFO] [net.minecraft.server.level.progress.LoggerChunkProgressListener/]: Preparing spawn area: 0%
[19May2025 05:29:19.795] [Worker-Main-7/INFO] [net.minecraft.server.level.progress.LoggerChunkProgressListener/]: Preparing spawn area: 0%
[19May2025 05:29:20.178] [Worker-Main-7/INFO] [net.minecraft.server.level.progress.LoggerChunkProgressListener/]: Preparing spawn area: 0%
[19May2025 05:29:20.706] [Worker-Main-7/INFO] [net.minecraft.server.level.progress.LoggerChunkProgressListener/]: Preparing spawn area: 0%
[19May2025 05:29:21.181] [Worker-Main-7/INFO] [net.minecraft.server.level.progress.LoggerChunkProgressListener/]: Preparing spawn area: 0%
[19May2025 05:29:21.676] [Worker-Main-7/INFO] [net.minecraft.server.level.progress.LoggerChunkProgressListener/]: Preparing spawn area: 0%
[19May2025 05:29:22.188] [Worker-Main-7/INFO] [net.minecraft.server.level.progress.LoggerChunkProgressListener/]: Preparing spawn area: 0%
[19May2025 05:29:22.692] [Worker-Main-7/INFO] [net.minecraft.server.level.progress.LoggerChunkProgressListener/]: Preparing spawn area: 0%
[19May2025 05:29:23.181] [Worker-Main-7/INFO] [net.minecraft.server.level.progress.LoggerChunkProgressListener/]: Preparing spawn area: 0%
[19May2025 05:29:23.686] [Worker-Main-7/INFO] [net.minecraft.server.level.progress.LoggerChunkProgressListener/]: Preparing spawn area: 0%
[19May2025 05:29:24.410] [Worker-Main-7/INFO] [net.minecraft.server.level.progress.LoggerChunkProgressListener/]: Preparing spawn area: 0%
[19May2025 05:29:24.693] [Worker-Main-7/INFO] [net.minecraft.server.level.progress.LoggerChunkProgressListener/]: Preparing spawn area: 0%
[19May2025 05:29:25.195] [Worker-Main-7/INFO] [net.minecraft.server.level.progress.LoggerChunkProgressListener/]: Preparing spawn area: 0%
[19May2025 05:29:25.694] [Worker-Main-7/INFO] [net.minecraft.server.level.progress.LoggerChunkProgressListener/]: Preparing spawn area: 0%
[19May2025 05:29:26.221] [Worker-Main-7/INFO] [net.minecraft.server.level.progress.LoggerChunkProgressListener/]: Preparing spawn area: 0%
[19May2025 05:29:26.691] [Worker-Main-7/INFO] [net.minecraft.server.level.progress.LoggerChunkProgressListener/]: Preparing spawn area: 0%
[19May2025 05:29:27.209] [Worker-Main-7/INFO] [net.minecraft.server.level.progress.LoggerChunkProgressListener/]: Preparing spawn area: 0%
[19May2025 05:29:27.710] [Worker-Main-7/INFO] [net.minecraft.server.level.progress.LoggerChunkProgressListener/]: Preparing spawn area: 0%
[19May2025 05:29:28.180] [Worker-Main-7/INFO] [net.minecraft.server.level.progress.LoggerChunkProgressListener/]: Preparing spawn area: 0%
[19May2025 05:29:30.095] [Worker-Main-7/INFO] [net.minecraft.server.level.progress.LoggerChunkProgressListener/]: Preparing spawn area: 0%
[19May2025 05:29:30.097] [Worker-Main-7/INFO] [net.minecraft.server.level.progress.LoggerChunkProgressListener/]: Preparing spawn area: 0%
[19May2025 05:29:30.099] [Worker-Main-7/INFO] [net.minecraft.server.level.progress.LoggerChunkProgressListener/]: Preparing spawn area: 0%
[19May2025 05:29:30.184] [Worker-Main-7/INFO] [net.minecraft.server.level.progress.LoggerChunkProgressListener/]: Preparing spawn area: 0%
[19May2025 05:29:30.791] [Worker-Main-7/INFO] [net.minecraft.server.level.progress.LoggerChunkProgressListener/]: Preparing spawn area: 0%
[19May2025 05:29:31.188] [Worker-Main-7/INFO] [net.minecraft.server.level.progress.LoggerChunkProgressListener/]: Preparing spawn area: 0%
[19May2025 05:29:31.680] [Worker-Main-7/INFO] [net.minecraft.server.level.progress.LoggerChunkProgressListener/]: Preparing spawn area: 0%
[19May2025 05:29:32.176] [Worker-Main-7/INFO] [net.minecraft.server.level.progress.LoggerChunkProgressListener/]: Preparing spawn area: 0%
[19May2025 05:29:32.681] [Worker-Main-7/INFO] [net.minecraft.server.level.progress.LoggerChunkProgressListener/]: Preparing spawn area: 0%
[19May2025 05:29:33.179] [Worker-Main-7/INFO] [net.minecraft.server.level.progress.LoggerChunkProgressListener/]: Preparing spawn area: 0%
[19May2025 05:29:33.706] [Worker-Main-7/INFO] [net.minecraft.server.level.progress.LoggerChunkProgressListener/]: Preparing spawn area: 0%
[19May2025 05:29:34.190] [Worker-Main-7/INFO] [net.minecraft.server.level.progress.LoggerChunkProgressListener/]: Preparing spawn area: 0%
[19May2025 05:29:34.682] [Worker-Main-7/INFO] [net.minecraft.server.level.progress.LoggerChunkProgressListener/]: Preparing spawn area: 0%
[19May2025 05:29:35.202] [Worker-Main-7/INFO] [net.minecraft.server.level.progress.LoggerChunkProgressListener/]: Preparing spawn area: 0%
[19May2025 05:29:35.694] [Worker-Main-7/INFO] [net.minecraft.server.level.progress.LoggerChunkProgressListener/]: Preparing spawn area: 0%
[19May2025 05:29:36.197] [Worker-Main-7/INFO] [net.minecraft.server.level.progress.LoggerChunkProgressListener/]: Preparing spawn area: 0%
[19May2025 05:29:36.704] [Worker-Main-7/INFO] [net.minecraft.server.level.progress.LoggerChunkProgressListener/]: Preparing spawn area: 0%
[19May2025 05:29:37.187] [Worker-Main-7/INFO] [net.minecraft.server.level.progress.LoggerChunkProgressListener/]: Preparing spawn area: 0%
[19May2025 05:29:37.704] [Worker-Main-7/INFO] [net.minecraft.server.level.progress.LoggerChunkProgressListener/]: Preparing spawn area: 0%
[19May2025 05:29:38.189] [Worker-Main-7/INFO] [net.minecraft.server.level.progress.LoggerChunkProgressListener/]: Preparing spawn area: 0%
[19May2025 05:29:38.710] [Worker-Main-7/INFO] [net.minecraft.server.level.progress.LoggerChunkProgressListener/]: Preparing spawn area: 0%
[19May2025 05:29:39.180] [Worker-Main-7/INFO] [net.minecraft.server.level.progress.LoggerChunkProgressListener/]: Preparing spawn area: 0%
[19May2025 05:29:39.701] [Worker-Main-7/INFO] [net.minecraft.server.level.progress.LoggerChunkProgressListener/]: Preparing spawn area: 0%
[19May2025 05:29:40.198] [Worker-Main-7/INFO] [net.minecraft.server.level.progress.LoggerChunkProgressListener/]: Preparing spawn area: 0%
[19May2025 05:29:40.679] [Worker-Main-7/INFO] [net.minecraft.server.level.progress.LoggerChunkProgressListener/]: Preparing spawn area: 0%
[19May2025 05:29:41.188] [Worker-Main-7/INFO] [net.minecraft.server.level.progress.LoggerChunkProgressListener/]: Preparing spawn area: 0%
[19May2025 05:29:41.680] [Worker-Main-7/INFO] [net.minecraft.server.level.progress.LoggerChunkProgressListener/]: Preparing spawn area: 0%
[19May2025 05:29:42.452] [Worker-Main-7/INFO] [net.minecraft.server.level.progress.LoggerChunkProgressListener/]: Preparing spawn area: 0%
[19May2025 05:29:42.828] [Worker-Main-7/INFO] [net.minecraft.server.level.progress.LoggerChunkProgressListener/]: Preparing spawn area: 26%
[19May2025 05:29:43.843] [Worker-Main-7/INFO] [net.minecraft.server.level.progress.LoggerChunkProgressListener/]: Preparing spawn area: 32%
[19May2025 05:29:43.845] [Worker-Main-7/INFO] [net.minecraft.server.level.progress.LoggerChunkProgressListener/]: Preparing spawn area: 32%
[19May2025 05:29:47.451] [Server thread/INFO] [net.minecraft.server.level.progress.LoggerChunkProgressListener/]: Time elapsed: 63776 ms
[19May2025 05:29:47.452] [Server thread/INFO] [net.minecraft.server.dedicated.DedicatedServer/]: Done (96.393s)! For help, type "help"
[19May2025 05:29:47.493] [Server thread/INFO] [net.minecraftforge.server.permission.PermissionAPI/]: Successfully initialized permission handler forge:default_handler
[19May2025 05:29:47.495] [Server thread/INFO] [boomcow.minezero.MineZero/]: HELLO from server starting
[19May2025 05:29:52.228] [Server thread/WARN] [net.minecraft.server.MinecraftServer/]: Can't keep up! Is the server overloaded? Running 2015ms or 40 ticks behind
[19May2025 05:30:51.274] [Server thread/INFO] [net.minecraft.server.players.PlayerList/]: Reinhard_VA[/[::1]:53396] logged in with entity id 479 at (-4.5, 70.0, -33.5)
[19May2025 05:30:52.830] [Server thread/INFO] [net.minecraft.server.MinecraftServer/]: Reinhard_VA joined the game
[19May2025 05:30:53.746] [Server thread/WARN] [net.minecraft.server.MinecraftServer/]: Can't keep up! Is the server overloaded? Running 2482ms or 49 ticks behind
[19May2025 05:31:13.682] [Server thread/INFO] [net.minecraft.server.MinecraftServer/]: [Reinhard_VA: Set own game mode to Creative Mode]
[19May2025 05:31:23.795] [Server thread/INFO] [net.minecraft.server.MinecraftServer/]: [Reinhard_VA: Set own game mode to Survival Mode]
[19May2025 05:31:45.053] [Server thread/INFO] [net.minecraft.server.players.PlayerList/]: Gabo399993[/[::1]:48922] logged in with entity id 791 at (-5.5, 68.0, -29.5)
[19May2025 05:31:46.328] [Server thread/INFO] [net.minecraft.server.MinecraftServer/]: Gabo399993 joined the game
[19May2025 05:31:58.235] [Server thread/INFO] [net.minecraft.server.MinecraftServer/]: [Not Secure] <Gabo399993> ola
[19May2025 05:32:02.748] [Server thread/INFO] [net.minecraft.server.MinecraftServer/]: [Not Secure] <Reinhard_VA> hola
[19May2025 05:32:08.512] [Server thread/INFO] [net.minecraft.server.MinecraftServer/]: [Not Secure] <Reinhard_VA> como va
[19May2025 05:32:13.643] [Server thread/INFO] [net.minecraft.server.MinecraftServer/]: [Not Secure] <Reinhard_VA> joya?
[19May2025 05:32:20.099] [Server thread/INFO] [net.minecraft.server.MinecraftServer/]: [Not Secure] <Gabo399993> creo
[19May2025 05:32:21.315] [Server thread/INFO] [boomcow.minezero.event.BlockChangeListener/]: Block placed at: BlockPos{x=-4, y=71, z=-41}
[19May2025 05:32:36.526] [Server thread/INFO] [net.minecraft.server.network.ServerGamePacketListenerImpl/]: Reinhard_VA lost connection: Timed out
[19May2025 05:32:36.526] [Server thread/INFO] [net.minecraft.server.MinecraftServer/]: Reinhard_VA left the game
[19May2025 05:32:47.340] [Server thread/INFO] [net.minecraft.server.players.PlayerList/]: Reinhard_VA[/[::1]:33450] logged in with entity id 978 at (-0.3169644877729552, 71.0, -40.27222492632308)
[19May2025 05:32:48.462] [Server thread/INFO] [net.minecraft.server.MinecraftServer/]: Reinhard_VA joined the game
[19May2025 05:32:53.863] [Server thread/INFO] [net.minecraft.server.MinecraftServer/]: [Not Secure] <Gabo399993> te saco?
[19May2025 05:33:01.901] [Server thread/INFO] [net.minecraft.server.MinecraftServer/]: [Not Secure] <Reinhard_VA> si wifi peruanop
[19May2025 05:33:11.216] [Server thread/INFO] [boomcow.minezero.checkpoint.CheckpointManager/]: Setting checkpoint...
[19May2025 05:33:11.228] [Server thread/INFO] [boomcow.minezero.checkpoint.CheckpointManager/]: Player XP: 0
[19May2025 05:33:11.233] [Server thread/INFO] [boomcow.minezero.checkpoint.CheckpointManager/]: Player XP: 0
[19May2025 05:33:11.256] [Server thread/INFO] [boomcow.minezero.checkpoint.CheckpointManager/]: Checkpoint set
[19May2025 05:33:30.611] [Server thread/INFO] [net.minecraft.server.MinecraftServer/]: [Not Secure] <Reinhard_VA> vos lo talaste?
[19May2025 05:33:34.877] [Server thread/INFO] [net.minecraft.server.MinecraftServer/]: [Not Secure] <Gabo399993> no
[19May2025 05:33:38.540] [Server thread/INFO] [net.minecraft.server.MinecraftServer/]: [Not Secure] <Reinhard_VA> a
[19May2025 05:33:55.938] [Server thread/INFO] [net.minecraft.server.MinecraftServer/]: [Not Secure] <Gabo399993> las alfombras suben la salud mental
[19May2025 05:33:59.483] [Server thread/INFO] [net.minecraft.server.MinecraftServer/]: [Not Secure] <Reinhard_VA> si
[19May2025 05:34:06.754] [Server thread/INFO] [net.minecraft.server.MinecraftServer/]: [Not Secure] <Reinhard_VA> las flores tambien
[19May2025 05:34:13.941] [Server thread/INFO] [net.minecraft.server.MinecraftServer/]: [Not Secure] <Reinhard_VA> aparte quien sos vos?
[19May2025 05:34:29.573] [Server thread/INFO] [net.minecraft.server.MinecraftServer/]: [Not Secure] <Gabo399993> q?
[19May2025 05:34:40.225] [Server thread/INFO] [net.minecraft.server.MinecraftServer/]: [Not Secure] <Reinhard_VA> lo ultimo que recuerdo fue que nos isieron una lobotomia
[19May2025 05:34:49.905] [Server thread/INFO] [net.minecraft.server.MinecraftServer/]: [Not Secure] <Gabo399993> XD
[19May2025 05:34:56.737] [Server thread/INFO] [net.minecraft.server.MinecraftServer/]: [Not Secure] <Reinhard_VA> no enserio
[19May2025 05:34:59.546] [Server thread/INFO] [net.minecraft.server.MinecraftServer/]: [Not Secure] <Gabo399993> me meto en personake
[19May2025 05:35:05.061] [Server thread/INFO] [net.minecraft.server.MinecraftServer/]: [Not Secure] <Gabo399993> ctm me cai
[19May2025 05:35:09.195] [Server thread/INFO] [net.minecraft.server.MinecraftServer/]: [Not Secure] <Reinhard_VA> jaajja
[19May2025 05:35:13.982] [Server thread/INFO] [net.minecraft.server.MinecraftServer/]: [Not Secure] <Reinhard_VA> roleplay
[19May2025 05:35:16.535] [Server thread/INFO] [net.minecraft.server.MinecraftServer/]: [Not Secure] <Reinhard_VA> dea
[19May2025 05:35:18.606] [Server thread/INFO] [net.minecraft.server.MinecraftServer/]: [Not Secure] <Gabo399993> dea
[19May2025 05:35:39.299] [Server thread/INFO] [net.minecraft.server.MinecraftServer/]: [Not Secure] <Gabo399993> esa madre da lag
[19May2025 05:35:47.236] [Server thread/INFO] [net.minecraft.server.MinecraftServer/]: [Not Secure] <Reinhard_VA> real
[19May2025 05:35:52.411] [Server thread/INFO] [boomcow.minezero.event.BlockChangeListener/]: Block placed at: BlockPos{x=50, y=78, z=25}
[19May2025 05:35:52.748] [Server thread/INFO] [net.minecraft.server.MinecraftServer/]: [Not Secure] <Gabo399993> q es
[19May2025 05:36:00.144] [Server thread/INFO] [net.minecraft.server.MinecraftServer/]: [Not Secure] <Reinhard_VA> que cosa?
[19May2025 05:36:06.044] [Server thread/INFO] [net.minecraft.server.MinecraftServer/]: [Not Secure] <Gabo399993> ois eso
[19May2025 05:36:11.477] [Server thread/INFO] [net.minecraft.server.MinecraftServer/]: [Not Secure] <Reinhard_VA> que cosa?
[19May2025 05:36:15.574] [Server thread/INFO] [net.minecraft.server.MinecraftServer/]: [Not Secure] <Gabo399993> una voz
[19May2025 05:36:21.373] [Server thread/INFO] [net.minecraft.server.MinecraftServer/]: Gabo399993 has made the advancement [Stone Age]
[19May2025 05:36:24.729] [Server thread/INFO] [net.minecraft.server.MinecraftServer/]: [Not Secure] <Reinhard_VA> no oyo nada
[19May2025 05:36:26.225] [Server thread/INFO] [boomcow.minezero.checkpoint.CheckpointManager/]: Setting checkpoint...
[19May2025 05:36:26.228] [Server thread/INFO] [boomcow.minezero.checkpoint.CheckpointManager/]: Player XP: 0
[19May2025 05:36:26.230] [Server thread/INFO] [boomcow.minezero.checkpoint.CheckpointManager/]: Player XP: 0
[19May2025 05:36:26.237] [Server thread/INFO] [boomcow.minezero.checkpoint.CheckpointManager/]: Checkpoint set
[19May2025 05:36:43.143] [Server thread/INFO] [net.minecraft.server.MinecraftServer/]: [Not Secure] <Reinhard_VA> hay un mod que se llama lobotomia
[19May2025 05:36:43.575] [Server thread/INFO] [net.minecraft.server.MinecraftServer/]: Reinhard_VA has made the advancement [Stone Age]
[19May2025 05:36:46.822] [Server thread/INFO] [net.minecraft.server.MinecraftServer/]: [Not Secure] <Gabo399993> q es eso into lava
[19May2025 05:37:05.228] [Server thread/INFO] [net.minecraft.server.MinecraftServer/]: [Not Secure] <Reinhard_VA> que?
[19May2025 05:37:13.437] [Server thread/INFO] [net.minecraft.server.MinecraftServer/]: [Not Secure] <Gabo399993> hay un texto
[19May2025 05:37:18.174] [Server thread/INFO] [net.minecraft.server.MinecraftServer/]: [Not Secure] <Gabo399993> q cada q sale da alg
[19May2025 05:37:20.424] [Server thread/INFO] [net.minecraft.server.MinecraftServer/]: [Not Secure] <Gabo399993> lag
